amount,transaction_hour,foreign_transaction,location_mismatch,device_trust_score,velocity_last_24h,cardholder_age,log_amount,hour_sin,hour_cos,is_late_night,high_velocity,low_device_trust,risk_signal_count,merchant_category_Clothing,merchant_category_Electronics,merchant_category_Food,merchant_category_Grocery,merchant_category_Travel
40.96,6,0,1,82,2,51,3.7367167835280966,1.0,6.123233995736766e-17,0,0,0,1,0,0,1,0,0
57.07,6,0,0,42,2,18,4.061649179383958,1.0,6.123233995736766e-17,0,0,0,0,0,1,0,0,0
44.24,0,0,0,26,2,25,3.81198165124792,0.0,1.0,1,0,1,2,0,0,0,1,0
396.8,23,0,0,97,1,34,5.985949366419872,-0.25881904510252157,0.9659258262890681,0,0,0,0,1,0,0,0,0
20.13,0,0,0,91,1,28,3.0506938316279655,0.0,1.0,1,0,0,1,0,0,1,0,0
129.82,4,0,0,82,0,40,4.8738223325330665,0.8660254037844386,0.5000000000000001,1,0,0,1,1,0,0,0,0
152.2,8,0,0,65,2,30,5.0317442573064906,0.8660254037844387,-0.4999999999999998,0,0,0,0,0,0,0,0,1
293.74,22,0,0,35,1,54,5.686093611785117,-0.5000000000000004,0.8660254037844384,0,0,1,1,0,0,0,0,1
86.02,7,0,0,99,2,45,4.466137977292534,0.9659258262890683,-0.25881904510252063,0,0,0,0,0,1,0,0,0
335.42,16,0,0,76,2,39,5.818360379363636,-0.8660254037844385,-0.5000000000000004,0,0,0,0,1,0,0,0,0
51.05,14,0,0,60,3,59,3.952204795060978,-0.4999999999999997,-0.8660254037844388,0,0,0,0,1,0,0,0,0
315.12,17,0,0,78,1,46,5.756121888336774,-0.9659258262890683,-0.25881904510252063,0,0,0,0,0,0,1,0,0
123.44,6,0,0,55,2,65,4.8238236720294365,1.0,6.123233995736766e-17,0,0,0,0,1,0,0,0,0
364.63,23,0,0,82,4,44,5.901621893106292,-0.25881904510252157,0.9659258262890681,0,1,0,1,0,0,0,0,1
10.47,11,0,0,75,3,43,2.4397349311412793,0.258819045102521,-0.9659258262890682,0,0,0,0,0,0,0,0,1
315.34,10,0,0,58,2,25,5.756817584535343,0.49999999999999994,-0.8660254037844387,0,0,0,0,0,1,0,0,0
98.95,11,0,0,80,0,24,4.604670060946409,0.258819045102521,-0.9659258262890682,0,0,0,0,1,0,0,0,0
474.99,10,1,0,49,4,36,6.165396845607379,0.49999999999999994,-0.8660254037844387,0,1,0,2,0,0,0,1,0
143.5,14,0,0,68,3,51,4.973279507552487,-0.4999999999999997,-0.8660254037844388,0,0,0,0,1,0,0,0,0
14.06,12,0,0,57,1,18,2.7120422223717475,1.2246467991473532e-16,-1.0,0,0,0,0,0,1,0,0,0
295.27,19,0,0,97,6,63,5.69127120071913,-0.9659258262890684,0.2588190451025203,0,1,0,1,0,1,0,0,0
465.41,16,0,0,32,1,61,6.145065075629759,-0.8660254037844385,-0.5000000000000004,0,0,1,1,0,0,0,1,0
165.17,7,0,0,88,4,37,5.113011360713122,0.9659258262890683,-0.25881904510252063,0,1,0,1,0,0,1,0,0
0.16,1,0,0,77,2,30,0.1484200051182733,0.25881904510252074,0.9659258262890683,1,0,0,1,0,0,0,1,0
105.27,21,0,0,63,1,36,4.6659830253846035,-0.7071067811865477,0.7071067811865474,0,0,0,0,1,0,0,0,0
234.68,7,0,0,69,2,36,5.46247495271432,0.9659258262890683,-0.25881904510252063,0,0,0,0,0,0,0,1,0
136.79,7,0,0,26,1,66,4.925730787005811,0.9659258262890683,-0.25881904510252063,0,0,1,1,0,1,0,0,0
129.42,3,0,0,93,3,49,4.870760011965056,0.7071067811865476,0.7071067811865476,1,0,0,1,1,0,0,0,0
29.62,4,0,0,57,1,62,3.4216533902295376,0.8660254037844386,0.5000000000000001,1,0,0,1,0,0,0,1,0
21.5,5,0,0,74,3,68,3.1135153092103742,0.9659258262890683,0.25881904510252074,1,0,0,1,0,0,0,1,0
526.0,23,0,0,91,1,27,6.267200548541362,-0.25881904510252157,0.9659258262890681,0,0,0,0,1,0,0,0,0
80.61,6,0,0,41,3,48,4.401951803481151,1.0,6.123233995736766e-17,0,0,0,0,0,1,0,0,0
295.08,18,0,0,89,1,65,5.690629688077901,-1.0,-1.8369701987210297e-16,0,0,0,0,0,0,0,0,1
39.33,18,0,0,54,2,43,3.697095608885277,-1.0,-1.8369701987210297e-16,0,0,0,0,0,0,1,0,0
155.78,16,0,0,46,4,18,5.0548435487605765,-0.8660254037844385,-0.5000000000000004,0,1,0,1,0,0,0,0,1
52.36,14,1,0,63,2,29,3.977061401607368,-0.4999999999999997,-0.8660254037844388,0,0,0,1,1,0,0,0,0
191.05,22,0,1,30,4,60,5.257755754791914,-0.5000000000000004,0.8660254037844384,0,1,1,3,0,0,0,1,0
98.73,9,0,0,40,3,25,4.602466534413777,0.7071067811865476,-0.7071067811865475,0,0,0,0,1,0,0,0,0
7.94,14,0,0,84,2,59,2.190535589185423,-0.4999999999999997,-0.8660254037844388,0,0,0,0,1,0,0,0,0
108.69,21,0,0,69,1,48,4.6976582054232425,-0.7071067811865477,0.7071067811865474,0,0,0,0,0,1,0,0,0
17.12,4,0,0,41,3,48,2.8970163006148333,0.8660254037844386,0.5000000000000001,1,0,0,1,0,0,0,1,0
132.32,9,0,0,63,0,46,4.8927522534395385,0.7071067811865476,-0.7071067811865475,0,0,0,0,0,0,0,0,1
90.4,15,0,0,67,3,21,4.515245478460105,-0.7071067811865471,-0.7071067811865479,0,0,0,0,0,0,1,0,0
29.82,7,0,0,30,5,43,3.42816382989197,0.9659258262890683,-0.25881904510252063,0,1,1,2,0,0,1,0,0
31.53,17,0,0,87,2,52,3.48216274048526,-0.9659258262890683,-0.25881904510252063,0,0,0,0,0,0,1,0,0
32.88,3,0,0,83,5,37,3.522824869783854,0.7071067811865476,0.7071067811865476,1,1,0,2,0,0,0,0,1
171.33,22,0,0,50,1,53,5.1494112432934855,-0.5000000000000004,0.8660254037844384,0,0,0,0,0,0,0,0,1
195.97,11,1,0,81,0,26,5.2830514328776035,0.258819045102521,-0.9659258262890682,0,0,0,1,1,0,0,0,0
228.14,6,1,0,48,2,42,5.43433317046548,1.0,6.123233995736766e-17,0,0,0,1,0,1,0,0,0
93.78,8,0,0,94,0,45,4.551558416539442,0.8660254037844387,-0.4999999999999998,0,0,0,0,0,0,1,0,0
198.43,14,1,0,88,0,50,5.295463297565131,-0.4999999999999997,-0.8660254037844388,0,0,0,1,0,0,0,1,0
138.55,4,0,0,31,2,22,4.938422959982331,0.8660254037844386,0.5000000000000001,1,0,1,2,0,0,0,0,1
207.38,9,0,0,28,1,53,5.339363335984038,0.7071067811865476,-0.7071067811865475,0,0,1,1,0,0,1,0,0
0.94,6,0,0,82,1,18,0.6626879730752367,1.0,6.123233995736766e-17,0,0,0,0,0,0,0,0,1
59.77,12,1,0,92,1,45,4.107096246147264,1.2246467991473532e-16,-1.0,0,0,0,1,0,0,0,0,1
230.47,11,0,0,89,1,41,5.444450275495997,0.258819045102521,-0.9659258262890682,0,0,0,0,0,1,0,0,0
469.14,14,1,0,31,4,58,6.153030522689372,-0.4999999999999997,-0.8660254037844388,0,1,1,3,0,0,0,1,0
10.84,22,0,0,90,2,40,2.4714836294558595,-0.5000000000000004,0.8660254037844384,0,0,0,0,0,0,1,0,0
121.86,9,0,0,31,1,36,4.811045495735781,0.7071067811865476,-0.7071067811865475,0,0,1,1,0,0,0,0,1
393.59,18,0,0,45,2,46,5.977847251148797,-1.0,-1.8369701987210297e-16,0,0,0,0,0,0,1,0,0
115.86,11,1,0,57,2,42,4.760976637126291,0.258819045102521,-0.9659258262890682,0,0,0,1,0,0,1,0,0
61.65,23,0,0,33,0,60,4.137563681342077,-0.25881904510252157,0.9659258262890681,0,0,1,1,1,0,0,0,0
67.88,6,0,0,30,3,50,4.232365860119475,1.0,6.123233995736766e-17,0,0,1,1,0,0,0,0,1
69.09,16,0,0,52,2,40,4.249780130512233,-0.8660254037844385,-0.5000000000000004,0,0,0,0,0,1,0,0,0
510.29,6,0,1,80,3,67,6.236936943905255,1.0,6.123233995736766e-17,0,0,0,1,0,0,0,1,0
123.27,16,0,0,71,4,23,4.822456617817903,-0.8660254037844385,-0.5000000000000004,0,1,0,1,0,0,1,0,0
275.34,20,0,0,84,3,39,5.621631991628523,-0.8660254037844386,0.5000000000000001,0,0,0,0,1,0,0,0,0
18.33,15,0,0,70,2,58,2.9616582932202395,-0.7071067811865471,-0.7071067811865479,0,0,0,0,0,0,0,1,0
21.5,21,0,0,74,2,21,3.1135153092103742,-0.7071067811865477,0.7071067811865474,0,0,0,0,0,0,0,1,0
33.24,2,0,0,89,2,37,3.5333945512735414,0.49999999999999994,0.8660254037844387,1,0,0,1,0,0,0,1,0
70.13,17,1,0,46,3,51,4.264509188745424,-0.9659258262890683,-0.25881904510252063,0,0,0,1,0,1,0,0,0
38.48,21,0,0,36,4,58,3.675794214565281,-0.7071067811865477,0.7071067811865474,0,1,1,2,0,0,1,0,0
570.49,14,0,0,62,4,56,6.348246985269004,-0.4999999999999997,-0.8660254037844388,0,1,0,1,0,1,0,0,0
210.54,10,0,0,68,1,54,5.354414105899907,0.49999999999999994,-0.8660254037844387,0,0,0,0,0,0,1,0,0
104.87,23,0,0,72,1,57,4.662211926355289,-0.25881904510252157,0.9659258262890681,0,0,0,0,1,0,0,0,0
78.51,8,0,0,26,1,18,4.375882799913392,0.8660254037844387,-0.4999999999999998,0,0,1,1,0,1,0,0,0
36.66,13,0,1,28,1,40,3.628598523229006,-0.2588190451025208,-0.9659258262890683,0,0,1,2,0,0,0,0,1
296.52,0,0,0,99,3,18,5.695481449616815,0.0,1.0,1,0,0,1,0,1,0,0,0
130.22,0,0,0,65,0,26,4.876875303916732,0.0,1.0,1,0,0,1,0,0,0,1,0
4.49,4,0,0,54,0,30,1.7029282555214393,0.8660254037844386,0.5000000000000001,1,0,0,1,0,0,1,0,0
3.29,23,0,0,48,2,29,1.4562867329399256,-0.25881904510252157,0.9659258262890681,0,0,0,0,0,1,0,0,0
70.6,22,0,0,46,2,43,4.2710950739666,-0.5000000000000004,0.8660254037844384,0,0,0,0,0,0,1,0,0
59.11,19,0,0,45,1,43,4.09617621705107,-0.9659258262890684,0.2588190451025203,0,0,0,0,0,0,0,1,0
517.88,23,0,0,80,6,30,6.251672642559008,-0.25881904510252157,0.9659258262890681,0,1,0,1,0,0,0,0,1
41.0,2,0,0,85,3,57,3.7376696182833684,0.49999999999999994,0.8660254037844387,1,0,0,1,0,0,1,0,0
8.37,16,0,0,98,2,39,2.2375130962503307,-0.8660254037844385,-0.5000000000000004,0,0,0,0,0,0,0,0,1
95.86,21,0,0,88,2,62,4.573266636975083,-0.7071067811865477,0.7071067811865474,0,0,0,0,0,0,0,0,1
542.04,8,0,0,81,0,25,6.297182982045862,0.8660254037844387,-0.4999999999999998,0,0,0,0,1,0,0,0,0
24.55,21,1,0,91,3,56,3.2406373166497136,-0.7071067811865477,0.7071067811865474,0,0,0,1,1,0,0,0,0
142.31,4,1,0,65,2,41,4.96501011606998,0.8660254037844386,0.5000000000000001,1,0,0,2,1,0,0,0,0
48.81,16,0,0,53,4,46,3.908215767085192,-0.8660254037844385,-0.5000000000000004,0,1,0,1,0,0,0,0,1
340.82,9,0,0,76,2,48,5.834284282720359,0.7071067811865476,-0.7071067811865475,0,0,0,0,0,0,0,0,1
10.36,11,0,0,67,2,54,2.4300984132930052,0.258819045102521,-0.9659258262890682,0,0,0,0,0,0,0,0,1
31.95,16,1,0,42,2,64,3.4949912609485163,-0.8660254037844385,-0.5000000000000004,0,0,0,1,0,1,0,0,0
136.41,11,0,0,40,3,57,4.922969157343683,0.258819045102521,-0.9659258262890682,0,0,0,0,0,1,0,0,0
13.24,22,0,0,64,4,62,2.65605490598383,-0.5000000000000004,0.8660254037844384,0,1,0,1,0,1,0,0,0
28.55,14,0,0,96,2,32,3.386083743852107,-0.4999999999999997,-0.8660254037844388,0,0,0,0,1,0,0,0,0
0.24,13,0,0,30,3,53,0.2151113796169455,-0.2588190451025208,-0.9659258262890683,0,0,1,1,1,0,0,0,0
251.51,22,0,0,56,2,41,5.531450851891594,-0.5000000000000004,0.8660254037844384,0,0,0,0,0,0,0,1,0
20.92,17,0,0,30,2,62,3.087399462079815,-0.9659258262890683,-0.25881904510252063,0,0,1,1,0,0,1,0,0
199.97,21,0,1,79,3,63,5.303155643188286,-0.7071067811865477,0.7071067811865474,0,0,0,1,0,0,1,0,0
172.1,13,0,0,89,2,49,5.153869462182164,-0.2588190451025208,-0.9659258262890683,0,0,0,0,0,1,0,0,0
25.28,1,0,0,92,2,49,3.26880819361641,0.25881904510252074,0.9659258262890683,1,0,0,1,0,1,0,0,0
202.91,1,0,0,46,0,68,5.317678720026657,0.25881904510252074,0.9659258262890683,1,0,0,1,0,1,0,0,0
285.35,11,0,0,29,2,28,5.657214838839867,0.258819045102521,-0.9659258262890682,0,0,1,1,0,0,1,0,0
357.37,13,1,0,68,4,49,5.881565972240144,-0.2588190451025208,-0.9659258262890683,0,1,0,2,1,0,0,0,0
136.83,13,0,0,30,3,20,4.926021041706347,-0.2588190451025208,-0.9659258262890683,0,0,1,1,0,1,0,0,0
18.44,8,0,0,80,4,53,2.967332799032293,0.8660254037844387,-0.4999999999999998,0,1,0,1,1,0,0,0,0
205.23,2,0,0,40,4,64,5.328992050815955,0.49999999999999994,0.8660254037844387,1,1,0,2,0,0,1,0,0
428.43,0,0,1,66,1,25,6.062458747932046,0.0,1.0,1,0,0,2,0,0,0,0,1
723.9,8,0,0,93,2,42,6.586033714306832,0.8660254037844387,-0.4999999999999998,0,0,0,0,0,0,1,0,0
32.9,17,0,0,57,2,46,3.5234150143864045,-0.9659258262890683,-0.25881904510252063,0,0,0,0,0,1,0,0,0
504.92,19,0,0,56,1,59,6.226378554021108,-0.9659258262890684,0.2588190451025203,0,0,0,0,0,1,0,0,0
529.59,4,0,0,53,1,24,6.273989594937273,0.8660254037844386,0.5000000000000001,1,0,0,1,1,0,0,0,0
306.46,6,0,0,46,1,31,5.728344997484453,1.0,6.123233995736766e-17,0,0,0,0,0,0,0,1,0
121.07,5,0,0,37,1,68,4.804594650681708,0.9659258262890683,0.25881904510252074,1,0,1,2,0,0,0,1,0
19.33,10,0,0,59,2,68,3.012097627640255,0.49999999999999994,-0.8660254037844387,0,0,0,0,1,0,0,0,0
29.36,19,0,0,26,3,44,3.4131259525274293,-0.9659258262890684,0.2588190451025203,0,0,1,1,1,0,0,0,0
231.35,23,0,0,62,2,67,5.448244855530987,-0.25881904510252157,0.9659258262890681,0,0,0,0,0,1,0,0,0
607.77,21,0,0,86,1,67,6.411440528066557,-0.7071067811865477,0.7071067811865474,0,0,0,0,0,0,0,0,1
185.55,12,0,0,51,0,27,5.228699299667167,1.2246467991473532e-16,-1.0,0,0,0,0,0,1,0,0,0
36.88,19,0,0,44,1,46,3.6344232683178777,-0.9659258262890684,0.2588190451025203,0,0,0,0,0,1,0,0,0
218.3,0,0,0,66,1,47,5.390440655423842,0.0,1.0,1,0,0,1,0,1,0,0,0
156.49,18,0,0,36,3,68,5.05936196418649,-1.0,-1.8369701987210297e-16,0,0,1,1,0,0,0,0,1
858.88,13,0,0,82,3,49,6.756792844627935,-0.2588190451025208,-0.9659258262890683,0,0,0,0,0,0,1,0,0
105.93,2,0,0,73,2,56,4.672174414768565,0.49999999999999994,0.8660254037844387,1,0,0,1,0,0,1,0,0
209.89,11,0,0,25,1,53,5.351336670523673,0.258819045102521,-0.9659258262890682,0,0,1,1,0,0,1,0,0
360.84,15,0,0,42,2,29,5.891202125169587,-0.7071067811865471,-0.7071067811865479,0,0,0,0,0,0,1,0,0
118.03,4,0,0,96,2,57,4.779375562179788,0.8660254037844386,0.5000000000000001,1,0,0,1,0,0,1,0,0
29.55,14,1,0,81,2,40,3.4193646856176043,-0.4999999999999997,-0.8660254037844388,0,0,0,1,0,1,0,0,0
324.59,19,0,0,39,4,44,5.785638921126033,-0.9659258262890684,0.2588190451025203,0,1,1,2,1,0,0,0,0
84.47,6,1,0,48,1,46,4.448165437177926,1.0,6.123233995736766e-17,0,0,0,1,0,0,0,1,0
95.21,13,0,0,82,3,39,4.566533302373173,-0.2588190451025208,-0.9659258262890683,0,0,0,0,0,0,1,0,0
156.76,10,1,0,92,1,31,5.061074890854325,0.49999999999999994,-0.8660254037844387,0,0,0,1,0,0,0,1,0
321.5,4,0,0,85,1,44,5.776103136235827,0.8660254037844386,0.5000000000000001,1,0,0,1,0,0,0,1,0
24.05,13,0,0,31,1,23,3.2208738275308737,-0.2588190451025208,-0.9659258262890683,0,0,1,1,1,0,0,0,0
111.58,8,0,0,60,3,26,4.7236640800358805,0.8660254037844387,-0.4999999999999998,0,0,0,0,0,0,0,0,1
285.09,6,0,0,35,3,58,5.656306446631499,1.0,6.123233995736766e-17,0,0,1,1,0,0,0,0,1
39.42,6,1,0,68,2,42,3.699324711975475,1.0,6.123233995736766e-17,0,0,0,1,0,1,0,0,0
105.31,11,1,0,37,2,19,4.666359354300514,0.258819045102521,-0.9659258262890682,0,0,1,2,0,0,0,1,0
237.21,13,0,0,53,1,67,5.473152637568128,-0.2588190451025208,-0.9659258262890683,0,0,0,0,0,0,0,0,1
41.22,10,0,0,91,3,69,3.7428940424201746,0.49999999999999994,-0.8660254037844387,0,0,0,0,0,1,0,0,0
3.25,18,0,0,70,2,67,1.4469189829363254,-1.0,-1.8369701987210297e-16,0,0,0,0,0,0,1,0,0
100.08,10,0,0,92,2,19,4.615912282519994,0.49999999999999994,-0.8660254037844387,0,0,0,0,1,0,0,0,0
434.98,19,1,0,61,3,29,6.077596370737269,-0.9659258262890684,0.2588190451025203,0,0,0,1,0,0,1,0,0
643.94,1,0,0,74,1,64,6.469157289213027,0.25881904510252074,0.9659258262890683,1,0,0,1,0,0,0,1,0
103.4,13,0,0,98,1,69,4.648229675448539,-0.2588190451025208,-0.9659258262890683,0,0,0,0,0,0,1,0,0
99.75,21,0,0,27,0,30,4.612642200826793,-0.7071067811865477,0.7071067811865474,0,0,1,1,0,0,0,0,1
92.4,5,0,0,99,3,59,4.536891345234797,0.9659258262890683,0.25881904510252074,1,0,0,1,0,1,0,0,0
362.59,11,0,0,37,1,30,5.8960268591748415,0.258819045102521,-0.9659258262890682,0,0,1,1,0,0,0,1,0
135.73,18,0,0,25,3,42,4.91800817832099,-1.0,-1.8369701987210297e-16,0,0,1,1,0,0,0,1,0
227.6,12,0,0,31,0,34,5.43197375136071,1.2246467991473532e-16,-1.0,0,0,1,1,0,1,0,0,0
61.32,14,0,0,81,0,21,4.132282401562493,-0.4999999999999997,-0.8660254037844388,0,0,0,0,0,1,0,0,0
195.53,1,0,0,39,3,46,5.2808150914118945,0.25881904510252074,0.9659258262890683,1,0,1,2,0,0,0,1,0
275.4,5,0,0,26,2,37,5.621849091893515,0.9659258262890683,0.25881904510252074,1,0,1,2,0,0,1,0,0
1227.01,9,0,0,52,3,29,7.113150251996407,0.7071067811865476,-0.7071067811865475,0,0,0,0,1,0,0,0,0
32.54,9,0,0,72,3,46,3.5127387563950627,0.7071067811865476,-0.7071067811865475,0,0,0,0,0,1,0,0,0
35.36,11,0,0,95,4,65,3.5934692693092782,0.258819045102521,-0.9659258262890682,0,1,0,1,0,0,0,1,0
42.55,0,0,0,27,5,41,3.7739097032985116,0.0,1.0,1,1,1,3,0,0,1,0,0
188.05,9,0,1,64,2,50,5.242011530336942,0.7071067811865476,-0.7071067811865475,0,0,0,1,0,0,1,0,0
372.71,13,0,0,26,1,20,5.923480095566111,-0.2588190451025208,-0.9659258262890683,0,0,1,1,1,0,0,0,0
57.0,5,0,0,75,3,57,4.060443010546419,0.9659258262890683,0.25881904510252074,1,0,0,1,1,0,0,0,0
48.13,12,0,0,97,2,31,3.894469846180557,1.2246467991473532e-16,-1.0,0,0,0,0,1,0,0,0,0
56.89,7,0,0,38,4,53,4.058544658090914,0.9659258262890683,-0.25881904510252063,0,1,1,2,1,0,0,0,0
80.12,22,0,0,34,1,43,4.395929539842873,-0.5000000000000004,0.8660254037844384,0,0,1,1,0,0,0,0,1
7.15,23,0,0,59,1,47,2.0980179272527715,-0.25881904510252157,0.9659258262890681,0,0,0,0,0,1,0,0,0
59.13,23,0,0,64,3,38,4.0965088850514775,-0.25881904510252157,0.9659258262890681,0,0,0,0,0,0,0,0,1
201.44,20,1,0,37,4,22,5.310443546345877,-0.8660254037844386,0.5000000000000001,0,1,1,3,0,0,0,1,0
39.17,20,0,0,56,2,44,3.693120448371191,-0.8660254037844386,0.5000000000000001,0,0,0,0,0,0,0,0,1
146.83,2,0,1,94,4,48,4.996062964912999,0.49999999999999994,0.8660254037844387,1,1,0,3,0,0,1,0,0
120.8,20,0,0,45,2,29,4.802380355275797,-0.8660254037844386,0.5000000000000001,0,0,0,0,1,0,0,0,0
132.96,17,0,1,73,4,42,4.897541247926004,-0.9659258262890683,-0.25881904510252063,0,1,0,2,1,0,0,0,0
437.04,4,0,1,64,2,68,6.0823102304075585,0.8660254037844386,0.5000000000000001,1,0,0,2,0,1,0,0,0
363.18,2,0,0,90,1,41,5.897648250903697,0.49999999999999994,0.8660254037844387,1,0,0,1,0,0,0,0,1
175.66,2,0,1,49,2,46,5.174226981316986,0.49999999999999994,0.8660254037844387,1,0,0,2,0,0,0,0,1
27.6,20,0,0,53,2,56,3.353406717825807,-0.8660254037844386,0.5000000000000001,0,0,0,0,0,0,0,1,0
113.51,1,0,0,51,1,28,4.740662155425248,0.25881904510252074,0.9659258262890683,1,0,0,1,1,0,0,0,0
14.46,8,0,0,68,0,22,2.738256043159276,0.8660254037844387,-0.4999999999999998,0,0,0,0,0,0,1,0,0
53.07,20,0,1,49,3,58,3.9902795033939134,-0.8660254037844386,0.5000000000000001,0,0,0,1,1,0,0,0,0
66.74,7,0,1,67,5,40,4.215676847389625,0.9659258262890683,-0.25881904510252063,0,1,0,2,0,0,1,0,0
28.68,0,0,0,55,0,68,3.39047341829918,0.0,1.0,1,0,0,1,0,0,0,0,1
232.68,18,1,0,29,1,58,5.453952658079485,-1.0,-1.8369701987210297e-16,0,0,1,2,0,0,0,0,1
57.26,11,0,0,88,2,22,4.064915751531289,0.258819045102521,-0.9659258262890682,0,0,0,0,0,0,0,0,1
120.37,8,0,0,45,2,23,4.798843731118271,0.8660254037844387,-0.4999999999999998,0,0,0,0,1,0,0,0,0
39.48,12,0,0,81,3,56,3.70080802497921,1.2246467991473532e-16,-1.0,0,0,0,0,0,0,1,0,0
187.16,3,0,1,70,4,65,5.237292664710262,0.7071067811865476,0.7071067811865476,1,1,0,3,0,0,0,1,0
102.58,10,0,1,37,4,54,4.640344260995746,0.49999999999999994,-0.8660254037844387,0,1,1,3,0,1,0,0,0
275.43,11,0,0,85,3,21,5.621957624353872,0.258819045102521,-0.9659258262890682,0,0,0,0,0,0,1,0,0
66.6,16,0,0,32,4,55,4.213607983048918,-0.8660254037844385,-0.5000000000000004,0,1,1,2,1,0,0,0,0
9.61,4,0,0,94,2,46,2.3617969526258915,0.8660254037844386,0.5000000000000001,1,0,0,1,0,0,0,1,0
131.77,5,0,0,92,2,23,4.8886183079078105,0.9659258262890683,0.25881904510252074,1,0,0,1,0,1,0,0,0
41.14,17,0,0,65,0,35,3.740997408376043,-0.9659258262890683,-0.25881904510252063,0,0,0,0,0,0,0,0,1
87.04,13,0,1,74,3,22,4.477791256658261,-0.2588190451025208,-0.9659258262890683,0,0,0,1,0,0,0,0,1
275.65,12,0,1,84,0,38,5.622753169344119,1.2246467991473532e-16,-1.0,0,0,0,1,1,0,0,0,0
305.49,21,0,0,75,2,32,5.725185128416607,-0.7071067811865477,0.7071067811865474,0,0,0,0,0,1,0,0,0
22.35,10,0,0,67,1,23,3.150596984114906,0.49999999999999994,-0.8660254037844387,0,0,0,0,0,0,0,0,1
120.92,7,0,0,94,2,23,4.803365091938336,0.9659258262890683,-0.25881904510252063,0,0,0,0,0,0,1,0,0
334.02,14,0,0,92,3,68,5.814190231535541,-0.4999999999999997,-0.8660254037844388,0,0,0,0,0,0,0,0,1
121.91,19,0,0,35,0,39,4.811452380226889,-0.9659258262890684,0.2588190451025203,0,0,1,1,0,0,1,0,0
410.04,5,0,0,70,3,25,6.018690533361574,0.9659258262890683,0.25881904510252074,1,0,0,1,1,0,0,0,0
131.23,13,0,0,69,1,62,4.884542830568732,-0.2588190451025208,-0.9659258262890683,0,0,0,0,0,1,0,0,0
299.18,14,0,0,60,3,43,5.704382294728169,-0.4999999999999997,-0.8660254037844388,0,0,0,0,1,0,0,0,0
303.13,3,0,0,61,1,20,5.717455241576844,0.7071067811865476,0.7071067811865476,1,0,0,1,0,1,0,0,0
78.24,4,0,0,81,1,33,4.37248122183035,0.8660254037844386,0.5000000000000001,1,0,0,1,0,0,1,0,0
36.12,8,1,1,51,1,20,3.6141559079179997,0.8660254037844387,-0.4999999999999998,0,0,0,2,0,1,0,0,0
184.4,6,0,0,26,2,35,5.2225156531317545,1.0,6.123233995736766e-17,0,0,1,1,0,1,0,0,0
214.77,11,0,0,73,1,18,5.374213025551294,0.258819045102521,-0.9659258262890682,0,0,0,0,0,1,0,0,0
247.2,8,0,0,89,3,34,5.514234872770507,0.8660254037844387,-0.4999999999999998,0,0,0,0,1,0,0,0,0
73.66,7,0,0,74,3,38,4.3129444734864375,0.9659258262890683,-0.25881904510252063,0,0,0,0,1,0,0,0,0
39.37,9,0,0,57,0,31,3.6980869348648495,0.7071067811865476,-0.7071067811865475,0,0,0,0,0,0,0,1,0
151.7,20,0,0,99,5,68,5.028475212224587,-0.8660254037844386,0.5000000000000001,0,1,0,1,0,0,0,0,1
16.54,7,1,1,48,1,43,2.864483986944037,0.9659258262890683,-0.25881904510252063,0,0,0,2,0,0,0,1,0
425.31,13,1,0,26,3,41,6.055166781154964,-0.2588190451025208,-0.9659258262890683,0,0,1,2,1,0,0,0,0
104.21,6,0,1,43,2,34,4.655958352820196,1.0,6.123233995736766e-17,0,0,0,1,0,0,0,0,1
55.48,3,1,1,40,2,55,4.033886593184986,0.7071067811865476,0.7071067811865476,1,0,0,3,0,0,0,0,1
99.89,22,0,0,56,1,49,4.614030814420288,-0.5000000000000004,0.8660254037844384,0,0,0,0,0,1,0,0,0
41.74,16,0,0,95,3,47,3.755135249891002,-0.8660254037844385,-0.5000000000000004,0,0,0,0,0,0,1,0,0
137.95,14,0,0,83,2,31,4.934114156188513,-0.4999999999999997,-0.8660254037844388,0,0,0,0,1,0,0,0,0
44.43,7,0,0,25,1,67,3.816172679771312,0.9659258262890683,-0.25881904510252063,0,0,1,1,0,0,0,1,0
147.05,15,1,0,30,2,27,4.997550054547601,-0.7071067811865471,-0.7071067811865479,0,0,1,2,1,0,0,0,0
82.18,4,0,1,61,2,18,4.421006934314765,0.8660254037844386,0.5000000000000001,1,0,0,2,0,0,0,1,0
346.77,8,0,1,59,2,26,5.851541341730644,0.8660254037844387,-0.4999999999999998,0,0,0,1,0,0,1,0,0
195.71,15,0,0,53,0,53,5.281730562943638,-0.7071067811865471,-0.7071067811865479,0,0,0,0,0,1,0,0,0
25.86,6,0,0,41,4,61,3.2906381910950917,1.0,6.123233995736766e-17,0,1,0,1,0,0,0,1,0
220.49,19,0,1,91,2,56,5.400377441739184,-0.9659258262890684,0.2588190451025203,0,0,0,1,0,1,0,0,0
137.18,0,0,1,29,2,52,4.928557183060649,0.0,1.0,1,0,1,3,0,0,1,0,0
225.52,11,0,0,25,2,31,5.422833241245605,0.258819045102521,-0.9659258262890682,0,0,1,1,0,0,0,0,1
35.1,10,0,0,49,3,48,3.586292865338835,0.49999999999999994,-0.8660254037844387,0,0,0,0,0,0,1,0,0
17.27,1,0,0,50,5,56,2.9052603703899154,0.25881904510252074,0.9659258262890683,1,1,0,2,1,0,0,0,0
624.57,8,0,0,93,1,20,6.438663234117079,0.8660254037844387,-0.4999999999999998,0,0,0,0,1,0,0,0,0
17.23,10,0,0,99,1,48,2.9030685886905716,0.49999999999999994,-0.8660254037844387,0,0,0,0,0,0,0,0,1
541.05,15,0,1,69,2,66,6.2953582481073,-0.7071067811865471,-0.7071067811865479,0,0,0,1,0,1,0,0,0
52.66,9,0,0,93,2,67,3.982667844997478,0.7071067811865476,-0.7071067811865475,0,0,0,0,0,0,1,0,0
251.27,20,0,1,99,3,47,5.530499942512916,-0.8660254037844386,0.5000000000000001,0,0,0,1,0,1,0,0,0
22.22,3,0,0,28,4,45,3.1450139762697455,0.7071067811865476,0.7071067811865476,1,1,1,3,0,0,0,1,0
624.21,21,0,1,26,1,41,6.438087593301042,-0.7071067811865477,0.7071067811865474,0,0,1,2,0,0,0,1,0
155.95,2,0,0,94,2,42,5.0559272832879625,0.49999999999999994,0.8660254037844387,1,0,0,1,0,1,0,0,0
183.38,6,0,0,28,1,65,5.216998845370449,1.0,6.123233995736766e-17,0,0,1,1,1,0,0,0,0
149.31,5,0,0,28,4,51,5.012699828145135,0.9659258262890683,0.25881904510252074,1,1,1,3,1,0,0,0,0
369.4,15,0,0,93,3,32,5.914583502772024,-0.7071067811865471,-0.7071067811865479,0,0,0,0,0,0,1,0,0
556.87,0,0,0,81,1,49,6.324125960328047,0.0,1.0,1,0,0,1,0,1,0,0,0
1.17,19,0,0,47,2,60,0.7747271675523681,-0.9659258262890684,0.2588190451025203,0,0,0,0,0,0,0,0,1
32.18,17,0,0,54,5,48,3.5019472847622986,-0.9659258262890683,-0.25881904510252063,0,1,0,1,0,0,0,1,0
499.01,9,0,0,49,2,41,6.214628098222194,0.7071067811865476,-0.7071067811865475,0,0,0,0,0,0,1,0,0
266.23,4,0,0,69,1,26,5.588109710809176,0.8660254037844386,0.5000000000000001,1,0,0,1,1,0,0,0,0
132.66,23,0,0,96,1,33,4.895299262082924,-0.25881904510252157,0.9659258262890681,0,0,0,0,1,0,0,0,0
42.49,5,0,0,31,1,33,3.772531026609547,0.9659258262890683,0.25881904510252074,1,0,1,2,0,1,0,0,0
26.42,10,0,0,68,3,31,3.3112726741341683,0.49999999999999994,-0.8660254037844387,0,0,0,0,0,0,1,0,0
251.27,8,0,0,40,1,34,5.530499942512916,0.8660254037844387,-0.4999999999999998,0,0,0,0,1,0,0,0,0
103.6,15,0,0,54,2,54,4.650143551630823,-0.7071067811865471,-0.7071067811865479,0,0,0,0,0,0,0,0,1
380.46,6,0,0,82,1,45,5.944005995948281,1.0,6.123233995736766e-17,0,0,0,0,0,0,0,0,1
45.1,20,0,0,86,3,40,3.8308129500026027,-0.8660254037844386,0.5000000000000001,0,0,0,0,1,0,0,0,0
143.39,11,0,0,83,4,54,4.972517971983128,0.258819045102521,-0.9659258262890682,0,1,0,1,0,0,1,0,0
701.79,2,1,1,94,1,20,6.5550581274126225,0.49999999999999994,0.8660254037844387,1,0,0,3,0,0,0,0,1
49.75,11,0,0,79,2,34,3.926911617921897,0.258819045102521,-0.9659258262890682,0,0,0,0,0,0,0,0,1
220.39,23,0,0,50,2,41,5.399925852136134,-0.25881904510252157,0.9659258262890681,0,0,0,0,0,0,1,0,0
44.9,9,0,0,67,1,44,3.8264651170664994,0.7071067811865476,-0.7071067811865475,0,0,0,0,0,1,0,0,0
341.43,14,1,0,71,4,18,5.836067257251887,-0.4999999999999997,-0.8660254037844388,0,1,0,2,0,1,0,0,0
35.54,5,1,0,66,2,25,3.5984075509498608,0.9659258262890683,0.25881904510252074,1,0,0,2,1,0,0,0,0
21.43,10,0,0,98,3,44,3.110399348532117,0.49999999999999994,-0.8660254037844387,0,0,0,0,1,0,0,0,0
239.5,20,0,0,92,0,62,5.482720089545816,-0.8660254037844386,0.5000000000000001,0,0,0,0,1,0,0,0,0
48.23,21,0,0,96,0,29,3.8965031937701093,-0.7071067811865477,0.7071067811865474,0,0,0,0,0,1,0,0,0
791.2,6,0,1,48,4,25,6.674813885187817,1.0,6.123233995736766e-17,0,1,0,2,0,0,0,0,1
33.35,15,0,0,88,2,50,3.536602018668358,-0.7071067811865471,-0.7071067811865479,0,0,0,0,0,0,0,0,1
241.0,5,0,0,64,1,51,5.488937726156687,0.9659258262890683,0.25881904510252074,1,0,0,1,0,0,0,1,0
85.24,17,0,0,72,2,55,4.457134107160687,-0.9659258262890683,-0.25881904510252063,0,0,0,0,0,0,0,1,0
76.81,2,0,0,32,2,27,4.354269957628839,0.49999999999999994,0.8660254037844387,1,0,1,2,0,1,0,0,0
42.61,17,0,0,38,3,19,3.775286481854675,-0.9659258262890683,-0.25881904510252063,0,0,1,1,0,1,0,0,0
269.79,17,0,1,52,1,33,5.601343612734418,-0.9659258262890683,-0.25881904510252063,0,0,0,1,0,0,0,0,1
194.35,8,0,0,42,2,57,5.274792821501079,0.8660254037844387,-0.4999999999999998,0,0,0,0,1,0,0,0,0
132.47,21,0,0,88,2,19,4.89387673348606,-0.7071067811865477,0.7071067811865474,0,0,0,0,0,0,0,0,1
325.55,22,0,0,57,2,23,5.788583076348666,-0.5000000000000004,0.8660254037844384,0,0,0,0,0,0,0,1,0
95.78,21,0,0,52,1,49,4.572440361365173,-0.7071067811865477,0.7071067811865474,0,0,0,0,0,0,1,0,0
31.01,21,0,0,92,4,41,3.4660483539817717,-0.7071067811865477,0.7071067811865474,0,1,0,1,0,1,0,0,0
463.23,1,0,0,63,1,52,6.140380119067894,0.25881904510252074,0.9659258262890683,1,0,0,1,0,0,0,0,1
289.62,15,0,1,46,1,44,5.6720165718925495,-0.7071067811865471,-0.7071067811865479,0,0,0,1,0,0,0,0,1
0.01,3,0,0,78,1,34,0.009950330853168083,0.7071067811865476,0.7071067811865476,1,0,0,1,1,0,0,0,0
339.34,10,0,0,70,3,30,5.82994511794329,0.49999999999999994,-0.8660254037844387,0,0,0,0,0,0,0,0,1
73.18,13,0,0,56,2,47,4.306494572061445,-0.2588190451025208,-0.9659258262890683,0,0,0,0,0,1,0,0,0
175.95,17,0,0,52,4,27,5.175867206791472,-0.9659258262890683,-0.25881904510252063,0,1,0,1,0,0,1,0,0
642.2,6,0,0,78,1,52,6.466455717864757,1.0,6.123233995736766e-17,0,0,0,0,0,1,0,0,0
50.97,15,0,0,89,0,63,3.9506666290203505,-0.7071067811865471,-0.7071067811865479,0,0,0,0,0,0,1,0,0
13.17,4,0,0,61,2,29,2.6511270537025893,0.8660254037844386,0.5000000000000001,1,0,0,1,0,0,0,1,0
305.66,17,0,0,68,3,23,5.725739642008243,-0.9659258262890683,-0.25881904510252063,0,0,0,0,0,0,0,1,0
305.35,11,0,0,58,3,50,5.724728239171664,0.258819045102521,-0.9659258262890682,0,0,0,0,0,1,0,0,0
244.94,2,0,0,27,1,32,5.505087603744301,0.49999999999999994,0.8660254037844387,1,0,1,2,0,0,0,0,1
303.22,6,0,0,73,1,69,5.717751123883597,1.0,6.123233995736766e-17,0,0,0,0,0,0,0,0,1
35.42,12,0,0,98,1,54,3.595118074299462,1.2246467991473532e-16,-1.0,0,0,0,0,0,1,0,0,0
5.75,1,0,0,91,1,50,1.9095425048844386,0.25881904510252074,0.9659258262890683,1,0,0,1,0,0,0,0,1
91.11,10,0,0,64,1,64,4.522983515000144,0.49999999999999994,-0.8660254037844387,0,0,0,0,0,0,0,0,1
361.87,12,0,0,62,2,37,5.894044643400399,1.2246467991473532e-16,-1.0,0,0,0,0,1,0,0,0,0
42.88,2,1,0,45,3,58,3.7814586354070294,0.49999999999999994,0.8660254037844387,1,0,0,2,0,1,0,0,0
37.71,20,0,0,43,0,18,3.6560979645895566,-0.8660254037844386,0.5000000000000001,0,0,0,0,0,1,0,0,0
20.1,15,0,0,79,0,69,3.0492730404820207,-0.7071067811865471,-0.7071067811865479,0,0,0,0,0,0,0,1,0
868.26,8,0,0,99,3,69,6.76764227499206,0.8660254037844387,-0.4999999999999998,0,0,0,0,0,1,0,0,0
24.09,7,0,0,52,3,57,3.222469360378331,0.9659258262890683,-0.25881904510252063,0,0,0,0,0,1,0,0,0
33.7,20,0,0,28,1,43,3.5467396869528134,-0.8660254037844386,0.5000000000000001,0,0,1,1,1,0,0,0,0
19.34,0,0,0,26,2,40,3.012589390620414,0.0,1.0,1,0,1,2,0,0,0,0,1
43.11,5,0,0,30,2,21,3.786686514116848,0.9659258262890683,0.25881904510252074,1,0,1,2,0,1,0,0,0
181.49,20,0,0,41,4,20,5.206695377000724,-0.8660254037844386,0.5000000000000001,0,1,0,1,1,0,0,0,0
88.6,19,0,0,34,1,25,4.4953553199808844,-0.9659258262890684,0.2588190451025203,0,0,1,1,0,1,0,0,0
16.82,19,0,0,32,1,53,2.8803214220426634,-0.9659258262890684,0.2588190451025203,0,0,1,1,0,0,0,0,1
164.65,18,0,0,33,2,58,5.109877128745905,-1.0,-1.8369701987210297e-16,0,0,1,1,0,1,0,0,0
56.79,2,0,0,42,0,30,4.056815750329687,0.49999999999999994,0.8660254037844387,1,0,0,1,1,0,0,0,0
1.04,17,0,0,53,2,38,0.712949807856125,-0.9659258262890683,-0.25881904510252063,0,0,0,0,0,0,0,1,0
15.67,0,0,0,93,5,39,2.813610696762703,0.0,1.0,1,1,0,2,0,0,0,1,0
129.17,8,0,0,51,1,23,4.868841288478369,0.8660254037844387,-0.4999999999999998,0,0,0,0,0,0,1,0,0
14.4,9,0,0,58,2,22,2.7343675094195836,0.7071067811865476,-0.7071067811865475,0,0,0,0,0,1,0,0,0
9.35,21,0,0,54,5,24,2.336986519711378,-0.7071067811865477,0.7071067811865474,0,1,0,1,0,1,0,0,0
257.47,14,0,0,69,2,64,5.554779633055071,-0.4999999999999997,-0.8660254037844388,0,0,0,0,0,0,0,1,0
176.02,5,0,0,60,2,37,5.1762627205407306,0.9659258262890683,0.25881904510252074,1,0,0,1,0,0,0,0,1
253.27,15,0,1,99,1,56,5.538396694568449,-0.7071067811865471,-0.7071067811865479,0,0,0,1,0,0,0,1,0
100.97,0,1,0,43,0,49,4.624678652376135,0.0,1.0,1,0,0,2,0,0,0,0,1
1.99,17,0,0,81,0,23,1.095273387402595,-0.9659258262890683,-0.25881904510252063,0,0,0,0,0,1,0,0,0
215.2,16,0,0,73,3,40,5.376203905205108,-0.8660254037844385,-0.5000000000000004,0,0,0,0,1,0,0,0,0
0.91,14,0,0,84,3,52,0.6471032420585384,-0.4999999999999997,-0.8660254037844388,0,0,0,0,0,0,0,1,0
495.26,9,0,0,59,2,23,6.2070999829318705,0.7071067811865476,-0.7071067811865475,0,0,0,0,0,0,0,0,1
295.83,7,0,0,46,2,26,5.693159584352287,0.9659258262890683,-0.25881904510252063,0,0,0,0,0,0,0,1,0
185.62,16,0,1,63,1,65,5.229074463805876,-0.8660254037844385,-0.5000000000000004,0,0,0,1,0,0,0,1,0
23.64,11,0,0,97,1,57,3.204371138665319,0.258819045102521,-0.9659258262890682,0,0,0,0,0,0,1,0,0
69.56,4,0,0,92,2,44,4.256463411698536,0.8660254037844386,0.5000000000000001,1,0,0,1,0,0,0,0,1
6.19,9,0,0,91,1,27,1.9726911717329554,0.7071067811865476,-0.7071067811865475,0,0,0,0,0,0,0,0,1
260.19,11,0,0,36,4,31,5.565248111830189,0.258819045102521,-0.9659258262890682,0,1,1,2,1,0,0,0,0
176.95,10,1,0,85,2,53,5.181502611956201,0.49999999999999994,-0.8660254037844387,0,0,0,1,0,0,0,0,1
10.1,10,0,0,47,1,23,2.4069451083182885,0.49999999999999994,-0.8660254037844387,0,0,0,0,0,1,0,0,0
96.0,15,1,0,34,2,21,4.574710978503383,-0.7071067811865471,-0.7071067811865479,0,0,1,2,0,0,1,0,0
37.24,19,0,0,43,2,28,3.643882088183201,-0.9659258262890684,0.2588190451025203,0,0,0,0,1,0,0,0,0
159.43,6,0,0,35,6,29,5.077857710362984,1.0,6.123233995736766e-17,0,1,1,2,0,0,0,1,0
69.59,3,0,0,36,1,50,4.256888491407381,0.7071067811865476,0.7071067811865476,1,0,1,2,0,1,0,0,0
101.97,20,0,0,55,3,18,4.63443768366866,-0.8660254037844386,0.5000000000000001,0,0,0,0,1,0,0,0,0
140.47,3,0,0,87,5,22,4.952087680470843,0.7071067811865476,0.7071067811865476,1,1,0,2,0,0,0,0,1
127.53,17,0,0,37,4,57,4.85616234012204,-0.9659258262890683,-0.25881904510252063,0,1,1,2,0,0,1,0,0
141.67,17,0,0,38,2,63,4.960534271126723,-0.9659258262890683,-0.25881904510252063,0,0,1,1,0,1,0,0,0
78.49,0,0,0,74,6,32,4.375631227585021,0.0,1.0,1,1,0,2,0,0,1,0,0
155.86,10,0,0,96,1,60,5.05535368778452,0.49999999999999994,-0.8660254037844387,0,0,0,0,0,0,1,0,0
91.14,3,0,0,64,2,66,4.523309159507771,0.7071067811865476,0.7071067811865476,1,0,0,1,1,0,0,0,0
182.6,14,0,0,31,3,34,5.21275947818639,-0.4999999999999997,-0.8660254037844388,0,0,1,1,0,0,1,0,0
41.27,16,0,0,30,2,52,3.7440776145786985,-0.8660254037844385,-0.5000000000000004,0,0,1,1,0,1,0,0,0
872.17,3,1,0,69,1,18,6.772130267695306,0.7071067811865476,0.7071067811865476,1,0,0,2,0,0,0,0,1
82.68,3,0,0,70,0,63,4.427000000316613,0.7071067811865476,0.7071067811865476,1,0,0,1,0,0,1,0,0
226.03,0,0,0,48,1,60,5.425082167339534,0.0,1.0,1,0,0,1,0,1,0,0,0
44.44,6,0,0,44,5,45,3.816392774412896,1.0,6.123233995736766e-17,0,1,0,1,0,0,1,0,0
85.16,18,0,0,60,2,60,4.456206032848133,-1.0,-1.8369701987210297e-16,0,0,0,0,0,0,1,0,0
77.23,6,0,0,73,2,39,4.359653205696989,1.0,6.123233995736766e-17,0,0,0,0,0,1,0,0,0
101.32,8,0,0,46,0,33,4.628105157270587,0.8660254037844387,-0.4999999999999998,0,0,0,0,1,0,0,0,0
158.59,0,0,0,73,4,24,5.072608026411095,0.0,1.0,1,1,0,2,1,0,0,0,0
220.64,7,0,0,39,2,53,5.401054443999149,0.9659258262890683,-0.25881904510252063,0,0,1,1,0,1,0,0,0
157.46,14,0,0,47,3,20,5.065502195537096,-0.4999999999999997,-0.8660254037844388,0,0,0,0,0,0,1,0,0
324.27,8,0,0,55,5,49,5.784655606662756,0.8660254037844387,-0.4999999999999998,0,1,0,1,0,1,0,0,0
562.16,23,0,0,98,2,59,6.333563779594327,-0.25881904510252157,0.9659258262890681,0,0,0,0,0,0,0,0,1
275.18,2,0,0,59,3,59,5.621052827057205,0.49999999999999994,0.8660254037844387,1,0,0,1,0,0,0,1,0
25.69,7,0,0,57,4,22,3.284288963416433,0.9659258262890683,-0.25881904510252063,0,1,0,1,0,1,0,0,0
33.13,17,0,0,81,1,56,3.530176762918616,-0.9659258262890683,-0.25881904510252063,0,0,0,0,0,0,0,1,0
58.35,0,0,1,29,4,49,4.083452121055677,0.0,1.0,1,1,1,4,0,0,0,0,1
35.16,19,0,0,31,3,65,3.5879535355239756,-0.9659258262890684,0.2588190451025203,0,0,1,1,0,0,1,0,0
71.92,22,0,0,26,3,21,4.289362949810462,-0.5000000000000004,0.8660254037844384,0,0,1,1,0,1,0,0,0
640.62,18,0,0,64,1,65,6.463996228136291,-1.0,-1.8369701987210297e-16,0,0,0,0,0,0,0,1,0
198.78,6,0,0,42,2,56,5.2972167611040035,1.0,6.123233995736766e-17,0,0,0,0,1,0,0,0,0
7.7,4,0,0,75,0,54,2.163323025660538,0.8660254037844386,0.5000000000000001,1,0,0,1,0,0,0,0,1
219.77,14,0,0,86,1,33,5.397121435606618,-0.4999999999999997,-0.8660254037844388,0,0,0,0,0,0,1,0,0
113.83,22,0,0,48,3,29,4.743452773788098,-0.5000000000000004,0.8660254037844384,0,0,0,0,0,0,1,0,0
119.84,6,0,0,51,4,68,4.794467356518472,1.0,6.123233995736766e-17,0,1,0,1,0,1,0,0,0
118.71,11,0,0,89,2,62,4.785072151263279,0.258819045102521,-0.9659258262890682,0,0,0,0,1,0,0,0,0
232.85,14,0,0,27,2,29,5.454679884171895,-0.4999999999999997,-0.8660254037844388,0,0,1,1,0,0,0,1,0
250.85,2,0,0,30,1,50,5.528833672191659,0.49999999999999994,0.8660254037844387,1,0,1,2,0,0,1,0,0
274.01,19,0,1,42,3,37,5.616807460641794,-0.9659258262890684,0.2588190451025203,0,0,0,1,0,0,0,0,1
82.51,20,0,0,78,4,65,4.424966385165138,-0.8660254037844386,0.5000000000000001,0,1,0,1,0,0,0,0,1
200.19,7,0,0,73,0,55,5.304249735201145,0.9659258262890683,-0.25881904510252063,0,0,0,0,0,0,0,1,0
175.96,2,0,0,78,0,34,5.17592371833397,0.49999999999999994,0.8660254037844387,1,0,0,1,0,0,0,1,0
515.37,21,0,0,60,2,42,6.24682356278455,-0.7071067811865477,0.7071067811865474,0,0,0,0,0,0,0,1,0
298.02,18,0,0,61,1,36,5.7005104607857815,-1.0,-1.8369701987210297e-16,0,0,0,0,1,0,0,0,0
493.1,12,1,0,64,0,47,6.202737925851705,1.2246467991473532e-16,-1.0,0,0,0,1,0,1,0,0,0
350.02,21,0,0,35,4,56,5.860843201899544,-0.7071067811865477,0.7071067811865474,0,1,1,2,0,0,1,0,0
84.21,13,0,0,90,1,56,4.445118797839864,-0.2588190451025208,-0.9659258262890683,0,0,0,0,0,1,0,0,0
27.1,13,0,0,80,3,27,3.3357695763397,-0.2588190451025208,-0.9659258262890683,0,0,0,0,0,0,0,0,1
265.3,12,0,1,55,4,65,5.584623492819887,1.2246467991473532e-16,-1.0,0,1,0,2,0,0,0,0,1
97.42,8,0,0,35,1,47,4.589244035437832,0.8660254037844387,-0.4999999999999998,0,0,1,1,0,0,0,0,1
107.79,3,0,0,38,5,18,4.689419418432991,0.7071067811865476,0.7071067811865476,1,1,1,3,0,1,0,0,0
135.05,21,0,0,92,1,50,4.913022465229256,-0.7071067811865477,0.7071067811865474,0,0,0,0,0,0,0,0,1
121.08,18,0,0,58,1,27,4.804676567536147,-1.0,-1.8369701987210297e-16,0,0,0,0,0,0,1,0,0
258.62,14,0,0,27,2,31,5.559219023464848,-0.4999999999999997,-0.8660254037844388,0,0,1,1,0,0,0,1,0
495.15,6,0,0,96,2,32,6.20687830036025,1.0,6.123233995736766e-17,0,0,0,0,0,0,1,0,0
175.87,3,0,0,74,3,50,5.175414999446702,0.7071067811865476,0.7071067811865476,1,0,0,1,0,0,0,1,0
335.52,11,0,0,33,1,18,5.818657582682612,0.258819045102521,-0.9659258262890682,0,0,1,1,0,0,0,1,0
31.92,10,0,0,38,1,22,3.494080375808869,0.49999999999999994,-0.8660254037844387,0,0,1,1,1,0,0,0,0
671.5,22,0,0,59,1,56,6.511002111475994,-0.5000000000000004,0.8660254037844384,0,0,0,0,0,0,0,0,1
24.41,12,0,0,74,3,57,3.2351427973320726,1.2246467991473532e-16,-1.0,0,0,0,0,0,0,1,0,0
150.83,2,0,0,85,2,33,5.022761473894096,0.49999999999999994,0.8660254037844387,1,0,0,1,0,0,0,0,1
31.45,13,0,0,80,4,43,3.479700443150099,-0.2588190451025208,-0.9659258262890683,0,1,0,1,0,0,0,0,1
74.07,12,0,0,55,1,67,4.318421011584911,1.2246467991473532e-16,-1.0,0,0,0,0,0,0,0,0,1
17.2,21,0,0,27,1,27,2.9014215940827497,-0.7071067811865477,0.7071067811865474,0,0,1,1,1,0,0,0,0
91.31,0,0,1,33,3,33,4.52515247800206,0.0,1.0,1,0,1,3,0,0,0,1,0
158.66,5,0,1,97,1,51,5.073046554217653,0.9659258262890683,0.25881904510252074,1,0,0,2,0,1,0,0,0
336.65,11,0,0,33,2,51,5.822009856020851,0.258819045102521,-0.9659258262890682,0,0,1,1,0,0,1,0,0
14.73,17,0,0,85,2,37,2.7555697170701863,-0.9659258262890683,-0.25881904510252063,0,0,0,0,0,1,0,0,0
38.17,11,0,0,42,1,69,3.66791114767774,0.258819045102521,-0.9659258262890682,0,0,0,0,0,0,0,1,0
106.56,2,0,0,72,2,18,4.678048831400664,0.49999999999999994,0.8660254037844387,1,0,0,1,0,0,1,0,0
326.37,14,0,0,43,4,23,5.791091029706279,-0.4999999999999997,-0.8660254037844388,0,1,0,1,1,0,0,0,0
90.12,9,0,0,45,3,41,4.512177319138927,0.7071067811865476,-0.7071067811865475,0,0,0,0,0,0,0,0,1
15.35,7,0,1,25,2,37,2.7942278973432626,0.9659258262890683,-0.25881904510252063,0,0,1,2,0,0,0,0,1
86.03,8,0,0,91,3,64,4.466252886801422,0.8660254037844387,-0.4999999999999998,0,0,0,0,1,0,0,0,0
87.87,17,0,0,40,1,56,4.487174627750384,-0.9659258262890683,-0.25881904510252063,0,0,0,0,0,0,1,0,0
544.51,6,0,0,53,3,19,6.301721136910783,1.0,6.123233995736766e-17,0,0,0,0,0,1,0,0,0
240.32,11,0,0,41,1,52,5.486123853572561,0.258819045102521,-0.9659258262890682,0,0,0,0,1,0,0,0,0
254.45,5,0,0,93,2,42,5.543026695776807,0.9659258262890683,0.25881904510252074,1,0,0,1,0,0,0,0,1
273.06,1,0,0,83,2,38,5.613347060518055,0.25881904510252074,0.9659258262890683,1,0,0,1,0,0,0,1,0
4.37,19,0,0,83,4,49,1.6808279085207734,-0.9659258262890684,0.2588190451025203,0,1,0,1,0,0,0,1,0
217.37,20,1,1,30,2,55,5.386190871798276,-0.8660254037844386,0.5000000000000001,0,0,1,3,0,0,0,0,1
195.23,10,0,0,81,0,28,5.279287440641231,0.49999999999999994,-0.8660254037844387,0,0,0,0,1,0,0,0,0
191.03,9,0,1,57,3,37,5.257651609822021,0.7071067811865476,-0.7071067811865475,0,0,0,1,1,0,0,0,0
58.32,1,0,1,66,3,22,4.082946517269732,0.25881904510252074,0.9659258262890683,1,0,0,2,0,0,0,1,0
28.1,3,0,0,28,2,52,3.370738174177447,0.7071067811865476,0.7071067811865476,1,0,1,2,0,0,1,0,0
269.94,18,0,0,97,2,36,5.601897394152591,-1.0,-1.8369701987210297e-16,0,0,0,0,1,0,0,0,0
9.79,13,0,0,61,2,32,2.378619779270043,-0.2588190451025208,-0.9659258262890683,0,0,0,0,1,0,0,0,0
76.21,6,0,0,41,1,25,4.3465289823207245,1.0,6.123233995736766e-17,0,0,0,0,0,0,0,1,0
465.39,0,0,0,64,0,29,6.145022193983097,0.0,1.0,1,0,0,1,0,0,1,0,0
48.47,4,0,0,58,4,55,3.901366425239617,0.8660254037844386,0.5000000000000001,1,1,0,2,0,0,1,0,0
55.76,4,1,0,76,1,51,4.038831852291842,0.8660254037844386,0.5000000000000001,1,0,0,2,0,1,0,0,0
56.44,9,0,0,97,3,42,4.050740924739968,0.7071067811865476,-0.7071067811865475,0,0,0,0,1,0,0,0,0
8.78,9,0,0,46,1,33,2.280339484046726,0.7071067811865476,-0.7071067811865475,0,0,0,0,1,0,0,0,0
24.49,17,1,0,96,5,53,3.238286218388024,-0.9659258262890683,-0.25881904510252063,0,1,0,2,0,0,0,1,0
193.61,17,1,0,77,2,20,5.270997555893074,-0.9659258262890683,-0.25881904510252063,0,0,0,1,0,0,0,0,1
51.37,6,0,0,49,0,27,3.9583339082913964,1.0,6.123233995736766e-17,0,0,0,0,0,0,1,0,0
487.66,7,0,0,89,3,58,6.191666951120625,0.9659258262890683,-0.25881904510252063,0,0,0,0,0,1,0,0,0
152.71,0,0,0,94,4,40,5.035067710236841,0.0,1.0,1,1,0,2,0,0,0,0,1
42.59,2,0,1,46,2,25,3.774827766250301,0.49999999999999994,0.8660254037844387,1,0,0,2,0,0,1,0,0
169.59,17,0,1,33,1,43,5.1392630166924285,-0.9659258262890683,-0.25881904510252063,0,0,1,2,0,0,0,0,1
132.63,0,1,0,91,1,43,4.89507478679297,0.0,1.0,1,0,0,2,0,0,1,0,0
316.41,4,0,1,81,3,29,5.760194313582143,0.8660254037844386,0.5000000000000001,1,0,0,2,0,0,1,0,0
32.33,23,0,0,48,3,42,3.506457892319648,-0.25881904510252157,0.9659258262890681,0,0,0,0,0,0,0,0,1
175.83,18,0,0,79,2,20,5.175188819066886,-1.0,-1.8369701987210297e-16,0,0,0,0,0,1,0,0,0
79.72,0,0,0,38,0,44,4.390986376045354,0.0,1.0,1,0,1,2,0,0,1,0,0
103.15,20,1,0,68,5,49,4.645832167706981,-0.8660254037844386,0.5000000000000001,0,1,0,2,0,0,0,1,0
303.67,16,0,0,45,2,33,5.719229223645226,-0.8660254037844385,-0.5000000000000004,0,0,0,0,0,0,0,1,0
518.16,20,0,0,30,2,19,6.252212120819558,-0.8660254037844386,0.5000000000000001,0,0,1,1,0,1,0,0,0
68.69,8,0,0,28,0,38,4.244056835450428,0.8660254037844387,-0.4999999999999998,0,0,1,1,0,1,0,0,0
31.46,18,1,0,84,2,21,3.480008562086445,-1.0,-1.8369701987210297e-16,0,0,0,1,0,1,0,0,0
117.9,13,0,0,74,2,61,4.778282803696737,-0.2588190451025208,-0.9659258262890683,0,0,0,0,1,0,0,0,0
364.49,13,0,0,93,2,29,5.901238919034426,-0.2588190451025208,-0.9659258262890683,0,0,0,0,0,0,1,0,0
403.93,12,0,0,45,1,18,6.003714212661897,1.2246467991473532e-16,-1.0,0,0,0,0,1,0,0,0,0
116.04,17,0,0,62,4,31,4.762515756711869,-0.9659258262890683,-0.25881904510252063,0,1,0,1,0,1,0,0,0
444.6,11,0,0,50,2,67,6.0994216886130745,0.258819045102521,-0.9659258262890682,0,0,0,0,1,0,0,0,0
119.03,12,0,0,92,3,56,4.787741711537254,1.2246467991473532e-16,-1.0,0,0,0,0,0,1,0,0,0
436.61,20,0,0,44,1,59,6.081328102766231,-0.8660254037844386,0.5000000000000001,0,0,0,0,0,0,0,1,0
78.77,13,0,0,33,1,19,4.379147493923038,-0.2588190451025208,-0.9659258262890683,0,0,1,1,0,0,0,1,0
23.68,21,0,0,41,1,48,3.205993199037187,-0.7071067811865477,0.7071067811865474,0,0,0,0,0,1,0,0,0
1209.52,3,0,0,68,3,51,7.098805298339931,0.7071067811865476,0.7071067811865476,1,0,0,1,1,0,0,0,0
230.6,7,1,0,88,2,42,5.4450117456988405,0.9659258262890683,-0.25881904510252063,0,0,0,1,0,0,0,0,1
10.58,12,0,0,35,1,30,2.449279472144849,1.2246467991473532e-16,-1.0,0,0,1,1,0,1,0,0,0
226.15,21,1,0,34,0,43,5.4256105922054125,-0.7071067811865477,0.7071067811865474,0,0,1,2,0,1,0,0,0
138.38,22,0,0,94,2,23,4.937204016010373,-0.5000000000000004,0.8660254037844384,0,0,0,0,0,0,0,1,0
63.0,15,0,1,64,2,31,4.1588830833596715,-0.7071067811865471,-0.7071067811865479,0,0,0,1,1,0,0,0,0
211.78,17,0,0,47,2,41,5.36025876808822,-0.9659258262890683,-0.25881904510252063,0,0,0,0,0,0,0,0,1
97.54,6,0,0,47,1,51,4.590462557115817,1.0,6.123233995736766e-17,0,0,0,0,0,1,0,0,0
94.87,12,0,0,71,2,61,4.562993107088905,1.2246467991473532e-16,-1.0,0,0,0,0,0,0,0,0,1
204.88,12,0,0,89,1,19,5.327293474784554,1.2246467991473532e-16,-1.0,0,0,0,0,0,1,0,0,0
482.54,21,0,0,56,3,56,6.181134041564475,-0.7071067811865477,0.7071067811865474,0,0,0,0,0,0,1,0,0
135.86,0,0,1,81,3,24,4.918958505524352,0.0,1.0,1,0,0,2,0,0,1,0,0
43.47,19,0,0,80,0,62,3.794814804522605,-0.9659258262890684,0.2588190451025203,0,0,0,0,0,0,1,0,0
25.14,23,0,0,38,2,24,3.2634667081960758,-0.25881904510252157,0.9659258262890681,0,0,1,1,0,0,1,0,0
305.81,2,0,0,69,0,19,5.726228663486031,0.49999999999999994,0.8660254037844387,1,0,0,1,0,1,0,0,0
44.17,16,0,0,78,3,49,3.8104331496665127,-0.8660254037844385,-0.5000000000000004,0,0,0,0,1,0,0,0,0
7.21,22,0,0,79,1,61,2.105352923464337,-0.5000000000000004,0.8660254037844384,0,0,0,0,0,1,0,0,0
24.47,17,0,0,56,2,56,3.2375012889913655,-0.9659258262890683,-0.25881904510252063,0,0,0,0,0,0,0,0,1
477.14,21,0,0,70,2,25,6.1699035766377115,-0.7071067811865477,0.7071067811865474,0,0,0,0,0,0,0,0,1
111.1,7,0,1,46,2,67,4.719391330078114,0.9659258262890683,-0.25881904510252063,0,0,0,1,0,0,0,0,1
187.85,22,0,0,28,2,45,5.240953049158466,-0.5000000000000004,0.8660254037844384,0,0,1,1,0,0,0,0,1
48.82,9,0,0,96,3,35,3.9084165098340344,0.7071067811865476,-0.7071067811865475,0,0,0,0,0,0,0,1,0
348.45,8,0,0,75,1,35,5.856360489923138,0.8660254037844387,-0.4999999999999998,0,0,0,0,0,0,0,0,1
24.23,7,0,0,66,1,30,3.2280337626529665,0.9659258262890683,-0.25881904510252063,0,0,0,0,1,0,0,0,0
163.64,12,1,0,90,3,21,5.103761272085739,1.2246467991473532e-16,-1.0,0,0,0,1,1,0,0,0,0
289.75,21,0,0,41,2,22,5.672463791398774,-0.7071067811865477,0.7071067811865474,0,0,0,0,0,0,0,1,0
36.0,8,0,0,81,1,29,3.6109179126442243,0.8660254037844387,-0.4999999999999998,0,0,0,0,0,0,1,0,0
129.83,18,1,0,74,2,57,4.873898770522785,-1.0,-1.8369701987210297e-16,0,0,0,1,0,1,0,0,0
14.97,19,0,0,61,1,46,2.770711962226921,-0.9659258262890684,0.2588190451025203,0,0,0,0,1,0,0,0,0
56.6,13,0,0,45,2,28,4.053522567701846,-0.2588190451025208,-0.9659258262890683,0,0,0,0,0,0,1,0,0
112.79,7,0,0,97,1,39,4.734354644368917,0.9659258262890683,-0.25881904510252063,0,0,0,0,1,0,0,0,0
240.09,7,0,0,35,2,65,5.485170307761209,0.9659258262890683,-0.25881904510252063,0,0,1,1,0,1,0,0,0
251.32,17,0,0,48,1,38,5.530698123214728,-0.9659258262890683,-0.25881904510252063,0,0,0,0,0,0,0,1,0
105.11,23,1,1,84,3,47,4.6644762918854985,-0.25881904510252157,0.9659258262890681,0,0,0,2,0,0,1,0,0
157.32,16,0,0,63,2,21,5.064618301294311,-0.8660254037844385,-0.5000000000000004,0,0,0,0,0,0,0,1,0
301.23,12,0,0,49,1,59,5.711188316916794,1.2246467991473532e-16,-1.0,0,0,0,0,1,0,0,0,0
29.38,19,0,0,86,1,66,3.4137844971676268,-0.9659258262890684,0.2588190451025203,0,0,0,0,1,0,0,0,0
361.83,5,0,0,56,2,39,5.893934405009768,0.9659258262890683,0.25881904510252074,1,0,0,1,0,0,0,0,1
21.06,0,0,0,42,4,27,3.0937660138253564,0.0,1.0,1,1,0,2,0,0,1,0,0
144.2,23,0,0,59,1,19,4.978112102390695,-0.25881904510252157,0.9659258262890681,0,0,0,0,0,0,0,1,0
322.04,11,0,0,84,5,68,5.777776154564528,0.258819045102521,-0.9659258262890682,0,1,0,1,1,0,0,0,0
53.51,15,0,1,26,4,59,3.9983841710761894,-0.7071067811865471,-0.7071067811865479,0,1,1,3,0,1,0,0,0
500.41,22,0,0,95,2,34,6.217424129681673,-0.5000000000000004,0.8660254037844384,0,0,0,0,0,0,0,1,0
66.89,2,0,0,77,1,31,4.217888748313555,0.49999999999999994,0.8660254037844387,1,0,0,1,0,0,0,1,0
259.54,5,0,0,97,2,52,5.562756400269418,0.9659258262890683,0.25881904510252074,1,0,0,1,0,0,0,1,0
304.54,8,0,0,87,1,50,5.722080702937577,0.8660254037844387,-0.4999999999999998,0,0,0,0,0,1,0,0,0
34.31,2,0,0,99,2,50,3.564166209940295,0.49999999999999994,0.8660254037844387,1,0,0,1,0,0,0,0,1
88.87,11,0,0,89,3,26,4.498364181670282,0.258819045102521,-0.9659258262890682,0,0,0,0,0,0,0,0,1
50.79,5,0,0,82,0,54,3.9471970804358,0.9659258262890683,0.25881904510252074,1,0,0,1,0,0,0,1,0
94.18,15,0,0,80,1,42,4.555769835692964,-0.7071067811865471,-0.7071067811865479,0,0,0,0,0,1,0,0,0
39.74,21,0,0,34,3,27,3.70721041079866,-0.7071067811865477,0.7071067811865474,0,0,1,1,0,0,1,0,0
111.79,12,0,0,29,2,35,4.725527682651825,1.2246467991473532e-16,-1.0,0,0,1,1,0,0,1,0,0
16.33,14,0,0,40,4,67,2.8524391037275145,-0.4999999999999997,-0.8660254037844388,0,1,0,1,0,0,0,1,0
71.61,5,1,0,63,1,34,4.285102653392156,0.9659258262890683,0.25881904510252074,1,0,0,2,0,0,1,0,0
194.29,4,0,0,46,1,21,5.274485633294691,0.8660254037844386,0.5000000000000001,1,0,0,1,0,1,0,0,0
320.63,13,0,0,69,2,63,5.773401816536258,-0.2588190451025208,-0.9659258262890683,0,0,0,0,0,0,0,0,1
118.41,1,0,0,77,4,59,4.7825629495452935,0.25881904510252074,0.9659258262890683,1,1,0,2,0,0,0,0,1
177.14,17,0,0,74,5,65,5.182569758003724,-0.9659258262890683,-0.25881904510252063,0,1,0,1,0,1,0,0,0
74.96,23,0,0,97,2,32,4.330206885944085,-0.25881904510252157,0.9659258262890681,0,0,0,0,0,0,1,0,0
332.74,18,0,0,60,0,67,5.810362246718757,-1.0,-1.8369701987210297e-16,0,0,0,0,0,0,0,0,1
209.63,21,0,0,47,1,49,5.3501030396972675,-0.7071067811865477,0.7071067811865474,0,0,0,0,0,0,1,0,0
317.59,12,0,0,92,2,28,5.763905009663833,1.2246467991473532e-16,-1.0,0,0,0,0,0,1,0,0,0
82.36,3,0,1,59,0,33,4.423168578005057,0.7071067811865476,0.7071067811865476,1,0,0,2,0,0,0,0,1
101.94,16,0,0,60,2,63,4.6341462942246086,-0.8660254037844385,-0.5000000000000004,0,0,0,0,0,0,1,0,0
140.01,17,0,0,95,0,27,4.948830809849139,-0.9659258262890683,-0.25881904510252063,0,0,0,0,0,0,0,0,1
93.1,23,0,0,26,1,56,4.544358046591334,-0.25881904510252157,0.9659258262890681,0,0,1,1,1,0,0,0,0
211.81,17,0,0,32,2,37,5.36039974884458,-0.9659258262890683,-0.25881904510252063,0,0,1,1,0,0,0,1,0
51.76,12,0,0,30,1,67,3.965753327849114,1.2246467991473532e-16,-1.0,0,0,1,1,0,1,0,0,0
231.71,22,0,0,57,1,59,5.44979304317089,-0.5000000000000004,0.8660254037844384,0,0,0,0,0,0,0,1,0
509.33,14,0,0,53,3,56,6.235057575289601,-0.4999999999999997,-0.8660254037844388,0,0,0,0,0,0,0,1,0
186.78,16,0,0,28,1,24,5.2352710648304015,-0.8660254037844385,-0.5000000000000004,0,0,1,1,0,0,0,0,1
372.32,10,0,0,51,3,47,5.922435960697546,0.49999999999999994,-0.8660254037844387,0,0,0,0,0,0,0,0,1
165.36,17,0,0,50,1,69,5.114154114874711,-0.9659258262890683,-0.25881904510252063,0,0,0,0,0,1,0,0,0
51.45,19,0,0,39,1,27,3.9598603348423063,-0.9659258262890684,0.2588190451025203,0,0,1,1,0,0,1,0,0
6.14,1,0,0,49,0,65,1.965712776351493,0.25881904510252074,0.9659258262890683,1,0,0,1,0,0,0,0,1
252.41,6,0,0,25,2,56,5.535008730407515,1.0,6.123233995736766e-17,0,0,1,1,0,0,0,1,0
135.88,23,0,0,61,0,28,4.919104629583938,-0.25881904510252157,0.9659258262890681,0,0,0,0,1,0,0,0,0
14.42,23,0,0,37,3,47,2.7356653681351832,-0.25881904510252157,0.9659258262890681,0,0,1,1,1,0,0,0,0
109.92,1,0,0,43,0,42,4.708809220747577,0.25881904510252074,0.9659258262890683,1,0,0,1,0,0,0,1,0
57.05,2,0,0,29,0,58,4.061304708143901,0.49999999999999994,0.8660254037844387,1,0,1,2,1,0,0,0,0
45.21,13,0,0,40,2,40,3.833196224882175,-0.2588190451025208,-0.9659258262890683,0,0,0,0,0,0,0,1,0
15.96,16,0,0,30,1,39,2.830857630363757,-0.8660254037844385,-0.5000000000000004,0,0,1,1,0,0,1,0,0
1001.1,0,0,0,64,4,32,6.909853077064283,0.0,1.0,1,1,0,2,0,0,0,1,0
35.38,19,0,0,89,1,18,3.5940191730899764,-0.9659258262890684,0.2588190451025203,0,0,0,0,0,1,0,0,0
32.92,2,0,0,57,4,40,3.5240048109237025,0.49999999999999994,0.8660254037844387,1,1,0,2,1,0,0,0,0
313.87,21,0,0,75,1,68,5.7521598552295075,-0.7071067811865477,0.7071067811865474,0,0,0,0,0,1,0,0,0
32.26,2,0,0,50,2,41,3.5043554737647815,0.49999999999999994,0.8660254037844387,1,0,0,1,0,0,0,0,1
594.52,23,0,0,68,0,54,6.389434973453886,-0.25881904510252157,0.9659258262890681,0,0,0,0,0,0,0,0,1
197.64,13,0,0,39,1,48,5.2914941411999115,-0.2588190451025208,-0.9659258262890683,0,0,1,1,0,1,0,0,0
123.15,8,0,0,75,1,67,4.821490511954176,0.8660254037844387,-0.4999999999999998,0,0,0,0,0,0,0,0,1
68.6,5,0,0,74,1,54,4.242764567340374,0.9659258262890683,0.25881904510252074,1,0,0,1,0,1,0,0,0
26.81,8,0,0,96,7,25,3.3253956682458736,0.8660254037844387,-0.4999999999999998,0,1,0,1,0,0,1,0,0
389.08,17,0,0,81,4,67,5.966351846292906,-0.9659258262890683,-0.25881904510252063,0,1,0,1,1,0,0,0,0
145.8,15,0,0,85,2,33,4.9890711161804155,-0.7071067811865471,-0.7071067811865479,0,0,0,0,0,1,0,0,0
11.43,8,0,0,29,4,44,2.5201129055226197,0.8660254037844387,-0.4999999999999998,0,1,1,2,1,0,0,0,0
182.24,13,0,0,39,4,28,5.2107967690185415,-0.2588190451025208,-0.9659258262890683,0,1,1,2,0,1,0,0,0
355.2,19,0,0,35,2,40,5.875492370855561,-0.9659258262890684,0.2588190451025203,0,0,1,1,0,0,1,0,0
18.86,7,0,0,80,4,59,2.9887076586170265,0.9659258262890683,-0.25881904510252063,0,1,0,1,0,0,0,0,1
19.9,16,0,0,77,4,57,3.039749158970765,-0.8660254037844385,-0.5000000000000004,0,1,0,1,0,0,0,1,0
68.39,17,0,0,74,7,30,4.239742764911457,-0.9659258262890683,-0.25881904510252063,0,1,0,1,0,1,0,0,0
24.83,18,0,1,47,0,57,3.251536607107749,-1.0,-1.8369701987210297e-16,0,0,0,1,0,0,0,0,1
200.11,12,0,0,27,3,40,5.303852022046511,1.2246467991473532e-16,-1.0,0,0,1,1,0,0,0,0,1
65.65,11,0,0,61,4,54,4.199455046624718,0.258819045102521,-0.9659258262890682,0,1,0,1,0,1,0,0,0
60.9,21,0,0,76,6,39,4.12552017969055,-0.7071067811865477,0.7071067811865474,0,1,0,1,0,0,0,1,0
144.82,3,0,0,58,0,48,4.9823729843782845,0.7071067811865476,0.7071067811865476,1,0,0,1,0,1,0,0,0
409.79,20,0,0,93,4,62,6.018082135012252,-0.8660254037844386,0.5000000000000001,0,1,0,1,1,0,0,0,0
2.2,2,0,0,56,0,44,1.1631508098056809,0.49999999999999994,0.8660254037844387,1,0,0,1,0,0,0,0,1
1.24,17,0,0,85,1,32,0.8064758658669484,-0.9659258262890683,-0.25881904510252063,0,0,0,0,0,1,0,0,0
38.7,17,1,0,60,2,60,3.681351187693145,-0.9659258262890683,-0.25881904510252063,0,0,0,1,0,0,0,1,0
113.95,19,0,0,41,4,34,4.74449725120919,-0.9659258262890684,0.2588190451025203,0,1,0,1,0,0,0,0,1
192.38,2,0,0,39,2,23,5.264657165055401,0.49999999999999994,0.8660254037844387,1,0,1,2,0,0,0,0,1
19.73,16,0,0,27,3,67,3.0315819264476884,-0.8660254037844385,-0.5000000000000004,0,0,1,1,0,0,0,0,1
14.42,15,0,0,40,2,53,2.7356653681351832,-0.7071067811865471,-0.7071067811865479,0,0,0,0,0,0,1,0,0
402.44,19,0,0,88,1,43,6.00002777776847,-0.9659258262890684,0.2588190451025203,0,0,0,0,0,0,0,0,1
132.24,8,1,0,44,3,18,4.892152013325479,0.8660254037844387,-0.4999999999999998,0,0,0,1,0,0,0,0,1
289.76,5,0,0,63,2,48,5.672498184616435,0.9659258262890683,0.25881904510252074,1,0,0,1,0,0,0,1,0
297.43,14,0,0,98,1,62,5.698535399469211,-0.4999999999999997,-0.8660254037844388,0,0,0,0,0,0,0,0,1
31.75,16,0,0,58,1,18,3.488902962081261,-0.8660254037844385,-0.5000000000000004,0,0,0,0,0,0,0,0,1
832.98,22,0,0,28,4,65,6.726209421255855,-0.5000000000000004,0.8660254037844384,0,1,1,2,0,0,0,0,1
0.02,17,0,0,37,4,50,0.019802627296179712,-0.9659258262890683,-0.25881904510252063,0,1,1,2,0,0,0,1,0
221.48,14,0,0,95,4,64,5.404837209925709,-0.4999999999999997,-0.8660254037844388,0,1,0,1,1,0,0,0,0
58.69,11,0,0,99,1,42,4.089164502180559,0.258819045102521,-0.9659258262890682,0,0,0,0,0,0,1,0,0
8.08,10,0,0,67,0,50,2.206074192613202,0.49999999999999994,-0.8660254037844387,0,0,0,0,1,0,0,0,0
154.95,9,0,1,59,1,58,5.049535443053812,0.7071067811865476,-0.7071067811865475,0,0,0,1,0,1,0,0,0
89.91,0,0,0,56,1,39,4.509870006133767,0.0,1.0,1,0,0,1,0,1,0,0,0
29.0,17,0,1,26,2,42,3.4011973816621555,-0.9659258262890683,-0.25881904510252063,0,0,1,2,0,1,0,0,0
32.16,21,0,0,59,1,40,3.501344330267094,-0.7071067811865477,0.7071067811865474,0,0,0,0,1,0,0,0,0
50.5,17,0,0,33,1,47,3.9415818076696905,-0.9659258262890683,-0.25881904510252063,0,0,1,1,0,0,0,1,0
116.79,4,1,0,36,1,47,4.768903377970693,0.8660254037844386,0.5000000000000001,1,0,1,3,0,0,0,1,0
192.46,5,0,0,31,2,27,5.265070772754401,0.9659258262890683,0.25881904510252074,1,0,1,2,1,0,0,0,0
529.05,1,0,0,55,1,22,6.272971341719106,0.25881904510252074,0.9659258262890683,1,0,0,1,0,0,1,0,0
28.5,7,1,0,69,3,37,3.3843902633457743,0.9659258262890683,-0.25881904510252063,0,0,0,1,0,1,0,0,0
166.65,7,0,0,52,1,56,5.121878472912238,0.9659258262890683,-0.25881904510252063,0,0,0,0,0,0,0,0,1
16.01,0,0,0,72,1,64,2.8338014064077703,0.0,1.0,1,0,0,1,0,0,0,0,1
442.48,19,0,0,89,1,51,6.094652704904151,-0.9659258262890684,0.2588190451025203,0,0,0,0,1,0,0,0,0
26.06,16,0,1,71,3,65,3.2980566227426418,-0.8660254037844385,-0.5000000000000004,0,0,0,1,0,0,0,0,1
63.03,0,0,0,75,2,61,4.159351723530711,0.0,1.0,1,0,0,1,0,0,1,0,0
249.65,14,0,0,41,4,47,5.524057543709512,-0.4999999999999997,-0.8660254037844388,0,1,0,1,0,0,0,1,0
28.9,18,1,0,82,2,43,3.3978584803966405,-1.0,-1.8369701987210297e-16,0,0,0,1,0,0,0,0,1
331.7,0,0,0,58,1,41,5.807241183024431,0.0,1.0,1,0,0,1,1,0,0,0,0
30.46,10,0,0,72,0,33,3.4487168976301317,0.49999999999999994,-0.8660254037844387,0,0,0,0,0,1,0,0,0
38.45,1,0,0,40,1,26,3.6750340472918834,0.25881904510252074,0.9659258262890683,1,0,0,1,1,0,0,0,0
241.02,7,0,0,28,2,36,5.489020367369906,0.9659258262890683,-0.25881904510252063,0,0,1,1,0,0,0,0,1
50.35,1,0,0,38,1,62,3.9386649363745674,0.25881904510252074,0.9659258262890683,1,0,1,2,0,0,1,0,0
339.59,5,0,0,84,3,29,5.830679407844552,0.9659258262890683,0.25881904510252074,1,0,0,1,0,0,0,0,1
431.88,13,0,0,96,4,62,6.07046055333448,-0.2588190451025208,-0.9659258262890683,0,1,0,1,0,0,0,1,0
126.17,6,0,0,59,0,34,4.845524774032655,1.0,6.123233995736766e-17,0,0,0,0,1,0,0,0,0
334.66,16,0,0,62,1,33,5.816098742880033,-0.8660254037844385,-0.5000000000000004,0,0,0,0,1,0,0,0,0
146.88,5,0,0,48,3,33,4.996401134068432,0.9659258262890683,0.25881904510252074,1,0,0,1,0,0,0,0,1
295.17,19,0,0,97,2,48,5.69093361378729,-0.9659258262890684,0.2588190451025203,0,0,0,0,0,1,0,0,0
53.62,22,0,0,49,1,41,4.000400116045559,-0.5000000000000004,0.8660254037844384,0,0,0,0,0,1,0,0,0
768.73,3,0,0,30,2,20,6.6460398040052215,0.7071067811865476,0.7071067811865476,1,0,1,2,0,0,1,0,0
52.22,20,0,1,27,0,47,3.9744342655495433,-0.8660254037844386,0.5000000000000001,0,0,1,2,0,0,0,0,1
43.57,12,0,0,25,3,66,3.7970609869584644,1.2246467991473532e-16,-1.0,0,0,1,1,1,0,0,0,0
287.83,0,0,0,33,0,49,5.665838279740057,0.0,1.0,1,0,1,2,0,0,0,0,1
110.77,18,0,0,34,2,19,4.71644318839752,-1.0,-1.8369701987210297e-16,0,0,1,1,0,0,1,0,0
433.32,21,0,0,38,1,32,6.073781589597195,-0.7071067811865477,0.7071067811865474,0,0,1,1,0,0,0,0,1
196.21,17,0,1,53,1,59,5.284269150821977,-0.9659258262890683,-0.25881904510252063,0,0,0,1,0,0,0,1,0
184.44,4,0,0,85,0,66,5.222731379591441,0.8660254037844386,0.5000000000000001,1,0,0,1,0,0,0,0,1
77.7,3,0,0,97,0,58,4.365643155423357,0.7071067811865476,0.7071067811865476,1,0,0,1,0,0,1,0,0
128.0,22,0,0,53,2,46,4.859812404361672,-0.5000000000000004,0.8660254037844384,0,0,0,0,1,0,0,0,0
85.78,8,0,0,55,5,55,4.463376180370204,0.8660254037844387,-0.4999999999999998,0,1,0,1,0,0,0,0,1
60.26,9,1,0,79,1,34,4.115127101404629,0.7071067811865476,-0.7071067811865475,0,0,0,1,0,0,0,0,1
9.1,18,0,0,41,1,29,2.312535423847214,-1.0,-1.8369701987210297e-16,0,0,0,0,1,0,0,0,0
47.58,1,1,0,33,0,41,3.8832119235740263,0.25881904510252074,0.9659258262890683,1,0,1,3,1,0,0,0,0
325.9,12,0,0,85,3,28,5.789654313730165,1.2246467991473532e-16,-1.0,0,0,0,0,0,1,0,0,0
126.54,5,0,0,48,3,57,4.848430040887125,0.9659258262890683,0.25881904510252074,1,0,0,1,0,0,0,1,0
114.68,8,0,0,43,2,46,4.750827758410455,0.8660254037844387,-0.4999999999999998,0,0,0,0,0,1,0,0,0
0.79,0,1,0,74,3,56,0.5822156198526637,0.0,1.0,1,0,0,2,0,0,1,0,0
27.49,11,0,0,85,3,57,3.3495531485098167,0.258819045102521,-0.9659258262890682,0,0,0,0,1,0,0,0,0
0.76,22,0,0,89,2,25,0.5653138090500605,-0.5000000000000004,0.8660254037844384,0,0,0,0,0,0,0,1,0
22.46,3,0,0,95,2,29,3.1552968432253294,0.7071067811865476,0.7071067811865476,1,0,0,1,0,0,0,0,1
9.77,18,0,0,25,2,36,2.3767644911682972,-1.0,-1.8369701987210297e-16,0,0,1,1,0,0,0,1,0
68.39,15,0,0,82,0,55,4.239742764911457,-0.7071067811865471,-0.7071067811865479,0,0,0,0,0,0,0,1,0
131.44,17,0,0,62,1,44,4.886129712679046,-0.9659258262890683,-0.25881904510252063,0,0,0,0,1,0,0,0,0
86.09,3,0,0,50,1,54,4.466942066704648,0.7071067811865476,0.7071067811865476,1,0,0,1,0,1,0,0,0
369.21,23,0,0,90,2,46,5.914070412200284,-0.25881904510252157,0.9659258262890681,0,0,0,0,0,1,0,0,0
3.85,2,0,1,69,1,57,1.5789787049493917,0.49999999999999994,0.8660254037844387,1,0,0,2,0,0,0,1,0
83.79,16,0,0,56,3,48,4.440177611315912,-0.8660254037844385,-0.5000000000000004,0,0,0,0,0,0,1,0,0
110.62,12,1,0,27,2,19,4.715100245360287,1.2246467991473532e-16,-1.0,0,0,1,2,0,0,1,0,0
155.02,3,0,0,70,4,31,5.049984204160167,0.7071067811865476,0.7071067811865476,1,1,0,2,0,0,0,1,0
293.79,7,0,0,67,0,39,5.686263238437263,0.9659258262890683,-0.25881904510252063,0,0,0,0,0,0,0,0,1
109.24,18,0,0,88,2,49,4.7026598072653485,-1.0,-1.8369701987210297e-16,0,0,0,0,0,0,0,0,1
258.31,17,0,1,47,3,29,5.5580242571692935,-0.9659258262890683,-0.25881904510252063,0,0,0,1,0,0,0,1,0
17.29,4,0,0,62,2,47,2.906354462402774,0.8660254037844386,0.5000000000000001,1,0,0,1,0,0,0,0,1
369.02,11,0,0,67,2,44,5.913557058231456,0.258819045102521,-0.9659258262890682,0,0,0,0,0,0,1,0,0
217.42,10,0,0,88,3,69,5.3864198147695825,0.49999999999999994,-0.8660254037844387,0,0,0,0,0,0,0,0,1
150.67,19,0,0,42,3,23,5.021707108063305,-0.9659258262890684,0.2588190451025203,0,0,0,0,0,0,0,1,0
83.69,21,0,0,81,3,57,4.4389975309335075,-0.7071067811865477,0.7071067811865474,0,0,0,0,0,1,0,0,0
132.2,3,0,0,78,0,51,4.891851758106289,0.7071067811865476,0.7071067811865476,1,0,0,1,1,0,0,0,0
5.81,9,0,0,31,2,69,1.918392120161421,0.7071067811865476,-0.7071067811865475,0,0,1,1,0,0,0,1,0
77.4,8,0,0,50,2,33,4.361823927356363,0.8660254037844387,-0.4999999999999998,0,0,0,0,0,0,0,1,0
52.31,5,1,0,56,2,41,3.9761239308346696,0.9659258262890683,0.25881904510252074,1,0,0,2,0,0,0,0,1
93.0,18,0,0,95,2,40,4.543294782270004,-1.0,-1.8369701987210297e-16,0,0,0,0,1,0,0,0,0
197.36,1,1,0,50,2,64,5.290083561620933,0.25881904510252074,0.9659258262890683,1,0,0,2,0,0,0,0,1
25.59,15,0,0,68,1,35,3.2805352052549286,-0.7071067811865471,-0.7071067811865479,0,0,0,0,0,0,0,1,0
393.14,22,0,0,51,2,55,5.976706176132437,-0.5000000000000004,0.8660254037844384,0,0,0,0,0,1,0,0,0
12.1,12,0,0,72,2,53,2.5726122302071057,1.2246467991473532e-16,-1.0,0,0,0,0,0,1,0,0,0
30.3,17,0,0,78,5,65,3.4436180975461075,-0.9659258262890683,-0.25881904510252063,0,1,0,1,0,0,0,0,1
213.24,21,0,0,96,1,46,5.367096881942863,-0.7071067811865477,0.7071067811865474,0,0,0,0,0,0,0,1,0
203.82,15,0,0,53,2,63,5.322131544647291,-0.7071067811865471,-0.7071067811865479,0,0,0,0,0,0,0,0,1
319.14,22,0,0,41,0,62,5.768758400118552,-0.5000000000000004,0.8660254037844384,0,0,0,0,0,0,1,0,0
26.55,9,1,0,81,1,25,3.3160025355989236,0.7071067811865476,-0.7071067811865475,0,0,0,1,0,0,0,0,1
94.87,13,0,0,80,0,59,4.562993107088905,-0.2588190451025208,-0.9659258262890683,0,0,0,0,0,1,0,0,0
95.67,16,0,1,59,2,24,4.571303116476514,-0.8660254037844385,-0.5000000000000004,0,0,0,1,0,0,0,0,1
577.57,9,0,0,89,3,35,6.3605595419064205,0.7071067811865476,-0.7071067811865475,0,0,0,0,0,0,0,1,0
447.23,0,0,0,82,0,22,6.105306493531103,0.0,1.0,1,0,0,1,0,0,1,0,0
191.19,22,0,1,35,2,50,5.258484466046314,-0.5000000000000004,0.8660254037844384,0,0,1,2,0,0,1,0,0
364.09,23,0,0,42,1,19,5.900143898530254,-0.25881904510252157,0.9659258262890681,0,0,0,0,0,0,1,0,0
92.67,19,0,0,52,4,40,4.539777967221039,-0.9659258262890684,0.2588190451025203,0,1,0,1,0,0,1,0,0
261.27,13,0,1,65,1,51,5.569374507476245,-0.2588190451025208,-0.9659258262890683,0,0,0,1,0,0,0,0,1
36.35,0,0,0,81,0,20,3.6203329115788265,0.0,1.0,1,0,0,1,0,1,0,0,0
23.89,22,0,0,85,2,26,3.2144661163795005,-0.5000000000000004,0.8660254037844384,0,0,0,0,0,0,0,0,1
368.2,12,0,0,74,2,35,5.911338502628697,1.2246467991473532e-16,-1.0,0,0,0,0,1,0,0,0,0
375.65,19,1,0,86,3,28,5.931316374271703,-0.9659258262890684,0.2588190451025203,0,0,0,1,0,0,1,0,0
16.03,16,0,0,75,1,64,2.834976494674597,-0.8660254037844385,-0.5000000000000004,0,0,0,0,1,0,0,0,0
155.25,14,0,0,77,3,59,5.051457288616511,-0.4999999999999997,-0.8660254037844388,0,0,0,0,1,0,0,0,0
12.42,9,0,0,68,1,64,2.5967461315435356,0.7071067811865476,-0.7071067811865475,0,0,0,0,0,0,0,0,1
371.9,2,0,0,91,2,68,5.921310287184775,0.49999999999999994,0.8660254037844387,1,0,0,1,1,0,0,0,0
477.46,7,0,0,64,4,57,6.170572612832435,0.9659258262890683,-0.25881904510252063,0,1,0,1,0,0,0,0,1
35.51,21,0,1,35,1,20,3.5975861956675455,-0.7071067811865477,0.7071067811865474,0,0,1,2,0,1,0,0,0
343.2,7,0,0,99,4,28,5.841222883777439,0.9659258262890683,-0.25881904510252063,0,1,0,1,1,0,0,0,0
153.01,19,1,0,81,0,48,5.037017535370374,-0.9659258262890684,0.2588190451025203,0,0,0,1,0,0,1,0,0
193.21,19,0,0,63,2,69,5.2689400478373605,-0.9659258262890684,0.2588190451025203,0,0,0,0,0,0,0,1,0
84.2,8,0,0,85,1,19,4.44500143383527,0.8660254037844387,-0.4999999999999998,0,0,0,0,1,0,0,0,0
20.2,3,0,0,75,1,56,3.054001181677967,0.7071067811865476,0.7071067811865476,1,0,0,1,0,0,0,1,0
37.34,11,0,0,27,3,23,3.6464937376174986,0.258819045102521,-0.9659258262890682,0,0,1,1,0,0,0,1,0
165.23,21,0,0,33,1,38,5.113372371547368,-0.7071067811865477,0.7071067811865474,0,0,1,1,1,0,0,0,0
301.65,1,0,0,67,1,29,5.712577022337697,0.25881904510252074,0.9659258262890683,1,0,0,1,1,0,0,0,0
144.01,15,1,0,48,0,27,4.976802705559804,-0.7071067811865471,-0.7071067811865479,0,0,0,1,0,1,0,0,0
518.97,6,1,0,89,3,56,6.253771117603516,1.0,6.123233995736766e-17,0,0,0,1,0,0,1,0,0
66.75,13,1,0,40,3,57,4.21582445975981,-0.2588190451025208,-0.9659258262890683,0,0,0,1,0,0,1,0,0
113.62,3,0,0,77,3,53,4.741622309123591,0.7071067811865476,0.7071067811865476,1,0,0,1,0,1,0,0,0
187.13,23,1,0,65,0,54,5.237133213223039,-0.25881904510252157,0.9659258262890681,0,0,0,1,0,1,0,0,0
828.22,8,0,0,49,1,53,6.720485499904132,0.8660254037844387,-0.4999999999999998,0,0,0,0,0,0,0,0,1
6.12,3,0,0,98,1,63,1.9629077254238845,0.7071067811865476,0.7071067811865476,1,0,0,1,1,0,0,0,0
29.52,2,0,0,26,2,36,3.4183822064162563,0.49999999999999994,0.8660254037844387,1,0,1,2,0,0,0,1,0
243.1,18,0,0,31,0,43,5.497577977398914,-1.0,-1.8369701987210297e-16,0,0,1,1,0,0,0,1,0
270.93,1,0,0,44,3,57,5.60554468023387,0.25881904510252074,0.9659258262890683,1,0,0,1,0,1,0,0,0
6.92,12,0,1,95,0,51,2.0693912058263346,1.2246467991473532e-16,-1.0,0,0,0,1,0,1,0,0,0
145.66,6,0,0,29,1,26,4.9881169826656535,1.0,6.123233995736766e-17,0,0,1,1,1,0,0,0,0
2.66,12,0,0,29,0,37,1.297463147413275,1.2246467991473532e-16,-1.0,0,0,1,1,1,0,0,0,0
229.11,15,0,0,76,1,44,5.438557455462482,-0.7071067811865471,-0.7071067811865479,0,0,0,0,0,0,0,0,1
78.22,12,0,0,36,1,46,4.372228792193771,1.2246467991473532e-16,-1.0,0,0,1,1,1,0,0,0,0
78.94,22,0,0,53,0,34,4.3812763532831775,-0.5000000000000004,0.8660254037844384,0,0,0,0,0,0,0,1,0
114.52,4,0,0,66,0,64,4.749443675144516,0.8660254037844386,0.5000000000000001,1,0,0,1,1,0,0,0,0
0.67,2,0,0,93,1,21,0.5128236264286639,0.49999999999999994,0.8660254037844387,1,0,0,1,0,0,1,0,0
324.28,14,0,0,69,1,37,5.784686349880037,-0.4999999999999997,-0.8660254037844388,0,0,0,0,1,0,0,0,0
168.53,6,0,0,33,1,50,5.133029902309862,1.0,6.123233995736766e-17,0,0,1,1,1,0,0,0,0
57.51,17,0,1,54,0,45,4.069197679800145,-0.9659258262890683,-0.25881904510252063,0,0,0,1,1,0,0,0,0
62.99,23,0,0,86,0,47,4.158726821151369,-0.25881904510252157,0.9659258262890681,0,0,0,0,1,0,0,0,0
337.39,3,0,0,53,1,42,5.824199076468011,0.7071067811865476,0.7071067811865476,1,0,0,1,0,0,1,0,0
136.51,4,0,0,53,1,54,4.923696641734853,0.8660254037844386,0.5000000000000001,1,0,0,1,1,0,0,0,0
58.4,5,0,0,50,2,36,4.084294226368599,0.9659258262890683,0.25881904510252074,1,0,0,1,1,0,0,0,0
57.13,8,0,0,81,3,40,4.062681881713259,0.8660254037844387,-0.4999999999999998,0,0,0,0,0,0,1,0,0
100.77,12,0,0,90,5,39,4.62271536520384,1.2246467991473532e-16,-1.0,0,1,0,1,0,0,0,1,0
27.25,18,0,0,56,4,53,3.34109345759245,-1.0,-1.8369701987210297e-16,0,1,0,1,0,0,1,0,0
138.08,15,0,0,99,3,51,4.935049307139661,-0.7071067811865471,-0.7071067811865479,0,0,0,0,0,0,0,0,1
97.51,20,0,0,95,1,18,4.590158065867588,-0.8660254037844386,0.5000000000000001,0,0,0,0,0,0,0,1,0
45.71,23,0,0,27,1,31,3.8439582745140166,-0.25881904510252157,0.9659258262890681,0,0,1,1,0,1,0,0,0
198.25,22,0,0,36,1,50,5.294560317670324,-0.5000000000000004,0.8660254037844384,0,0,1,1,0,0,0,0,1
448.22,2,0,0,27,2,33,6.107512745470649,0.49999999999999994,0.8660254037844387,1,0,1,2,0,0,0,1,0
63.19,11,0,0,72,3,28,4.161847435323687,0.258819045102521,-0.9659258262890682,0,0,0,0,0,0,1,0,0
54.26,1,0,0,60,2,69,4.01204931949527,0.25881904510252074,0.9659258262890683,1,0,0,1,0,0,1,0,0
52.78,11,1,0,63,2,55,3.9849016508407185,0.258819045102521,-0.9659258262890682,0,0,0,1,0,1,0,0,0
604.04,19,0,0,94,5,54,6.405294571547774,-0.9659258262890684,0.2588190451025203,0,1,0,1,0,0,0,1,0
476.17,1,0,0,39,1,41,6.167872821525018,0.25881904510252074,0.9659258262890683,1,0,1,2,0,0,1,0,0
227.25,4,0,0,65,2,24,5.430441519475078,0.8660254037844386,0.5000000000000001,1,0,0,1,0,0,0,1,0
517.44,22,0,0,92,0,63,6.250824302555174,-0.5000000000000004,0.8660254037844384,0,0,0,0,0,0,1,0,0
38.32,2,0,0,95,1,49,3.671733295278966,0.49999999999999994,0.8660254037844387,1,0,0,1,0,0,1,0,0
78.86,15,0,0,69,2,34,4.380275101635076,-0.7071067811865471,-0.7071067811865479,0,0,0,0,0,0,1,0,0
7.63,10,0,0,99,3,21,2.1552445050953364,0.49999999999999994,-0.8660254037844387,0,0,0,0,0,0,0,1,0
265.54,19,0,0,72,0,68,5.585524326151581,-0.9659258262890684,0.2588190451025203,0,0,0,0,0,0,0,0,1
235.42,4,0,0,33,0,54,5.465609884322231,0.8660254037844386,0.5000000000000001,1,0,1,2,0,1,0,0,0
274.21,18,1,0,49,6,43,5.61753444260831,-1.0,-1.8369701987210297e-16,0,1,0,2,0,0,0,0,1
56.29,0,0,0,57,0,39,4.048126088420487,0.0,1.0,1,0,0,1,0,0,1,0,0
16.54,7,0,0,67,1,47,2.864483986944037,0.9659258262890683,-0.25881904510252063,0,0,0,0,1,0,0,0,0
111.02,5,0,0,43,6,57,4.718677426781686,0.9659258262890683,0.25881904510252074,1,1,0,2,1,0,0,0,0
163.35,2,0,0,96,4,50,5.101998300110228,0.49999999999999994,0.8660254037844387,1,1,0,2,1,0,0,0,0
44.51,7,0,0,25,1,24,3.8179320820285505,0.9659258262890683,-0.25881904510252063,0,0,1,1,1,0,0,0,0
107.06,2,0,0,27,2,65,4.68268662841592,0.49999999999999994,0.8660254037844387,1,0,1,2,0,0,0,0,1
14.24,18,0,0,56,4,65,2.7239235502585,-1.0,-1.8369701987210297e-16,0,1,0,1,0,0,0,0,1
26.5,2,0,0,42,1,38,3.3141860046725258,0.49999999999999994,0.8660254037844387,1,0,0,1,0,0,1,0,0
56.87,18,0,0,68,1,43,4.058199115585747,-1.0,-1.8369701987210297e-16,0,0,0,0,0,0,1,0,0
24.32,15,0,0,26,1,64,3.2315945972759756,-0.7071067811865471,-0.7071067811865479,0,0,1,1,0,0,0,0,1
177.43,18,0,0,65,3,49,5.184196367443337,-1.0,-1.8369701987210297e-16,0,0,0,0,0,0,0,1,0
275.67,23,0,0,52,4,51,5.622825460242726,-0.25881904510252157,0.9659258262890681,0,1,0,1,1,0,0,0,0
29.29,10,0,0,81,2,35,3.410817625039146,0.49999999999999994,-0.8660254037844387,0,0,0,0,1,0,0,0,0
207.04,16,0,0,70,2,24,5.337730368904872,-0.8660254037844385,-0.5000000000000004,0,0,0,0,0,0,0,1,0
47.92,4,0,1,66,0,42,3.890186310818972,0.8660254037844386,0.5000000000000001,1,0,0,2,0,0,0,1,0
474.39,2,0,0,27,3,30,6.164135519786893,0.49999999999999994,0.8660254037844387,1,0,1,2,0,0,1,0,0
532.36,9,0,0,50,2,55,6.279196618309805,0.7071067811865476,-0.7071067811865475,0,0,0,0,1,0,0,0,0
524.55,19,0,0,79,1,56,6.2644453332693635,-0.9659258262890684,0.2588190451025203,0,0,0,0,0,0,0,0,1
417.67,23,0,0,41,2,66,6.037083020111779,-0.25881904510252157,0.9659258262890681,0,0,0,0,0,0,1,0,0
103.28,6,0,0,69,4,66,4.647079589065301,1.0,6.123233995736766e-17,0,1,0,1,1,0,0,0,0
165.29,19,0,0,37,2,37,5.113733252099823,-0.9659258262890684,0.2588190451025203,0,0,1,1,0,0,1,0,0
398.68,12,0,0,35,1,57,5.990664226937213,1.2246467991473532e-16,-1.0,0,0,1,1,1,0,0,0,0
60.95,19,0,1,64,2,46,4.126327608075152,-0.9659258262890684,0.2588190451025203,0,0,0,1,1,0,0,0,0
72.68,3,0,0,37,0,67,4.299731391947051,0.7071067811865476,0.7071067811865476,1,0,1,2,0,1,0,0,0
102.89,2,0,0,78,3,38,4.64333264708244,0.49999999999999994,0.8660254037844387,1,0,0,1,0,0,0,0,1
108.56,23,0,0,91,4,53,4.696472344394877,-0.25881904510252157,0.9659258262890681,0,1,0,1,0,0,0,0,1
237.49,19,0,0,61,2,39,5.474327380728188,-0.9659258262890684,0.2588190451025203,0,0,0,0,0,0,0,0,1
28.63,2,0,0,84,4,33,3.388787361585474,0.49999999999999994,0.8660254037844387,1,1,0,2,0,0,0,0,1
217.98,18,0,0,28,2,54,5.388980401445279,-1.0,-1.8369701987210297e-16,0,0,1,1,0,1,0,0,0
36.11,16,0,0,40,4,28,3.613886475072506,-0.8660254037844385,-0.5000000000000004,0,1,0,1,0,0,0,0,1
268.08,3,0,0,40,2,34,5.595008733157405,0.7071067811865476,0.7071067811865476,1,0,0,1,0,0,0,0,1
52.99,12,0,0,66,2,31,3.9887988442301956,1.2246467991473532e-16,-1.0,0,0,0,0,0,0,1,0,0
17.86,10,0,0,49,0,40,2.937043277205311,0.49999999999999994,-0.8660254037844387,0,0,0,0,1,0,0,0,0
104.75,3,0,0,71,2,59,4.661077817926388,0.7071067811865476,0.7071067811865476,1,0,0,1,1,0,0,0,0
201.56,20,0,0,30,0,26,5.311036138955811,-0.8660254037844386,0.5000000000000001,0,0,1,1,1,0,0,0,0
79.93,20,0,0,83,2,34,4.393584583507611,-0.8660254037844386,0.5000000000000001,0,0,0,0,0,1,0,0,0
5.33,3,0,0,89,4,41,1.8453002361560848,0.7071067811865476,0.7071067811865476,1,1,0,2,0,0,0,1,0
61.72,23,0,0,79,2,66,4.138680376042152,-0.25881904510252157,0.9659258262890681,0,0,0,0,1,0,0,0,0
119.03,2,0,0,28,5,18,4.787741711537254,0.49999999999999994,0.8660254037844387,1,1,1,3,0,0,0,1,0
73.6,22,0,0,78,0,31,4.312140507209715,-0.5000000000000004,0.8660254037844384,0,0,0,0,0,0,1,0,0
41.17,4,0,0,65,0,27,3.7417090677584683,0.8660254037844386,0.5000000000000001,1,0,0,1,0,0,0,1,0
228.51,6,0,0,36,1,53,5.435946601536075,1.0,6.123233995736766e-17,0,0,1,1,0,0,1,0,0
174.2,18,1,0,43,0,24,5.165928178502291,-1.0,-1.8369701987210297e-16,0,0,0,1,0,0,1,0,0
258.3,17,0,0,41,2,20,5.5579856925446185,-0.9659258262890683,-0.25881904510252063,0,0,0,0,1,0,0,0,0
569.62,10,0,0,63,2,67,6.346723488988828,0.49999999999999994,-0.8660254037844387,0,0,0,0,0,1,0,0,0
627.85,16,0,0,93,1,68,6.443892754493165,-0.8660254037844385,-0.5000000000000004,0,0,0,0,0,0,1,0,0
72.14,15,0,0,47,3,20,4.292375412721235,-0.7071067811865471,-0.7071067811865479,0,0,0,0,0,0,0,1,0
263.93,5,0,0,57,3,35,5.579465640148821,0.9659258262890683,0.25881904510252074,1,0,0,1,0,0,0,0,1
254.17,6,1,0,74,4,51,5.541929989701587,1.0,6.123233995736766e-17,0,1,0,2,1,0,0,0,0
28.97,22,0,0,73,4,51,3.4001968813285717,-0.5000000000000004,0.8660254037844384,0,1,0,1,0,0,0,0,1
3.43,21,0,0,56,1,58,1.4883995840570443,-0.7071067811865477,0.7071067811865474,0,0,0,0,0,0,0,1,0
695.22,10,0,0,92,3,55,6.545665702341906,0.49999999999999994,-0.8660254037844387,0,0,0,0,1,0,0,0,0
224.82,7,1,0,85,4,25,5.419738221752376,0.9659258262890683,-0.25881904510252063,0,1,0,2,0,0,0,0,1
305.57,9,0,0,72,2,25,5.725446114292227,0.7071067811865476,-0.7071067811865475,0,0,0,0,0,1,0,0,0
108.93,19,0,0,74,0,63,4.699843799590773,-0.9659258262890684,0.2588190451025203,0,0,0,0,0,0,0,1,0
226.62,8,0,0,64,1,65,5.427677571853744,0.8660254037844387,-0.4999999999999998,0,0,0,0,1,0,0,0,0
16.5,12,1,0,93,2,35,2.8622008809294686,1.2246467991473532e-16,-1.0,0,0,0,1,0,0,1,0,0
110.26,16,0,0,46,2,19,4.711869804647147,-0.8660254037844385,-0.5000000000000004,0,0,0,0,0,0,0,1,0
14.05,7,0,0,44,2,32,2.711377991194885,0.9659258262890683,-0.25881904510252063,0,0,0,0,1,0,0,0,0
106.54,13,0,0,52,0,42,4.6778628713815325,-0.2588190451025208,-0.9659258262890683,0,0,0,0,1,0,0,0,0
45.75,15,0,0,69,4,49,3.844814255734696,-0.7071067811865471,-0.7071067811865479,0,1,0,1,0,0,0,1,0
431.79,23,1,0,83,2,23,6.070252621904896,-0.25881904510252157,0.9659258262890681,0,0,0,1,0,0,0,0,1
381.88,14,0,0,69,0,53,5.947721624160063,-0.4999999999999997,-0.8660254037844388,0,0,0,0,0,0,1,0,0
86.1,4,0,0,55,2,38,4.467056883858457,0.8660254037844386,0.5000000000000001,1,0,0,1,0,0,0,0,1
122.01,18,0,0,73,4,47,4.8122656528806935,-1.0,-1.8369701987210297e-16,0,1,0,1,0,0,0,1,0
232.63,17,0,0,29,1,40,5.453738667365866,-0.9659258262890683,-0.25881904510252063,0,0,1,1,0,0,0,0,1
18.3,3,0,0,75,2,61,2.9601050959108397,0.7071067811865476,0.7071067811865476,1,0,0,1,0,1,0,0,0
43.62,17,1,1,49,0,43,3.7981821890043865,-0.9659258262890683,-0.25881904510252063,0,0,0,2,0,0,1,0,0
17.18,18,0,0,27,0,32,2.900322088749333,-1.0,-1.8369701987210297e-16,0,0,1,1,0,0,0,0,1
776.78,19,1,0,76,2,51,6.6564437078400065,-0.9659258262890684,0.2588190451025203,0,0,0,1,0,1,0,0,0
81.06,6,0,0,74,6,36,4.40745068701404,1.0,6.123233995736766e-17,0,1,0,1,0,1,0,0,0
35.16,7,0,0,92,2,69,3.5879535355239756,0.9659258262890683,-0.25881904510252063,0,0,0,0,0,0,1,0,0
18.51,20,0,0,70,3,61,2.97092715463502,-0.8660254037844386,0.5000000000000001,0,0,0,0,0,0,1,0,0
4.04,18,1,0,43,0,41,1.6174060820832772,-1.0,-1.8369701987210297e-16,0,0,0,1,1,0,0,0,0
130.05,3,0,0,91,2,27,4.875578929769415,0.7071067811865476,0.7071067811865476,1,0,0,1,0,1,0,0,0
3.66,9,0,0,98,1,19,1.5390154481375546,0.7071067811865476,-0.7071067811865475,0,0,0,0,0,0,0,1,0
71.9,4,0,0,64,3,60,4.289088639014612,0.8660254037844386,0.5000000000000001,1,0,0,1,0,0,0,0,1
36.96,3,0,0,87,0,29,3.636532973741727,0.7071067811865476,0.7071067811865476,1,0,0,1,0,1,0,0,0
131.37,4,0,0,43,2,52,4.885601031725679,0.8660254037844386,0.5000000000000001,1,0,0,1,0,0,1,0,0
410.79,6,0,0,26,1,28,6.020513510666006,1.0,6.123233995736766e-17,0,0,1,1,0,0,1,0,0
159.0,11,0,0,89,2,56,5.075173815233827,0.258819045102521,-0.9659258262890682,0,0,0,0,0,0,0,0,1
141.39,0,0,0,49,5,34,4.958569771792903,0.0,1.0,1,1,0,2,0,0,1,0,0
278.28,16,0,0,70,3,45,5.63221486279678,-0.8660254037844385,-0.5000000000000004,0,0,0,0,0,0,0,1,0
64.91,11,0,0,92,2,64,4.188290175064629,0.258819045102521,-0.9659258262890682,0,0,0,0,0,1,0,0,0
292.46,20,0,0,84,2,28,5.681741343779321,-0.8660254037844386,0.5000000000000001,0,0,0,0,0,1,0,0,0
99.61,9,1,0,81,2,32,4.611251656303959,0.7071067811865476,-0.7071067811865475,0,0,0,1,0,0,1,0,0
186.83,13,0,0,73,1,42,5.235537298425329,-0.2588190451025208,-0.9659258262890683,0,0,0,0,1,0,0,0,0
19.86,3,0,0,93,2,61,3.0378334495726262,0.7071067811865476,0.7071067811865476,1,0,0,1,0,0,0,0,1
129.74,4,0,0,75,4,33,4.873210618184584,0.8660254037844386,0.5000000000000001,1,1,0,2,0,1,0,0,0
116.62,0,0,0,97,3,22,4.76745908903181,0.0,1.0,1,0,0,1,0,0,1,0,0
27.4,9,0,0,67,5,28,3.3463891451671604,0.7071067811865476,-0.7071067811865475,0,1,0,1,0,0,1,0,0
79.01,23,0,1,68,1,37,4.382151626862033,-0.25881904510252157,0.9659258262890681,0,0,0,1,1,0,0,0,0
25.25,22,0,0,25,3,50,3.2676659890376327,-0.5000000000000004,0.8660254037844384,0,0,1,1,1,0,0,0,0
393.77,8,0,0,32,3,64,5.978303316830159,0.8660254037844387,-0.4999999999999998,0,0,1,1,0,1,0,0,0
69.18,6,0,1,85,1,42,4.2510633701550695,1.0,6.123233995736766e-17,0,0,0,1,1,0,0,0,0
73.41,12,0,1,38,2,34,4.309590341409169,1.2246467991473532e-16,-1.0,0,0,1,2,0,0,0,0,1
800.09,14,0,0,71,3,27,6.68597330030706,-0.4999999999999997,-0.8660254037844388,0,0,0,0,0,0,1,0,0
52.13,6,0,0,38,3,34,3.972741740462852,1.0,6.123233995736766e-17,0,0,1,1,0,1,0,0,0
9.04,10,0,0,81,0,56,2.306577114263583,0.49999999999999994,-0.8660254037844387,0,0,0,0,0,0,0,0,1
235.13,10,0,0,48,0,25,5.4643825008224685,0.49999999999999994,-0.8660254037844387,0,0,0,0,0,0,0,0,1
123.96,1,0,1,57,2,24,4.827993686091376,0.25881904510252074,0.9659258262890683,1,0,0,2,0,0,0,0,1
96.55,6,0,0,91,1,26,4.5803650670691205,1.0,6.123233995736766e-17,0,0,0,0,0,1,0,0,0
9.55,0,0,0,96,1,23,2.3561258599220753,0.0,1.0,1,0,0,1,0,1,0,0,0
198.57,1,0,0,59,2,42,5.2961650519798935,0.25881904510252074,0.9659258262890683,1,0,0,1,0,0,1,0,0
167.66,21,0,0,51,3,20,5.127884854146496,-0.7071067811865477,0.7071067811865474,0,0,0,0,0,0,1,0,0
108.41,15,0,0,35,3,25,4.695102293488699,-0.7071067811865471,-0.7071067811865479,0,0,1,1,0,1,0,0,0
17.72,10,0,0,70,1,61,2.929592471049446,0.49999999999999994,-0.8660254037844387,0,0,0,0,0,0,0,1,0
35.52,8,1,0,59,1,22,3.597860055726768,0.8660254037844387,-0.4999999999999998,0,0,0,1,0,0,0,1,0
131.4,1,0,0,57,2,49,4.885827643502908,0.25881904510252074,0.9659258262890683,1,0,0,1,0,0,0,0,1
162.16,14,0,0,97,1,42,5.094731314449358,-0.4999999999999997,-0.8660254037844388,0,0,0,0,0,0,0,1,0
52.57,3,0,0,81,5,21,3.980989209892869,0.7071067811865476,0.7071067811865476,1,1,0,2,0,0,0,0,1
41.34,8,0,0,90,1,56,3.745732265706719,0.8660254037844387,-0.4999999999999998,0,0,0,0,0,0,0,0,1
6.59,21,0,0,58,2,51,2.0268315914075385,-0.7071067811865477,0.7071067811865474,0,0,0,0,1,0,0,0,0
83.66,21,0,0,39,1,54,4.438643235092778,-0.7071067811865477,0.7071067811865474,0,0,1,1,0,0,0,0,1
40.27,13,1,1,31,1,57,3.7201358437644907,-0.2588190451025208,-0.9659258262890683,0,0,1,3,0,0,1,0,0
158.2,18,0,1,62,0,31,5.0701612734102826,-1.0,-1.8369701987210297e-16,0,0,0,1,0,1,0,0,0
151.21,23,0,0,40,2,63,5.025261146291576,-0.25881904510252157,0.9659258262890681,0,0,0,0,1,0,0,0,0
230.82,21,0,0,75,1,29,5.445961208460599,-0.7071067811865477,0.7071067811865474,0,0,0,0,1,0,0,0,0
171.43,4,0,0,76,5,46,5.14999135701204,0.8660254037844386,0.5000000000000001,1,1,0,2,0,0,0,0,1
57.69,1,0,0,32,3,23,4.072269354570243,0.25881904510252074,0.9659258262890683,1,0,1,2,0,0,0,0,1
63.86,7,0,0,35,0,52,4.172231100879172,0.9659258262890683,-0.25881904510252063,0,0,1,1,1,0,0,0,0
169.54,18,0,0,74,1,34,5.138969873313903,-1.0,-1.8369701987210297e-16,0,0,0,0,1,0,0,0,0
208.24,23,0,0,77,2,53,5.343481918502411,-0.25881904510252157,0.9659258262890681,0,0,0,0,0,0,1,0,0
306.13,13,0,0,38,0,50,5.7272711107251055,-0.2588190451025208,-0.9659258262890683,0,0,1,1,0,0,1,0,0
81.2,8,0,0,71,1,46,4.409155302062135,0.8660254037844387,-0.4999999999999998,0,0,0,0,0,0,1,0,0
137.08,19,1,0,39,3,40,4.9278332273351175,-0.9659258262890684,0.2588190451025203,0,0,1,2,1,0,0,0,0
114.08,18,0,1,27,2,20,4.7456275386833475,-1.0,-1.8369701987210297e-16,0,0,1,2,0,1,0,0,0
219.19,6,0,0,49,2,26,5.394490809996694,1.0,6.123233995736766e-17,0,0,0,0,0,0,0,0,1
40.29,2,0,0,25,4,67,3.720620339897999,0.49999999999999994,0.8660254037844387,1,1,1,3,0,0,1,0,0
64.92,6,0,0,99,2,26,4.188441885601216,1.0,6.123233995736766e-17,0,0,0,0,0,0,0,1,0
180.99,22,0,0,93,1,40,5.2039517405123155,-0.5000000000000004,0.8660254037844384,0,0,0,0,0,0,0,1,0
153.36,6,0,0,62,2,30,5.039287536669418,1.0,6.123233995736766e-17,0,0,0,0,0,1,0,0,0
364.86,18,0,0,67,2,52,5.902250746563152,-1.0,-1.8369701987210297e-16,0,0,0,0,0,0,0,0,1
320.57,14,1,0,68,1,29,5.773215249371538,-0.4999999999999997,-0.8660254037844388,0,0,0,1,1,0,0,0,0
148.3,12,0,0,29,1,50,5.005957704545144,1.2246467991473532e-16,-1.0,0,0,1,1,1,0,0,0,0
154.66,4,0,1,62,2,30,5.0476741415312425,0.8660254037844386,0.5000000000000001,1,0,0,2,0,1,0,0,0
487.78,20,1,0,54,0,57,6.191912490490004,-0.8660254037844386,0.5000000000000001,0,0,0,1,0,0,0,0,1
5.34,12,0,0,56,3,58,1.8468787684491346,1.2246467991473532e-16,-1.0,0,0,0,0,1,0,0,0,0
59.61,11,0,0,36,1,57,4.104459895963194,0.258819045102521,-0.9659258262890682,0,0,1,1,0,0,1,0,0
227.93,18,0,0,60,0,18,5.433416279969651,-1.0,-1.8369701987210297e-16,0,0,0,0,0,0,0,0,1
365.34,7,0,0,77,1,68,5.903561863932071,0.9659258262890683,-0.25881904510252063,0,0,0,0,0,0,0,1,0
177.06,6,0,0,81,4,41,5.182120572145525,1.0,6.123233995736766e-17,0,1,0,1,1,0,0,0,0
169.66,12,0,0,32,2,59,5.139673273108439,1.2246467991473532e-16,-1.0,0,0,1,1,0,0,0,1,0
102.71,18,0,0,29,1,63,4.641598542601643,-1.0,-1.8369701987210297e-16,0,0,1,1,0,0,0,1,0
77.52,11,0,0,92,2,39,4.3633533694082605,0.258819045102521,-0.9659258262890682,0,0,0,0,1,0,0,0,0
3.83,10,0,0,92,2,29,1.5748464676644813,0.49999999999999994,-0.8660254037844387,0,0,0,0,0,0,0,1,0
715.17,4,0,0,38,3,32,6.573917568946162,0.8660254037844386,0.5000000000000001,1,0,1,2,0,0,1,0,0
26.9,20,1,0,76,2,54,3.32862668882732,-0.8660254037844386,0.5000000000000001,0,0,0,1,1,0,0,0,0
25.42,18,0,0,68,2,41,3.2741212990941793,-1.0,-1.8369701987210297e-16,0,0,0,0,0,0,0,1,0
12.42,9,0,0,58,2,44,2.5967461315435356,0.7071067811865476,-0.7071067811865475,0,0,0,0,0,0,0,0,1
376.86,7,0,0,81,2,44,5.934523756645172,0.9659258262890683,-0.25881904510252063,0,0,0,0,0,1,0,0,0
418.86,11,0,0,94,1,18,6.039921322376176,0.258819045102521,-0.9659258262890682,0,0,0,0,0,0,0,0,1
11.6,7,1,0,49,2,46,2.533696813957432,0.9659258262890683,-0.25881904510252063,0,0,0,1,0,0,1,0,0
314.99,0,0,0,69,0,56,5.7557105675165605,0.0,1.0,1,0,0,1,0,0,0,0,1
282.28,19,0,0,64,1,30,5.646435807803648,-0.9659258262890684,0.2588190451025203,0,0,0,0,0,0,0,1,0
67.52,19,1,0,34,2,26,4.2271256734559195,-0.9659258262890684,0.2588190451025203,0,0,1,2,0,0,1,0,0
352.2,7,0,1,41,4,54,5.867034468729805,0.9659258262890683,-0.25881904510252063,0,1,0,2,1,0,0,0,0
217.66,6,0,0,29,2,20,5.387518012006339,1.0,6.123233995736766e-17,0,0,1,1,1,0,0,0,0
160.98,4,1,0,79,2,40,5.087472870820844,0.8660254037844386,0.5000000000000001,1,0,0,2,0,1,0,0,0
126.11,2,0,0,32,0,64,4.845052853306577,0.49999999999999994,0.8660254037844387,1,0,1,2,0,1,0,0,0
89.59,7,0,0,55,3,45,4.506343831681196,0.9659258262890683,-0.25881904510252063,0,0,0,0,0,0,0,0,1
228.3,1,0,0,72,0,52,5.435031189863859,0.25881904510252074,0.9659258262890683,1,0,0,1,0,0,0,0,1
105.67,15,0,0,76,2,62,4.669739956637391,-0.7071067811865471,-0.7071067811865479,0,0,0,0,0,0,0,1,0
45.8,1,1,0,80,2,63,3.845883202923601,0.25881904510252074,0.9659258262890683,1,0,0,2,0,1,0,0,0
258.73,21,0,0,78,0,43,5.5596426299022985,-0.7071067811865477,0.7071067811865474,0,0,0,0,0,1,0,0,0
54.04,3,0,0,45,3,68,4.008060193625088,0.7071067811865476,0.7071067811865476,1,0,0,1,1,0,0,0,0
17.77,16,0,0,74,1,24,2.9322598505984176,-0.8660254037844385,-0.5000000000000004,0,0,0,0,0,0,0,1,0
109.33,4,0,1,79,1,50,4.703475874772215,0.8660254037844386,0.5000000000000001,1,0,0,2,0,0,0,0,1
157.04,6,0,0,39,1,51,5.06284816554319,1.0,6.123233995736766e-17,0,0,1,1,0,1,0,0,0
380.43,3,1,0,69,2,32,5.9439273476503205,0.7071067811865476,0.7071067811865476,1,0,0,2,0,0,0,1,0
282.56,15,0,0,90,1,56,5.647423740986817,-0.7071067811865471,-0.7071067811865479,0,0,0,0,0,0,1,0,0
209.05,17,0,0,45,3,41,5.347345597615391,-0.9659258262890683,-0.25881904510252063,0,0,0,0,0,0,0,1,0
122.1,12,0,0,26,4,33,4.812997033190408,1.2246467991473532e-16,-1.0,0,1,1,2,0,0,0,1,0
84.3,0,0,0,94,1,19,4.446174454497633,0.0,1.0,1,0,0,1,0,0,0,1,0
78.9,2,0,0,63,2,49,4.380775852772229,0.49999999999999994,0.8660254037844387,1,0,0,1,1,0,0,0,0
521.21,14,0,0,98,1,58,6.2580698058327275,-0.4999999999999997,-0.8660254037844388,0,0,0,0,0,1,0,0,0
181.29,19,0,0,69,0,40,5.20559882554483,-0.9659258262890684,0.2588190451025203,0,0,0,0,0,0,0,1,0
103.94,21,0,0,32,2,47,4.653388758258566,-0.7071067811865477,0.7071067811865474,0,0,1,1,1,0,0,0,0
15.35,7,0,0,72,3,28,2.7942278973432626,0.9659258262890683,-0.25881904510252063,0,0,0,0,1,0,0,0,0
140.27,19,0,0,70,4,22,4.950672952923573,-0.9659258262890684,0.2588190451025203,0,1,0,1,0,0,0,0,1
411.88,22,0,0,26,3,34,6.023156993840471,-0.5000000000000004,0.8660254037844384,0,0,1,1,0,0,1,0,0
369.1,13,0,0,85,4,41,5.9137732393921105,-0.2588190451025208,-0.9659258262890683,0,1,0,1,0,0,0,1,0
46.41,5,0,0,85,1,31,3.8588331769140267,0.9659258262890683,0.25881904510252074,1,0,0,1,0,0,1,0,0
165.43,8,0,0,80,0,21,5.114574800598636,0.8660254037844387,-0.4999999999999998,0,0,0,0,0,0,0,1,0
90.45,14,0,0,29,2,63,4.515792374836875,-0.4999999999999997,-0.8660254037844388,0,0,1,1,0,1,0,0,0
377.34,6,0,0,73,3,18,5.935793262237517,1.0,6.123233995736766e-17,0,0,0,0,1,0,0,0,0
9.28,22,1,0,87,1,46,2.330200260027019,-0.5000000000000004,0.8660254037844384,0,0,0,1,0,0,1,0,0
97.67,15,0,0,58,0,49,4.591780948869076,-0.7071067811865471,-0.7071067811865479,0,0,0,0,1,0,0,0,0
605.76,18,0,0,49,5,52,6.408133325723472,-1.0,-1.8369701987210297e-16,0,1,0,1,1,0,0,0,0
38.35,14,0,0,27,2,56,3.6724959748634123,-0.4999999999999997,-0.8660254037844388,0,0,1,1,1,0,0,0,0
376.2,10,1,0,43,2,41,5.9327755507593025,0.49999999999999994,-0.8660254037844387,0,0,0,1,0,1,0,0,0
411.0,13,0,0,55,1,49,6.021023349349527,-0.2588190451025208,-0.9659258262890683,0,0,0,0,0,0,1,0,0
108.99,3,0,0,94,3,50,4.700389452569025,0.7071067811865476,0.7071067811865476,1,0,0,1,0,0,0,1,0
173.94,7,0,1,91,2,58,5.164443057991709,0.9659258262890683,-0.25881904510252063,0,0,0,1,1,0,0,0,0
6.44,9,0,0,66,0,65,2.0068708488450007,0.7071067811865476,-0.7071067811865475,0,0,0,0,0,1,0,0,0
1025.08,23,1,0,42,2,64,6.933500995400553,-0.25881904510252157,0.9659258262890681,0,0,0,1,1,0,0,0,0
90.82,0,0,0,88,4,35,4.519830138821076,0.0,1.0,1,1,0,2,0,0,1,0,0
73.19,22,0,0,56,2,40,4.306629370201435,-0.5000000000000004,0.8660254037844384,0,0,0,0,0,1,0,0,0
26.44,14,0,0,31,2,33,3.3120018028576843,-0.4999999999999997,-0.8660254037844388,0,0,1,1,0,0,1,0,0
140.24,3,0,0,65,1,45,4.950460571060185,0.7071067811865476,0.7071067811865476,1,0,0,1,0,0,1,0,0
43.97,9,0,0,63,1,21,3.805995600782616,0.7071067811865476,-0.7071067811865475,0,0,0,0,0,0,1,0,0
84.7,12,0,1,80,3,30,4.450852825603734,1.2246467991473532e-16,-1.0,0,0,0,1,1,0,0,0,0
73.6,1,0,1,98,0,69,4.312140507209715,0.25881904510252074,0.9659258262890683,1,0,0,2,0,1,0,0,0
71.43,4,0,0,83,1,52,4.282620578207235,0.8660254037844386,0.5000000000000001,1,0,0,1,0,0,0,0,1
14.09,8,1,1,46,2,51,2.7140322727797574,0.8660254037844387,-0.4999999999999998,0,0,0,2,1,0,0,0,0
293.17,16,0,1,70,0,22,5.684157831519901,-0.8660254037844385,-0.5000000000000004,0,0,0,1,1,0,0,0,0
9.98,21,0,0,40,1,38,2.3960754360813845,-0.7071067811865477,0.7071067811865474,0,0,0,0,0,0,0,1,0
49.43,22,0,0,69,1,39,3.920586236088634,-0.5000000000000004,0.8660254037844384,0,0,0,0,0,0,0,0,1
255.22,22,0,0,75,4,30,5.5460364504282875,-0.5000000000000004,0.8660254037844384,0,1,0,1,0,1,0,0,0
274.1,4,0,0,71,2,47,5.617134667930529,0.8660254037844386,0.5000000000000001,1,0,0,1,0,0,0,0,1
480.82,21,0,1,75,1,69,6.177570600319628,-0.7071067811865477,0.7071067811865474,0,0,0,1,1,0,0,0,0
72.32,2,0,0,37,1,55,4.294833422971505,0.49999999999999994,0.8660254037844387,1,0,1,2,1,0,0,0,0
154.86,14,0,0,85,1,22,5.048958168415415,-0.4999999999999997,-0.8660254037844388,0,0,0,0,0,0,0,0,1
96.86,14,0,0,81,2,44,4.583537885860977,-0.4999999999999997,-0.8660254037844388,0,0,0,0,0,0,0,0,1
101.66,14,0,0,50,2,51,4.631422557132157,-0.4999999999999997,-0.8660254037844388,0,0,0,0,0,1,0,0,0
298.81,8,1,0,55,2,30,5.703148940682593,0.8660254037844387,-0.4999999999999998,0,0,0,1,0,0,1,0,0
68.24,1,0,0,75,3,23,4.237578730308009,0.25881904510252074,0.9659258262890683,1,0,0,1,1,0,0,0,0
79.2,23,0,0,83,2,59,4.384523514872469,-0.25881904510252157,0.9659258262890681,0,0,0,0,0,0,0,1,0
134.93,6,0,0,27,4,28,4.912140047347156,1.0,6.123233995736766e-17,0,1,1,2,1,0,0,0,0
305.99,1,0,0,94,1,47,5.726815173766774,0.25881904510252074,0.9659258262890683,1,0,0,1,0,0,0,0,1
14.56,12,0,0,97,0,37,2.7447035187502458,1.2246467991473532e-16,-1.0,0,0,0,0,0,0,0,1,0
40.24,2,0,0,83,3,61,3.719408659148759,0.49999999999999994,0.8660254037844387,1,0,0,1,1,0,0,0,0
105.42,13,0,0,56,3,29,4.667393529168224,-0.2588190451025208,-0.9659258262890683,0,0,0,0,0,0,1,0,0
144.54,19,0,0,71,2,67,4.98045096291894,-0.9659258262890684,0.2588190451025203,0,0,0,0,0,0,0,1,0
182.68,17,1,0,39,0,51,5.213195113131202,-0.9659258262890683,-0.25881904510252063,0,0,1,2,0,1,0,0,0
137.21,7,0,0,63,0,21,4.928774267615935,0.9659258262890683,-0.25881904510252063,0,0,0,0,0,0,0,0,1
100.05,8,0,0,88,1,38,4.61561544384963,0.8660254037844387,-0.4999999999999998,0,0,0,0,0,0,0,0,1
274.89,11,0,0,53,2,47,5.620002235550063,0.258819045102521,-0.9659258262890682,0,0,0,0,1,0,0,0,0
59.25,22,0,0,35,2,60,4.098502572370764,-0.5000000000000004,0.8660254037844384,0,0,1,1,0,0,1,0,0
1.96,10,0,0,75,2,68,1.085189268335969,0.49999999999999994,-0.8660254037844387,0,0,0,0,0,0,0,0,1
69.07,3,0,0,54,1,41,4.249494742382442,0.7071067811865476,0.7071067811865476,1,0,0,1,0,0,0,0,1
87.39,19,1,0,99,1,64,4.481758841072857,-0.9659258262890684,0.2588190451025203,0,0,0,1,0,1,0,0,0
5.78,4,1,0,45,3,46,1.9139771019523042,0.8660254037844386,0.5000000000000001,1,0,0,2,0,1,0,0,0
46.68,20,0,0,64,1,54,3.8645120227570944,-0.8660254037844386,0.5000000000000001,0,0,0,0,1,0,0,0,0
27.38,12,0,0,92,0,25,3.3456846717318967,1.2246467991473532e-16,-1.0,0,0,0,0,0,0,0,0,1
191.16,15,0,0,85,3,28,5.258328358331673,-0.7071067811865471,-0.7071067811865479,0,0,0,0,1,0,0,0,0
162.63,6,0,0,37,5,49,5.0976077814408045,1.0,6.123233995736766e-17,0,1,1,2,0,0,0,0,1
56.81,11,0,0,78,0,37,4.057161771094385,0.258819045102521,-0.9659258262890682,0,0,0,0,0,0,0,0,1
252.3,4,0,0,31,1,57,5.5345745570076295,0.8660254037844386,0.5000000000000001,1,0,1,2,0,0,0,0,1
366.61,12,1,0,99,0,34,5.907022593593569,1.2246467991473532e-16,-1.0,0,0,0,1,0,0,0,0,1
187.24,8,0,0,35,0,59,5.237717744419107,0.8660254037844387,-0.4999999999999998,0,0,1,1,0,0,0,1,0
508.78,22,0,0,50,2,50,6.2339792601014485,-0.5000000000000004,0.8660254037844384,0,0,0,0,0,1,0,0,0
27.09,11,0,0,37,2,27,3.335413641116152,0.258819045102521,-0.9659258262890682,0,0,1,1,0,1,0,0,0
452.48,18,0,0,39,3,32,6.116951167149398,-1.0,-1.8369701987210297e-16,0,0,1,1,1,0,0,0,0
13.56,23,0,0,75,3,31,2.67827804276854,-0.25881904510252157,0.9659258262890681,0,0,0,0,0,0,0,0,1
3.7,11,0,0,56,3,58,1.547562508716013,0.258819045102521,-0.9659258262890682,0,0,0,0,0,0,0,1,0
478.33,19,0,1,41,1,27,6.1723892954857815,-0.9659258262890684,0.2588190451025203,0,0,0,1,0,0,1,0,0
48.1,16,0,0,51,1,47,3.893859034800475,-0.8660254037844385,-0.5000000000000004,0,0,0,0,0,1,0,0,0
41.95,20,0,0,51,4,30,3.7600366484302645,-0.8660254037844386,0.5000000000000001,0,1,0,1,1,0,0,0,0
15.25,2,0,0,86,2,61,2.7880929087757464,0.49999999999999994,0.8660254037844387,1,0,0,1,0,0,0,0,1
24.88,6,0,0,77,1,58,3.2534704696327,1.0,6.123233995736766e-17,0,0,0,0,0,0,1,0,0
766.55,22,0,0,29,0,41,6.64320362391921,-0.5000000000000004,0.8660254037844384,0,0,1,1,0,0,0,0,1
213.56,6,0,0,90,1,68,5.368589419533368,1.0,6.123233995736766e-17,0,0,0,0,1,0,0,0,0
24.51,13,0,0,85,1,54,3.23907053215372,-0.2588190451025208,-0.9659258262890683,0,0,0,0,0,0,0,1,0
317.4,9,0,0,48,3,61,5.763308453970228,0.7071067811865476,-0.7071067811865475,0,0,0,0,1,0,0,0,0
82.51,13,0,0,34,3,50,4.424966385165138,-0.2588190451025208,-0.9659258262890683,0,0,1,1,0,1,0,0,0
557.66,8,0,0,57,0,60,6.3255410591284935,0.8660254037844387,-0.4999999999999998,0,0,0,0,0,0,0,1,0
66.36,5,0,0,54,6,32,4.210051369934071,0.9659258262890683,0.25881904510252074,1,1,0,2,0,0,0,0,1
28.18,17,0,0,99,4,69,3.3734835430946397,-0.9659258262890683,-0.25881904510252063,0,1,0,1,0,0,1,0,0
73.53,14,0,0,25,5,31,4.311201728893603,-0.4999999999999997,-0.8660254037844388,0,1,1,2,0,0,0,1,0
141.4,15,0,1,35,2,33,4.958639998977875,-0.7071067811865471,-0.7071067811865479,0,0,1,2,0,1,0,0,0
176.07,1,0,0,48,2,21,5.1765451346181255,0.25881904510252074,0.9659258262890683,1,0,0,1,0,0,0,0,1
239.75,19,0,0,34,0,49,5.483759050678235,-0.9659258262890684,0.2588190451025203,0,0,1,1,0,0,1,0,0
72.97,4,1,0,45,3,65,4.303659605599776,0.8660254037844386,0.5000000000000001,1,0,0,2,0,0,1,0,0
33.77,1,0,1,88,2,30,3.5487549460197703,0.25881904510252074,0.9659258262890683,1,0,0,2,0,0,0,0,1
230.67,15,0,0,29,5,20,5.445313945282377,-0.7071067811865471,-0.7071067811865479,0,1,1,2,0,1,0,0,0
122.91,22,0,0,72,1,37,4.819555495628402,-0.5000000000000004,0.8660254037844384,0,0,0,0,0,1,0,0,0
752.03,5,0,0,71,1,31,6.624105067643726,0.9659258262890683,0.25881904510252074,1,0,0,1,0,0,1,0,0
69.82,16,0,0,65,2,63,4.2601414466837575,-0.8660254037844385,-0.5000000000000004,0,0,0,0,0,1,0,0,0
151.62,14,0,0,45,2,60,5.0279511718614875,-0.4999999999999997,-0.8660254037844388,0,0,0,0,0,0,0,1,0
1.96,14,0,0,78,0,50,1.085189268335969,-0.4999999999999997,-0.8660254037844388,0,0,0,0,0,0,1,0,0
101.82,7,0,0,88,4,54,4.632979886627359,0.9659258262890683,-0.25881904510252063,0,1,0,1,0,0,1,0,0
100.41,20,0,1,49,4,34,4.619171705623905,-0.8660254037844386,0.5000000000000001,0,1,0,2,0,1,0,0,0
365.73,14,0,0,41,2,34,5.904625882475441,-0.4999999999999997,-0.8660254037844388,0,0,0,0,0,0,0,0,1
125.29,11,0,0,59,1,18,4.838580849658078,0.258819045102521,-0.9659258262890682,0,0,0,0,1,0,0,0,0
45.55,10,0,0,26,2,29,3.840527003723076,0.49999999999999994,-0.8660254037844387,0,0,1,1,0,0,1,0,0
1.67,14,0,0,31,3,55,0.9820784724121582,-0.4999999999999997,-0.8660254037844388,0,0,1,1,0,0,0,1,0
203.49,14,0,0,61,3,63,5.320519074531723,-0.4999999999999997,-0.8660254037844388,0,0,0,0,0,1,0,0,0
48.84,22,0,0,35,1,61,3.908817874479198,-0.5000000000000004,0.8660254037844384,0,0,1,1,0,1,0,0,0
5.94,13,0,0,41,1,47,1.937301774518713,-0.2588190451025208,-0.9659258262890683,0,0,0,0,1,0,0,0,0
162.8,9,0,0,50,3,27,5.098646171418969,0.7071067811865476,-0.7071067811865475,0,0,0,0,0,1,0,0,0
98.47,3,0,1,44,2,28,4.599856091164322,0.7071067811865476,0.7071067811865476,1,0,0,2,0,0,0,1,0
27.56,5,0,0,94,2,51,3.3520071374713836,0.9659258262890683,0.25881904510252074,1,0,0,1,1,0,0,0,0
4.64,19,0,0,75,1,34,1.7298840655099674,-0.9659258262890684,0.2588190451025203,0,0,0,0,0,1,0,0,0
261.09,2,0,0,65,1,61,5.568687956224928,0.49999999999999994,0.8660254037844387,1,0,0,1,0,1,0,0,0
52.21,11,0,0,64,2,31,3.9742463486082777,0.258819045102521,-0.9659258262890682,0,0,0,0,0,0,0,0,1
111.26,19,0,0,74,3,68,4.720817609514054,-0.9659258262890684,0.2588190451025203,0,0,0,0,1,0,0,0,0
425.77,2,0,0,42,4,22,6.056245226422895,0.49999999999999994,0.8660254037844387,1,1,0,2,0,0,1,0,0
34.86,10,0,0,40,1,28,3.5796224681769866,0.49999999999999994,-0.8660254037844387,0,0,0,0,0,1,0,0,0
27.62,10,0,0,65,6,32,3.3541057741283047,0.49999999999999994,-0.8660254037844387,0,1,0,1,0,0,0,1,0
47.36,1,0,0,45,2,28,3.878673025746592,0.25881904510252074,0.9659258262890683,1,0,0,1,1,0,0,0,0
522.48,10,0,0,97,2,55,6.2604988251872795,0.49999999999999994,-0.8660254037844387,0,0,0,0,0,1,0,0,0
323.74,17,1,0,45,1,46,5.783024862158968,-0.9659258262890683,-0.25881904510252063,0,0,0,1,1,0,0,0,0
51.15,15,0,0,38,3,45,3.9541241814467813,-0.7071067811865471,-0.7071067811865479,0,0,1,1,0,0,0,1,0
204.27,3,1,0,80,0,18,5.324326185729087,0.7071067811865476,0.7071067811865476,1,0,0,2,0,0,0,0,1
548.04,1,0,0,45,2,40,6.308171298600379,0.25881904510252074,0.9659258262890683,1,0,0,1,0,1,0,0,0
597.94,9,0,0,56,4,47,6.395161426153498,0.7071067811865476,-0.7071067811865475,0,1,0,1,0,0,0,0,1
116.81,11,0,0,79,4,48,4.769073157258028,0.258819045102521,-0.9659258262890682,0,1,0,1,0,0,0,0,1
292.91,5,0,0,73,5,29,5.683273598024661,0.9659258262890683,0.25881904510252074,1,1,0,2,0,1,0,0,0
42.8,15,0,0,46,1,20,3.7796338173824005,-0.7071067811865471,-0.7071067811865479,0,0,0,0,0,0,1,0,0
125.17,11,0,0,77,2,58,4.83763020393965,0.258819045102521,-0.9659258262890682,0,0,0,0,0,0,1,0,0
313.47,20,1,0,71,4,23,5.750888682083473,-0.8660254037844386,0.5000000000000001,0,1,0,2,0,0,1,0,0
46.76,5,0,0,56,3,68,3.8661884690843467,0.9659258262890683,0.25881904510252074,1,0,0,1,0,0,0,0,1
205.18,13,0,1,41,2,55,5.328749573668238,-0.2588190451025208,-0.9659258262890683,0,0,0,1,0,0,0,1,0
87.09,9,1,0,40,2,44,4.478359019121704,0.7071067811865476,-0.7071067811865475,0,0,0,1,0,0,0,1,0
145.13,21,0,0,57,1,47,4.984496636486561,-0.7071067811865477,0.7071067811865474,0,0,0,0,0,0,0,1,0
105.05,7,0,0,69,2,43,4.663910681010692,0.9659258262890683,-0.25881904510252063,0,0,0,0,0,0,1,0,0
153.4,20,0,0,59,1,33,5.039546637590676,-0.8660254037844386,0.5000000000000001,0,0,0,0,0,0,0,1,0
13.15,5,0,0,62,2,19,2.649714624089247,0.9659258262890683,0.25881904510252074,1,0,0,1,0,1,0,0,0
53.49,21,1,0,50,6,62,3.998017198595007,-0.7071067811865477,0.7071067811865474,0,1,0,2,0,0,1,0,0
454.34,21,0,0,28,2,37,6.121044392643876,-0.7071067811865477,0.7071067811865474,0,0,1,1,0,0,0,1,0
150.06,23,0,0,33,1,55,5.017677108885302,-0.25881904510252157,0.9659258262890681,0,0,1,1,0,0,0,0,1
9.66,16,0,0,98,0,21,2.3664984187376983,-0.8660254037844385,-0.5000000000000004,0,0,0,0,0,1,0,0,0
128.48,11,0,0,83,0,65,4.8635264290580436,0.258819045102521,-0.9659258262890682,0,0,0,0,1,0,0,0,0
20.83,12,0,0,79,5,35,3.0832851705618523,1.2246467991473532e-16,-1.0,0,1,0,1,1,0,0,0,0
76.42,5,0,0,50,5,27,4.349245145149502,0.9659258262890683,0.25881904510252074,1,1,0,2,0,0,1,0,0
349.19,5,0,0,69,2,29,5.858475864332681,0.9659258262890683,0.25881904510252074,1,0,0,1,0,1,0,0,0
1.56,22,0,0,61,3,39,0.9400072584914712,-0.5000000000000004,0.8660254037844384,0,0,0,0,0,0,0,1,0
14.25,6,1,0,94,1,31,2.7245795030534206,1.0,6.123233995736766e-17,0,0,0,1,0,1,0,0,0
136.26,0,0,0,52,2,28,4.921876937480489,0.0,1.0,1,0,0,1,0,0,0,0,1
77.43,1,0,1,41,3,56,4.362206507224575,0.25881904510252074,0.9659258262890683,1,0,0,2,1,0,0,0,0
115.58,22,0,0,97,0,27,4.758577732617404,-0.5000000000000004,0.8660254037844384,0,0,0,0,0,0,1,0,0
45.74,22,0,1,66,2,57,3.844600329110712,-0.5000000000000004,0.8660254037844384,0,0,0,1,1,0,0,0,0
372.41,22,0,0,40,4,19,5.922677011680996,-0.5000000000000004,0.8660254037844384,0,1,0,1,0,0,1,0,0
162.06,10,0,0,91,5,41,5.094118231234765,0.49999999999999994,-0.8660254037844387,0,1,0,1,1,0,0,0,0
91.05,14,0,0,52,5,45,4.522331907679087,-0.4999999999999997,-0.8660254037844388,0,1,0,1,0,0,1,0,0
172.0,2,0,1,56,5,24,5.153291594497779,0.49999999999999994,0.8660254037844387,1,1,0,3,0,0,0,1,0
27.67,1,0,0,36,1,45,3.3558512798952784,0.25881904510252074,0.9659258262890683,1,0,1,2,1,0,0,0,0
87.88,1,0,0,63,4,53,4.487287145331375,0.25881904510252074,0.9659258262890683,1,1,0,2,0,0,0,0,1
198.77,10,0,1,91,2,62,5.297166704790641,0.49999999999999994,-0.8660254037844387,0,0,0,1,0,0,0,1,0
97.82,19,0,0,48,2,29,4.593300013417604,-0.9659258262890684,0.2588190451025203,0,0,0,0,0,0,0,0,1
368.28,14,0,0,52,2,44,5.91155516387968,-0.4999999999999997,-0.8660254037844388,0,0,0,0,0,1,0,0,0
200.59,23,0,0,83,1,23,5.306235931792332,-0.25881904510252157,0.9659258262890681,0,0,0,0,0,0,0,1,0
52.31,9,0,0,66,1,35,3.9761239308346696,0.7071067811865476,-0.7071067811865475,0,0,0,0,0,0,0,0,1
42.58,18,0,0,42,1,58,3.774598329516474,-1.0,-1.8369701987210297e-16,0,0,0,0,0,0,1,0,0
48.96,20,0,0,74,2,26,3.911222685257377,-0.8660254037844386,0.5000000000000001,0,0,0,0,0,0,1,0,0
89.42,4,1,0,58,3,20,4.504465481866459,0.8660254037844386,0.5000000000000001,1,0,0,2,0,0,0,1,0
81.77,16,0,0,40,3,52,4.416065676897304,-0.8660254037844385,-0.5000000000000004,0,0,0,0,1,0,0,0,0
220.5,2,0,0,48,5,48,5.40042258948519,0.49999999999999994,0.8660254037844387,1,1,0,2,0,0,1,0,0
93.03,2,0,1,79,0,44,4.543613880288985,0.49999999999999994,0.8660254037844387,1,0,0,2,0,0,1,0,0
465.51,20,0,0,71,5,28,6.14527945628487,-0.8660254037844386,0.5000000000000001,0,1,0,1,0,0,0,1,0
122.55,6,0,0,85,1,29,4.816645932434619,1.0,6.123233995736766e-17,0,0,0,0,1,0,0,0,0
1097.38,21,0,0,27,4,19,7.001591645985002,-0.7071067811865477,0.7071067811865474,0,1,1,2,1,0,0,0,0
120.24,18,0,0,36,1,20,4.797772052189602,-1.0,-1.8369701987210297e-16,0,0,1,1,0,0,0,0,1
540.89,11,0,0,92,4,18,6.295063028812576,0.258819045102521,-0.9659258262890682,0,1,0,1,0,1,0,0,0
44.32,16,0,0,38,1,64,3.8137484361598055,-0.8660254037844385,-0.5000000000000004,0,0,1,1,0,0,0,0,1
22.64,9,0,0,99,5,48,3.1629401925378975,0.7071067811865476,-0.7071067811865475,0,1,0,1,0,1,0,0,0
114.83,17,1,0,32,0,60,4.752123598944254,-0.9659258262890683,-0.25881904510252063,0,0,1,2,0,0,0,0,1
110.15,22,0,0,78,2,57,4.710880640410205,-0.5000000000000004,0.8660254037844384,0,0,0,0,0,0,0,0,1
636.38,10,0,0,97,4,37,6.457366024019977,0.49999999999999994,-0.8660254037844387,0,1,0,1,1,0,0,0,0
69.61,0,0,1,95,2,23,4.257171777528256,0.0,1.0,1,0,0,2,0,1,0,0,0
34.59,4,0,0,52,2,65,3.5720646995221013,0.8660254037844386,0.5000000000000001,1,0,0,1,0,0,0,1,0
37.14,13,0,0,92,2,26,3.641263600172273,-0.2588190451025208,-0.9659258262890683,0,0,0,0,0,0,0,1,0
11.34,23,0,0,96,1,32,2.5128460184772416,-0.25881904510252157,0.9659258262890681,0,0,0,0,1,0,0,0,0
176.39,14,0,0,94,2,30,5.178350698500848,-0.4999999999999997,-0.8660254037844388,0,0,0,0,0,0,1,0,0
3.08,18,0,0,98,2,57,1.4060969884160703,-1.0,-1.8369701987210297e-16,0,0,0,0,0,1,0,0,0
14.9,22,0,0,32,3,54,2.766319109226186,-0.5000000000000004,0.8660254037844384,0,0,1,1,0,0,0,0,1
300.7,23,0,0,81,1,32,5.709433146165015,-0.25881904510252157,0.9659258262890681,0,0,0,0,0,0,1,0,0
331.5,4,0,0,95,5,26,5.806639860095909,0.8660254037844386,0.5000000000000001,1,1,0,2,0,0,1,0,0
50.52,9,0,0,45,3,36,3.9419700817960983,0.7071067811865476,-0.7071067811865475,0,0,0,0,0,0,0,0,1
112.34,4,0,0,42,1,53,4.730392150741473,0.8660254037844386,0.5000000000000001,1,0,0,1,0,0,0,1,0
91.4,8,0,0,89,2,54,4.526126978647638,0.8660254037844387,-0.4999999999999998,0,0,0,0,0,0,1,0,0
104.61,8,0,0,34,1,32,4.659753063758383,0.8660254037844387,-0.4999999999999998,0,0,1,1,0,0,0,1,0
506.19,8,0,0,45,4,48,6.228885686840323,0.8660254037844387,-0.4999999999999998,0,1,0,1,0,1,0,0,0
186.12,5,0,0,63,1,43,5.2317501222759235,0.9659258262890683,0.25881904510252074,1,0,0,1,0,1,0,0,0
120.3,17,0,0,69,3,22,4.798266815950004,-0.9659258262890683,-0.25881904510252063,0,0,0,0,0,0,0,1,0
100.7,2,0,0,95,1,38,4.622027303054514,0.49999999999999994,0.8660254037844387,1,0,0,1,0,0,1,0,0
246.86,8,0,0,90,2,32,5.512864070636728,0.8660254037844387,-0.4999999999999998,0,0,0,0,0,0,1,0,0
186.56,22,0,0,67,1,45,5.234098794221386,-0.5000000000000004,0.8660254037844384,0,0,0,0,0,0,0,1,0
116.44,11,0,1,65,1,29,4.765927564866206,0.258819045102521,-0.9659258262890682,0,0,0,1,0,0,1,0,0
254.24,5,0,0,67,2,43,5.5422042790001464,0.9659258262890683,0.25881904510252074,1,0,0,1,0,1,0,0,0
12.49,18,0,1,74,1,49,2.6019486702196644,-1.0,-1.8369701987210297e-16,0,0,0,1,1,0,0,0,0
123.6,19,1,1,83,1,32,4.825108606353353,-0.9659258262890684,0.2588190451025203,0,0,0,2,0,0,0,0,1
950.41,1,0,1,70,2,60,6.857945094769094,0.25881904510252074,0.9659258262890683,1,0,0,2,0,0,0,0,1
1087.95,11,0,0,52,1,66,6.992969208196618,0.258819045102521,-0.9659258262890682,0,0,0,0,0,1,0,0,0
264.15,13,0,0,98,2,48,5.580295703583139,-0.2588190451025208,-0.9659258262890683,0,0,0,0,1,0,0,0,0
151.87,12,0,0,71,1,28,5.0295878870129425,1.2246467991473532e-16,-1.0,0,0,0,0,0,0,0,0,1
167.17,17,0,0,98,5,22,5.124975372534658,-0.9659258262890683,-0.25881904510252063,0,1,0,1,0,0,0,1,0
494.62,7,0,1,59,3,62,6.205809504065842,0.9659258262890683,-0.25881904510252063,0,0,0,1,0,0,1,0,0
23.9,6,0,0,70,1,67,3.214867803470662,1.0,6.123233995736766e-17,0,0,0,0,0,1,0,0,0
37.96,21,0,0,58,1,54,3.6625354787743345,-0.7071067811865477,0.7071067811865474,0,0,0,0,0,1,0,0,0
47.48,13,0,0,99,1,54,3.881151341761059,-0.2588190451025208,-0.9659258262890683,0,0,0,0,0,0,0,1,0
212.49,15,1,0,74,4,38,5.363589993164233,-0.7071067811865471,-0.7071067811865479,0,1,0,2,1,0,0,0,0
55.43,15,0,0,65,1,22,4.033000931981049,-0.7071067811865471,-0.7071067811865479,0,0,0,0,0,0,1,0,0
78.2,3,0,0,78,1,24,4.37197629882038,0.7071067811865476,0.7071067811865476,1,0,0,1,1,0,0,0,0
55.39,10,0,0,63,5,64,4.03229183781909,0.49999999999999994,-0.8660254037844387,0,1,0,1,0,0,0,0,1
176.41,19,0,0,80,4,68,5.178463438072558,-0.9659258262890684,0.2588190451025203,0,1,0,1,0,0,0,1,0
199.1,0,0,0,34,3,53,5.2988172415896875,0.0,1.0,1,0,1,2,0,1,0,0,0
358.56,14,0,0,37,1,50,5.884881061705198,-0.4999999999999997,-0.8660254037844388,0,0,1,1,0,0,1,0,0
85.25,18,1,0,51,0,49,4.457250055911469,-1.0,-1.8369701987210297e-16,0,0,0,1,0,0,1,0,0
83.17,22,1,0,58,2,54,4.432838563223485,-0.5000000000000004,0.8660254037844384,0,0,0,1,0,1,0,0,0
7.13,11,0,1,28,2,19,2.0955609235597192,0.258819045102521,-0.9659258262890682,0,0,1,2,0,0,0,1,0
675.6,6,0,0,56,2,68,6.517080256346608,1.0,6.123233995736766e-17,0,0,0,0,0,1,0,0,0
46.49,4,0,0,33,0,37,3.8605191625610304,0.8660254037844386,0.5000000000000001,1,0,1,2,0,0,1,0,0
140.89,19,0,0,56,1,18,4.9550521095192215,-0.9659258262890684,0.2588190451025203,0,0,0,0,0,0,1,0,0
74.1,16,0,0,29,3,54,4.318820558770089,-0.8660254037844385,-0.5000000000000004,0,0,1,1,0,0,1,0,0
19.26,3,0,0,75,2,26,3.0086484988205373,0.7071067811865476,0.7071067811865476,1,0,0,1,0,1,0,0,0
206.89,22,0,0,56,1,26,5.337009093659023,-0.5000000000000004,0.8660254037844384,0,0,0,0,0,1,0,0,0
214.35,0,0,0,50,1,64,5.372264611500119,0.0,1.0,1,0,0,1,0,0,0,1,0
544.43,11,0,0,51,3,22,6.301574474399291,0.258819045102521,-0.9659258262890682,0,0,0,0,0,0,1,0,0
443.72,0,0,1,40,1,67,6.097444870645214,0.0,1.0,1,0,0,2,0,0,1,0,0
60.77,3,1,0,51,5,38,4.123417809707808,0.7071067811865476,0.7071067811865476,1,1,0,3,1,0,0,0,0
55.49,10,0,0,71,0,69,4.034063631337171,0.49999999999999994,-0.8660254037844387,0,0,0,0,0,0,0,0,1
208.26,12,1,0,50,4,51,5.343577497952901,1.2246467991473532e-16,-1.0,0,1,0,2,0,0,0,0,1
524.29,2,0,0,93,0,64,6.2639504910378045,0.49999999999999994,0.8660254037844387,1,0,0,1,0,1,0,0,0
355.49,18,0,0,78,3,26,5.8763061889700445,-1.0,-1.8369701987210297e-16,0,0,0,0,0,0,0,0,1
142.92,12,0,0,88,3,25,4.969257589642278,1.2246467991473532e-16,-1.0,0,0,0,0,0,0,1,0,0
184.12,15,0,0,89,2,60,5.221004263445367,-0.7071067811865471,-0.7071067811865479,0,0,0,0,1,0,0,0,0
15.05,21,0,1,52,0,60,2.775708849576025,-0.7071067811865477,0.7071067811865474,0,0,0,1,1,0,0,0,0
11.97,4,0,0,65,3,62,2.5626389983283526,0.8660254037844386,0.5000000000000001,1,0,0,1,0,0,1,0,0
346.3,5,0,0,71,2,33,5.850188959750028,0.9659258262890683,0.25881904510252074,1,0,0,1,0,0,0,0,1
6.15,2,0,0,73,0,52,1.9671123567059163,0.49999999999999994,0.8660254037844387,1,0,0,1,0,0,0,1,0
496.19,9,0,0,36,0,47,6.208972246803563,0.7071067811865476,-0.7071067811865475,0,0,1,1,0,0,1,0,0
24.2,17,0,0,56,2,28,3.2268439945173775,-0.9659258262890683,-0.25881904510252063,0,0,0,0,1,0,0,0,0
244.31,20,0,0,28,2,23,5.5025227168419955,-0.8660254037844386,0.5000000000000001,0,0,1,1,0,0,1,0,0
30.3,3,0,0,80,0,21,3.4436180975461075,0.7071067811865476,0.7071067811865476,1,0,0,1,0,0,0,1,0
790.93,19,0,0,94,4,49,6.67447300406996,-0.9659258262890684,0.2588190451025203,0,1,0,1,0,1,0,0,0
147.68,19,0,0,35,1,52,5.001796345429051,-0.9659258262890684,0.2588190451025203,0,0,1,1,0,0,0,0,1
152.42,1,0,0,83,2,31,5.03317925853115,0.25881904510252074,0.9659258262890683,1,0,0,1,0,1,0,0,0
245.3,17,0,0,93,1,46,5.506550305126492,-0.9659258262890683,-0.25881904510252063,0,0,0,0,0,0,1,0,0
39.41,9,0,0,77,0,37,3.6990772790903823,0.7071067811865476,-0.7071067811865475,0,0,0,0,0,1,0,0,0
230.97,6,0,0,52,1,46,5.446608052960179,1.0,6.123233995736766e-17,0,0,0,0,0,0,1,0,0
982.29,23,0,0,45,5,18,6.890904091898132,-0.25881904510252157,0.9659258262890681,0,1,0,1,0,0,1,0,0
134.36,20,0,0,92,3,26,4.907937895857914,-0.8660254037844386,0.5000000000000001,0,0,0,0,0,0,0,0,1
110.33,0,0,0,64,0,64,4.712498763740616,0.0,1.0,1,0,0,1,1,0,0,0,0
104.76,8,0,0,38,0,54,4.6611723761033765,0.8660254037844387,-0.4999999999999998,0,0,1,1,0,0,0,1,0
25.73,21,0,0,98,2,22,3.2857865301508276,-0.7071067811865477,0.7071067811865474,0,0,0,0,0,0,0,0,1
98.05,20,0,0,89,1,22,4.59562477314456,-0.8660254037844386,0.5000000000000001,0,0,0,0,0,0,0,0,1
101.92,11,0,0,38,2,52,4.6339519874135435,0.258819045102521,-0.9659258262890682,0,0,1,1,0,0,0,1,0
74.03,12,0,0,73,0,27,4.3178880335576375,1.2246467991473532e-16,-1.0,0,0,0,0,0,1,0,0,0
116.23,20,0,0,48,1,27,4.7641378170837365,-0.8660254037844386,0.5000000000000001,0,0,0,0,0,0,0,1,0
140.28,16,0,0,49,4,45,4.9507437368556495,-0.8660254037844385,-0.5000000000000004,0,1,0,1,0,0,0,0,1
13.41,2,0,0,96,2,35,2.667922410011431,0.49999999999999994,0.8660254037844387,1,0,0,1,0,0,0,0,1
94.81,9,0,0,63,3,20,4.562367063662782,0.7071067811865476,-0.7071067811865475,0,0,0,0,0,0,1,0,0
207.29,5,0,0,50,1,54,5.338931339433292,0.9659258262890683,0.25881904510252074,1,0,0,1,0,0,1,0,0
296.56,11,0,0,81,3,36,5.69561588532314,0.258819045102521,-0.9659258262890682,0,0,0,0,0,0,1,0,0
13.68,8,0,1,69,3,18,2.6864860231863696,0.8660254037844387,-0.4999999999999998,0,0,0,1,0,0,0,0,1
55.86,19,0,0,84,1,65,4.040592106222854,-0.9659258262890684,0.2588190451025203,0,0,0,0,0,0,1,0,0
2.09,11,0,0,80,5,20,1.128171090909654,0.258819045102521,-0.9659258262890682,0,1,0,1,0,1,0,0,0
457.05,17,0,0,56,2,40,6.1269783484612175,-0.9659258262890683,-0.25881904510252063,0,0,0,0,1,0,0,0,0
639.75,17,0,0,67,0,37,6.462639365244181,-0.9659258262890683,-0.25881904510252063,0,0,0,0,0,0,1,0,0
8.27,19,1,0,84,3,58,2.2267833795777636,-0.9659258262890684,0.2588190451025203,0,0,0,1,0,0,0,1,0
235.42,21,0,0,97,3,36,5.465609884322231,-0.7071067811865477,0.7071067811865474,0,0,0,0,0,1,0,0,0
199.8,11,0,0,35,4,27,5.302309387817574,0.258819045102521,-0.9659258262890682,0,1,1,2,1,0,0,0,0
140.3,12,1,0,40,1,65,4.950885289690482,1.2246467991473532e-16,-1.0,0,0,0,1,0,0,0,0,1
4.11,4,0,0,28,1,57,1.631199404215613,0.8660254037844386,0.5000000000000001,1,0,1,2,1,0,0,0,0
181.57,15,1,0,63,2,28,5.207133661125419,-0.7071067811865471,-0.7071067811865479,0,0,0,1,0,0,0,0,1
156.05,23,0,0,25,4,28,5.056564225984656,-0.25881904510252157,0.9659258262890681,0,1,1,2,0,0,0,0,1
30.6,5,0,0,45,4,18,3.4531571205928664,0.9659258262890683,0.25881904510252074,1,1,0,2,1,0,0,0,0
81.54,19,0,0,40,1,54,4.413283024324436,-0.9659258262890684,0.2588190451025203,0,0,0,0,1,0,0,0,0
373.59,5,0,0,91,2,59,5.925832094512182,0.9659258262890683,0.25881904510252074,1,0,0,1,0,0,1,0,0
84.84,4,0,0,47,1,48,4.452485098322443,0.8660254037844386,0.5000000000000001,1,0,0,1,0,0,1,0,0
122.09,5,0,0,85,0,30,4.812915795122205,0.9659258262890683,0.25881904510252074,1,0,0,1,0,1,0,0,0
22.83,7,0,0,41,3,55,3.170945291110651,0.9659258262890683,-0.25881904510252063,0,0,0,0,0,0,1,0,0
147.63,19,0,1,73,5,32,5.001459996160803,-0.9659258262890684,0.2588190451025203,0,1,0,2,0,1,0,0,0
105.25,2,0,0,65,2,39,4.665794807804526,0.49999999999999994,0.8660254037844387,1,0,0,1,0,0,0,1,0
285.26,9,1,0,25,0,49,5.6569004887560705,0.7071067811865476,-0.7071067811865475,0,0,1,2,0,0,1,0,0
409.52,14,0,0,55,2,31,6.017424648777514,-0.4999999999999997,-0.8660254037844388,0,0,0,0,0,0,1,0,0
83.93,14,0,0,83,1,59,4.441827387791918,-0.4999999999999997,-0.8660254037844388,0,0,0,0,0,0,0,1,0
650.67,12,0,0,67,4,53,6.479538298827788,1.2246467991473532e-16,-1.0,0,1,0,1,0,0,1,0,0
148.16,23,0,0,29,2,44,5.00501955531062,-0.25881904510252157,0.9659258262890681,0,0,1,1,0,0,0,1,0
163.73,20,0,0,43,3,51,5.104307769958891,-0.8660254037844386,0.5000000000000001,0,0,0,0,0,1,0,0,0
119.34,14,0,0,82,2,51,4.790321069792205,-0.4999999999999997,-0.8660254037844388,0,0,0,0,0,1,0,0,0
79.94,21,0,0,88,1,56,4.393708139447719,-0.7071067811865477,0.7071067811865474,0,0,0,0,0,1,0,0,0
1.64,2,0,0,66,0,33,0.9707789171582248,0.49999999999999994,0.8660254037844387,1,0,0,1,0,0,0,1,0
315.97,5,0,0,79,2,53,5.758807132174922,0.9659258262890683,0.25881904510252074,1,0,0,1,0,0,0,1,0
109.05,3,0,0,97,3,19,4.70093480797247,0.7071067811865476,0.7071067811865476,1,0,0,1,0,0,0,1,0
356.21,12,0,0,67,3,24,5.878323844131193,1.2246467991473532e-16,-1.0,0,0,0,0,0,1,0,0,0
184.89,8,0,0,29,1,46,5.225155100919053,0.8660254037844387,-0.4999999999999998,0,0,1,1,0,0,0,0,1
196.12,4,0,0,59,2,19,5.283812680345155,0.8660254037844386,0.5000000000000001,1,0,0,1,0,0,0,0,1
286.19,11,0,0,30,1,65,5.660144017626371,0.258819045102521,-0.9659258262890682,0,0,1,1,1,0,0,0,0
46.29,5,0,0,82,1,50,3.8562988566557843,0.9659258262890683,0.25881904510252074,1,0,0,1,0,0,0,0,1
243.61,11,0,0,86,4,43,5.499665105491789,0.258819045102521,-0.9659258262890682,0,1,0,1,0,0,0,1,0
230.88,15,0,0,66,1,31,5.446219996471532,-0.7071067811865471,-0.7071067811865479,0,0,0,0,1,0,0,0,0
46.13,9,0,0,29,1,51,3.8529097409356394,0.7071067811865476,-0.7071067811865475,0,0,1,1,0,0,1,0,0
750.93,14,0,0,42,0,30,6.622643234510769,-0.4999999999999997,-0.8660254037844388,0,0,0,0,1,0,0,0,0
1042.64,6,0,0,92,1,45,6.950469881389674,1.0,6.123233995736766e-17,0,0,0,0,0,0,1,0,0
888.87,1,0,0,35,4,50,6.791075384641571,0.25881904510252074,0.9659258262890683,1,1,1,3,0,1,0,0,0
157.52,4,0,0,73,2,61,5.065880768322234,0.8660254037844386,0.5000000000000001,1,0,0,1,1,0,0,0,0
8.43,20,0,0,73,3,40,2.2438960966453663,-0.8660254037844386,0.5000000000000001,0,0,0,0,0,0,0,0,1
244.48,22,0,0,32,1,34,5.503215477520897,-0.5000000000000004,0.8660254037844384,0,0,1,1,0,0,0,0,1
26.18,2,0,0,59,2,44,3.3024814087229974,0.49999999999999994,0.8660254037844387,1,0,0,1,0,1,0,0,0
209.59,8,0,0,68,2,24,5.349913115191687,0.8660254037844387,-0.4999999999999998,0,0,0,0,0,0,0,1,0
257.64,0,0,0,33,2,36,5.555437133417177,0.0,1.0,1,0,1,2,1,0,0,0,0
280.94,22,0,1,54,4,60,5.64169428234278,-0.5000000000000004,0.8660254037844384,0,1,0,2,0,0,0,0,1
432.69,22,0,0,30,4,30,6.072329993162536,-0.5000000000000004,0.8660254037844384,0,1,1,2,0,0,1,0,0
64.05,13,0,0,28,2,58,4.1751562049585145,-0.2588190451025208,-0.9659258262890683,0,0,1,1,1,0,0,0,0
29.86,3,0,1,87,4,27,3.4294608469350147,0.7071067811865476,0.7071067811865476,1,1,0,3,0,0,0,0,1
34.58,4,1,1,38,2,37,3.571783682237689,0.8660254037844386,0.5000000000000001,1,0,1,4,0,0,1,0,0
815.36,10,0,0,60,1,30,6.70485543414497,0.49999999999999994,-0.8660254037844387,0,0,0,0,0,1,0,0,0
259.61,10,0,0,46,2,52,5.563025036939939,0.49999999999999994,-0.8660254037844387,0,0,0,0,0,1,0,0,0
201.92,11,0,1,81,1,51,5.312811812698489,0.258819045102521,-0.9659258262890682,0,0,0,1,0,1,0,0,0
78.8,12,0,0,33,3,44,4.379523504455763,1.2246467991473532e-16,-1.0,0,0,1,1,0,1,0,0,0
87.93,11,0,0,50,4,53,4.487849543411548,0.258819045102521,-0.9659258262890682,0,1,0,1,1,0,0,0,0
42.28,18,0,0,39,1,57,3.767690634538226,-1.0,-1.8369701987210297e-16,0,0,1,1,0,0,0,1,0
45.48,17,0,0,57,3,63,3.8390221125436557,-0.9659258262890683,-0.25881904510252063,0,0,0,0,0,0,1,0,0
44.66,10,0,0,39,1,55,3.821222641101649,0.49999999999999994,-0.8660254037844387,0,0,1,1,0,0,1,0,0
87.64,17,0,0,71,4,48,4.484583222998974,-0.9659258262890683,-0.25881904510252063,0,1,0,1,0,0,0,0,1
11.41,21,0,0,70,3,22,2.5185025992165158,-0.7071067811865477,0.7071067811865474,0,0,0,0,0,1,0,0,0
187.47,7,0,0,95,1,67,5.238938843028536,0.9659258262890683,-0.25881904510252063,0,0,0,0,0,0,1,0,0
123.75,17,0,1,32,1,25,4.826311734631628,-0.9659258262890683,-0.25881904510252063,0,0,1,2,0,1,0,0,0
120.56,19,0,0,39,3,34,4.800407968048592,-0.9659258262890684,0.2588190451025203,0,0,1,1,0,0,0,0,1
86.62,20,0,1,41,2,57,4.473009282385752,-0.8660254037844386,0.5000000000000001,0,0,0,1,0,0,0,0,1
773.35,21,0,0,31,0,62,6.652023967762183,-0.7071067811865477,0.7071067811865474,0,0,1,1,0,0,1,0,0
185.79,0,0,0,72,4,68,5.229984991171212,0.0,1.0,1,1,0,2,0,0,0,0,1
352.6,10,0,0,39,5,26,5.868166330763488,0.49999999999999994,-0.8660254037844387,0,1,1,2,0,0,0,0,1
245.69,4,0,0,54,4,37,5.508132487650914,0.8660254037844386,0.5000000000000001,1,1,0,2,0,0,0,0,1
101.18,15,0,0,77,4,67,4.626735963902652,-0.7071067811865471,-0.7071067811865479,0,1,0,1,0,0,0,0,1
659.69,12,0,0,65,2,32,6.49328474345891,1.2246467991473532e-16,-1.0,0,0,0,0,0,0,0,1,0
95.57,6,0,0,29,7,65,4.570268133978827,1.0,6.123233995736766e-17,0,1,1,2,0,0,1,0,0
211.98,12,0,0,50,0,56,5.361198264587237,1.2246467991473532e-16,-1.0,0,0,0,0,0,1,0,0,0
90.6,1,1,0,44,1,56,4.517431271680085,0.25881904510252074,0.9659258262890683,1,0,0,2,0,0,0,1,0
9.61,22,0,0,45,3,63,2.3617969526258915,-0.5000000000000004,0.8660254037844384,0,0,0,0,0,0,1,0,0
500.18,7,0,0,86,1,36,6.21696531799587,0.9659258262890683,-0.25881904510252063,0,0,0,0,0,0,0,1,0
309.31,15,0,0,42,3,54,5.737571797812276,-0.7071067811865471,-0.7071067811865479,0,0,0,0,0,0,0,0,1
6.31,9,0,0,94,0,21,1.9892432737616872,0.7071067811865476,-0.7071067811865475,0,0,0,0,0,0,0,1,0
64.19,19,0,0,83,1,46,4.177306082936448,-0.9659258262890684,0.2588190451025203,0,0,0,0,0,0,0,0,1
237.18,22,0,0,57,3,21,5.47302669033985,-0.5000000000000004,0.8660254037844384,0,0,0,0,0,0,0,1,0
691.36,3,1,0,55,1,65,6.540106051558198,0.7071067811865476,0.7071067811865476,1,0,0,2,0,1,0,0,0
120.31,21,0,0,76,3,28,4.798349252782828,-0.7071067811865477,0.7071067811865474,0,0,0,0,0,0,0,1,0
235.17,8,0,0,58,1,63,5.46455188468906,0.8660254037844387,-0.4999999999999998,0,0,0,0,0,0,0,0,1
155.39,18,0,0,64,3,39,5.052352887448124,-1.0,-1.8369701987210297e-16,0,0,0,0,0,1,0,0,0
64.63,18,0,0,77,1,26,4.184032908485631,-1.0,-1.8369701987210297e-16,0,0,0,0,0,1,0,0,0
58.91,17,0,0,63,3,48,4.0928434360958335,-0.9659258262890683,-0.25881904510252063,0,0,0,0,0,0,0,1,0
162.83,13,0,0,28,2,20,5.098829304832172,-0.2588190451025208,-0.9659258262890683,0,0,1,1,1,0,0,0,0
9.62,3,0,0,81,5,65,2.362739015813793,0.7071067811865476,0.7071067811865476,1,1,0,2,0,1,0,0,0
635.29,10,0,0,59,0,22,6.455654434257951,0.49999999999999994,-0.8660254037844387,0,0,0,0,1,0,0,0,0
489.35,1,0,0,26,3,18,6.19511942183833,0.25881904510252074,0.9659258262890683,1,0,1,2,0,0,0,1,0
151.19,15,1,0,97,5,29,5.025129740246708,-0.7071067811865471,-0.7071067811865479,0,1,0,2,0,0,0,1,0
73.23,19,0,0,50,2,25,4.307168381129456,-0.9659258262890684,0.2588190451025203,0,0,0,0,0,0,0,1,0
156.19,10,0,0,92,1,18,5.057455264740146,0.49999999999999994,-0.8660254037844387,0,0,0,0,0,0,0,1,0
40.43,11,1,0,38,5,32,3.7240052560893107,0.258819045102521,-0.9659258262890682,0,1,1,3,0,0,0,0,1
215.02,5,0,0,92,0,48,5.375370995990328,0.9659258262890683,0.25881904510252074,1,0,0,1,0,0,0,0,1
394.37,15,1,0,80,1,63,5.979822035323908,-0.7071067811865471,-0.7071067811865479,0,0,0,1,1,0,0,0,0
119.8,20,0,0,58,4,24,4.794136285500715,-0.8660254037844386,0.5000000000000001,0,1,0,1,0,0,1,0,0
317.62,10,0,0,88,1,67,5.763999170144749,0.49999999999999994,-0.8660254037844387,0,0,0,0,0,0,0,1,0
310.53,15,0,0,63,4,41,5.741495641776368,-0.7071067811865471,-0.7071067811865479,0,1,0,1,0,0,1,0,0
381.28,17,0,0,40,4,47,5.9461533243979785,-0.9659258262890683,-0.25881904510252063,0,1,0,1,0,0,1,0,0
41.33,1,0,0,79,3,66,3.745496054532832,0.25881904510252074,0.9659258262890683,1,0,0,1,1,0,0,0,0
297.27,20,1,0,87,2,64,5.697999116567134,-0.8660254037844386,0.5000000000000001,0,0,0,1,0,0,0,1,0
268.99,1,0,0,63,4,67,5.59838492127545,0.25881904510252074,0.9659258262890683,1,1,0,2,0,1,0,0,0
45.07,16,0,0,25,2,42,3.830161978947826,-0.8660254037844385,-0.5000000000000004,0,0,1,1,0,0,1,0,0
92.73,15,1,1,26,3,69,4.540418308758395,-0.7071067811865471,-0.7071067811865479,0,0,1,3,1,0,0,0,0
80.87,22,0,0,26,1,30,4.405132623388357,-0.5000000000000004,0.8660254037844384,0,0,1,1,1,0,0,0,0
82.42,14,0,0,67,2,23,4.423888088768799,-0.4999999999999997,-0.8660254037844388,0,0,0,0,0,0,0,1,0
79.63,6,0,0,69,4,25,4.389870788696931,1.0,6.123233995736766e-17,0,1,0,1,1,0,0,0,0
203.32,1,0,0,45,2,32,5.319687392284229,0.25881904510252074,0.9659258262890683,1,0,0,1,1,0,0,0,0
163.89,14,0,0,85,0,19,5.105278584912877,-0.4999999999999997,-0.8660254037844388,0,0,0,0,0,0,1,0,0
119.05,6,0,0,85,1,56,4.7879083226672625,1.0,6.123233995736766e-17,0,0,0,0,0,0,0,1,0
25.14,11,0,0,44,1,25,3.2634667081960758,0.258819045102521,-0.9659258262890682,0,0,0,0,0,0,1,0,0
281.03,20,0,0,31,4,25,5.642013448258569,-0.8660254037844386,0.5000000000000001,0,1,1,2,1,0,0,0,0
41.29,19,0,0,94,6,40,3.7445506514843974,-0.9659258262890684,0.2588190451025203,0,1,0,1,0,0,1,0,0
1.53,23,0,0,49,1,62,0.9282193027394289,-0.25881904510252157,0.9659258262890681,0,0,0,0,0,1,0,0,0
239.92,20,0,0,49,2,69,5.4844649281755204,-0.8660254037844386,0.5000000000000001,0,0,0,0,1,0,0,0,0
165.8,17,0,0,91,1,55,5.116795489924646,-0.9659258262890683,-0.25881904510252063,0,0,0,0,1,0,0,0,0
55.32,6,0,0,58,2,40,4.0310497118497866,1.0,6.123233995736766e-17,0,0,0,0,1,0,0,0,0
125.87,11,0,0,98,2,37,4.843162940152507,0.258819045102521,-0.9659258262890682,0,0,0,0,1,0,0,0,0
474.53,8,0,0,98,1,52,6.164429971477911,0.8660254037844387,-0.4999999999999998,0,0,0,0,0,1,0,0,0
490.45,10,0,0,58,1,43,6.197360205012639,0.49999999999999994,-0.8660254037844387,0,0,0,0,0,0,0,0,1
864.87,20,0,0,87,2,50,6.7637347818205384,-0.8660254037844386,0.5000000000000001,0,0,0,0,0,0,0,1,0
125.93,0,0,0,50,3,47,4.843635753400086,0.0,1.0,1,0,0,1,0,1,0,0,0
237.22,22,0,0,81,0,63,5.473194616452755,-0.5000000000000004,0.8660254037844384,0,0,0,0,1,0,0,0,0
85.96,2,0,0,30,1,62,4.465448242812954,0.49999999999999994,0.8660254037844387,1,0,1,2,0,0,1,0,0
84.74,15,0,0,69,1,59,4.451319461169831,-0.7071067811865471,-0.7071067811865479,0,0,0,0,1,0,0,0,0
73.22,5,0,0,94,1,58,4.307033655632451,0.9659258262890683,0.25881904510252074,1,0,0,1,0,0,1,0,0
413.77,15,0,0,68,3,32,6.027724149728293,-0.7071067811865471,-0.7071067811865479,0,0,0,0,0,0,0,1,0
70.8,8,1,0,54,3,39,4.273884476054178,0.8660254037844387,-0.4999999999999998,0,0,0,1,0,1,0,0,0
177.41,17,0,0,28,3,27,5.184084272386612,-0.9659258262890683,-0.25881904510252063,0,0,1,1,0,0,1,0,0
50.53,3,0,0,74,3,64,3.942164162340133,0.7071067811865476,0.7071067811865476,1,0,0,1,0,0,1,0,0
95.16,11,0,0,91,4,30,4.566013470786897,0.258819045102521,-0.9659258262890682,0,1,0,1,0,0,0,1,0
54.16,7,0,0,47,2,21,4.010238052925101,0.9659258262890683,-0.25881904510252063,0,0,0,0,0,0,0,1,0
264.54,20,0,0,40,1,49,5.581765488467756,-0.8660254037844386,0.5000000000000001,0,0,0,0,0,0,0,0,1
40.37,10,0,0,91,2,24,3.72255598047332,0.49999999999999994,-0.8660254037844387,0,0,0,0,0,1,0,0,0
32.78,20,0,1,99,2,53,3.519868911379654,-0.8660254037844386,0.5000000000000001,0,0,0,1,0,0,0,1,0
340.55,4,0,0,44,0,27,5.833494081177858,0.8660254037844386,0.5000000000000001,1,0,0,1,0,0,0,0,1
275.82,13,0,0,89,0,66,5.623367475468556,-0.2588190451025208,-0.9659258262890683,0,0,0,0,0,1,0,0,0
84.15,12,0,0,89,0,24,4.444414407108697,1.2246467991473532e-16,-1.0,0,0,0,0,0,0,0,0,1
351.57,0,0,0,68,2,27,5.865249184097899,0.0,1.0,1,0,0,1,0,1,0,0,0
13.17,7,0,0,79,3,38,2.6511270537025893,0.9659258262890683,-0.25881904510252063,0,0,0,0,0,0,0,0,1
20.06,11,0,0,95,2,38,3.0473755067058295,0.258819045102521,-0.9659258262890682,0,0,0,0,0,0,1,0,0
43.24,23,0,1,99,1,62,3.7896293572140793,-0.25881904510252157,0.9659258262890681,0,0,0,1,0,0,0,1,0
15.69,6,0,0,77,1,26,2.8148097376737438,1.0,6.123233995736766e-17,0,0,0,0,1,0,0,0,0
58.82,16,0,0,84,5,38,4.091340053201802,-0.8660254037844385,-0.5000000000000004,0,1,0,1,1,0,0,0,0
427.91,2,0,0,34,1,21,6.061247106709183,0.49999999999999994,0.8660254037844387,1,0,1,2,0,0,0,1,0
6.89,23,0,1,43,3,35,2.065596134857783,-0.25881904510252157,0.9659258262890681,0,0,0,1,0,0,0,1,0
443.19,4,0,0,80,1,31,6.09625239882511,0.8660254037844386,0.5000000000000001,1,0,0,1,0,0,1,0,0
291.76,10,0,0,71,1,32,5.679353160733027,0.49999999999999994,-0.8660254037844387,0,0,0,0,0,0,0,1,0
159.93,13,0,0,60,1,41,5.080969487830403,-0.2588190451025208,-0.9659258262890683,0,0,0,0,0,0,1,0,0
121.31,1,1,0,70,3,62,4.806558805499272,0.25881904510252074,0.9659258262890683,1,0,0,2,0,0,1,0,0
335.84,9,0,0,71,2,68,5.819608040161792,0.7071067811865476,-0.7071067811865475,0,0,0,0,0,0,0,1,0
328.74,7,0,0,52,1,63,5.798304465133032,0.9659258262890683,-0.25881904510252063,0,0,0,0,0,0,0,0,1
36.56,18,0,0,71,1,39,3.6259396543400624,-1.0,-1.8369701987210297e-16,0,0,0,0,0,0,1,0,0
4.71,15,0,0,74,4,50,1.742219023667919,-0.7071067811865471,-0.7071067811865479,0,1,0,1,0,1,0,0,0
13.5,6,0,0,90,7,36,2.6741486494265287,1.0,6.123233995736766e-17,0,1,0,1,0,0,0,1,0
81.69,0,0,0,48,2,39,4.415098675734075,0.0,1.0,1,0,0,1,0,0,1,0,0
397.17,5,0,0,45,2,64,5.986879049766354,0.9659258262890683,0.25881904510252074,1,0,0,1,0,0,1,0,0
105.22,5,0,0,80,1,45,4.665512414994253,0.9659258262890683,0.25881904510252074,1,0,0,1,0,0,1,0,0
30.37,8,0,0,97,1,37,3.445852022202587,0.8660254037844387,-0.4999999999999998,0,0,0,0,1,0,0,0,0
130.18,9,0,0,79,1,40,4.876570425865589,0.7071067811865476,-0.7071067811865475,0,0,0,0,0,0,0,0,1
29.79,5,0,0,67,1,34,3.427189961936409,0.9659258262890683,0.25881904510252074,1,0,0,1,0,0,0,0,1
222.39,14,0,0,92,2,38,5.408919122875832,-0.4999999999999997,-0.8660254037844388,0,0,0,0,0,0,0,0,1
276.58,17,0,0,55,2,40,5.626109179927694,-0.9659258262890683,-0.25881904510252063,0,0,0,0,0,0,0,1,0
42.46,1,0,0,50,1,50,3.7718409748282835,0.25881904510252074,0.9659258262890683,1,0,0,1,0,1,0,0,0
151.21,12,0,0,97,2,22,5.025261146291576,1.2246467991473532e-16,-1.0,0,0,0,0,0,1,0,0,0
428.71,18,0,0,58,3,22,6.063110562560427,-1.0,-1.8369701987210297e-16,0,0,0,0,1,0,0,0,0
7.28,5,0,0,65,1,24,2.1138429683971687,0.9659258262890683,0.25881904510252074,1,0,0,1,0,0,1,0,0
147.73,23,0,0,55,1,62,5.002132581604506,-0.25881904510252157,0.9659258262890681,0,0,0,0,0,0,1,0,0
166.2,13,0,0,41,5,33,5.119190700650601,-0.2588190451025208,-0.9659258262890683,0,1,0,1,1,0,0,0,0
91.11,16,0,0,69,0,65,4.522983515000144,-0.8660254037844385,-0.5000000000000004,0,0,0,0,0,1,0,0,0
129.97,5,0,0,46,1,18,4.874968289341312,0.9659258262890683,0.25881904510252074,1,0,0,1,1,0,0,0,0
310.51,7,0,0,36,1,19,5.741431440440958,0.9659258262890683,-0.25881904510252063,0,0,1,1,0,0,0,1,0
647.29,5,0,0,64,2,55,6.474338127104403,0.9659258262890683,0.25881904510252074,1,0,0,1,1,0,0,0,0
179.41,6,1,0,52,4,33,5.195232038464711,1.0,6.123233995736766e-17,0,1,0,2,0,0,0,1,0
24.94,8,0,0,72,1,34,3.255786178888298,0.8660254037844387,-0.4999999999999998,0,0,0,0,0,0,1,0,0
136.85,18,0,0,69,3,57,4.926166137469806,-1.0,-1.8369701987210297e-16,0,0,0,0,0,1,0,0,0
356.55,10,0,0,73,3,21,5.879275212494405,0.49999999999999994,-0.8660254037844387,0,0,0,0,0,0,0,1,0
92.51,5,0,0,94,2,65,4.5380683824473556,0.9659258262890683,0.25881904510252074,1,0,0,1,0,1,0,0,0
61.02,15,0,1,54,2,44,4.127456913672303,-0.7071067811865471,-0.7071067811865479,0,0,0,1,0,1,0,0,0
134.91,9,0,0,60,0,42,4.911992901967256,0.7071067811865476,-0.7071067811865475,0,0,0,0,0,0,0,0,1
94.86,20,0,0,49,3,48,4.562888793731485,-0.8660254037844386,0.5000000000000001,0,0,0,0,0,0,1,0,0
39.1,15,1,0,85,5,66,3.6913763343125234,-0.7071067811865471,-0.7071067811865479,0,1,0,2,0,0,0,0,1
7.04,18,0,0,76,2,67,2.0844290831908747,-1.0,-1.8369701987210297e-16,0,0,0,0,1,0,0,0,0
125.56,22,0,0,95,2,38,4.840716504019344,-0.5000000000000004,0.8660254037844384,0,0,0,0,0,1,0,0,0
7.31,10,0,0,28,1,34,2.1174596088673567,0.49999999999999994,-0.8660254037844387,0,0,1,1,1,0,0,0,0
89.9,21,0,0,89,1,48,4.509760001183433,-0.7071067811865477,0.7071067811865474,0,0,0,0,0,1,0,0,0
14.06,17,0,0,82,3,34,2.7120422223717475,-0.9659258262890683,-0.25881904510252063,0,0,0,0,1,0,0,0,0
126.87,0,0,0,98,5,69,4.851014122823077,0.0,1.0,1,1,0,2,0,1,0,0,0
22.27,19,0,1,97,3,57,3.1471649773142003,-0.9659258262890684,0.2588190451025203,0,0,0,1,0,1,0,0,0
78.88,5,0,0,75,1,40,4.380525508547614,0.9659258262890683,0.25881904510252074,1,0,0,1,0,1,0,0,0
133.35,4,0,0,93,4,37,4.9004483350615,0.8660254037844386,0.5000000000000001,1,1,0,2,0,0,0,1,0
14.27,7,0,1,78,2,25,2.725890119230541,0.9659258262890683,-0.25881904510252063,0,0,0,1,0,1,0,0,0
154.92,14,0,0,77,2,18,5.049343055199305,-0.4999999999999997,-0.8660254037844388,0,0,0,0,0,0,0,0,1
69.87,13,0,1,41,3,40,4.260847212822164,-0.2588190451025208,-0.9659258262890683,0,0,0,1,0,0,1,0,0
179.64,5,0,0,54,5,21,5.1965061004013515,0.9659258262890683,0.25881904510252074,1,1,0,2,0,0,1,0,0
95.84,12,0,0,77,0,62,4.573060132069858,1.2246467991473532e-16,-1.0,0,0,0,0,0,0,0,1,0
213.83,7,0,0,58,3,35,5.369847017686959,0.9659258262890683,-0.25881904510252063,0,0,0,0,1,0,0,0,0
169.67,4,0,0,97,0,18,5.139731867430665,0.8660254037844386,0.5000000000000001,1,0,0,1,0,0,1,0,0
140.08,17,0,0,57,1,25,4.949327105367852,-0.9659258262890683,-0.25881904510252063,0,0,0,0,0,0,0,0,1
101.57,13,0,0,80,4,19,4.630545492319319,-0.2588190451025208,-0.9659258262890683,0,1,0,1,0,0,1,0,0
247.72,21,0,0,48,5,25,5.516327765750498,-0.7071067811865477,0.7071067811865474,0,1,0,1,0,0,1,0,0
169.49,13,1,0,46,3,56,5.13867664397714,-0.2588190451025208,-0.9659258262890683,0,0,0,1,0,0,0,1,0
19.24,1,0,0,72,2,50,3.0076608444192647,0.25881904510252074,0.9659258262890683,1,0,0,1,0,0,0,0,1
25.99,13,1,0,42,3,65,3.2954664270299134,-0.2588190451025208,-0.9659258262890683,0,0,0,1,0,0,0,1,0
228.79,2,0,0,26,3,26,5.437165848366845,0.49999999999999994,0.8660254037844387,1,0,1,2,0,0,0,0,1
318.58,0,0,0,75,1,32,5.767007633711242,0.0,1.0,1,0,0,1,0,0,0,0,1
260.91,17,0,0,57,2,35,5.568000933297142,-0.9659258262890683,-0.25881904510252063,0,0,0,0,0,1,0,0,0
11.56,17,1,0,47,1,65,2.5305171610400525,-0.9659258262890683,-0.25881904510252063,0,0,0,1,0,1,0,0,0
109.36,3,1,0,58,2,66,4.703747749349085,0.7071067811865476,0.7071067811865476,1,0,0,2,0,0,0,1,0
208.56,19,0,0,33,0,47,5.345010094540019,-0.9659258262890684,0.2588190451025203,0,0,1,1,0,0,1,0,0
464.8,23,0,0,71,2,31,6.143756357450241,-0.25881904510252157,0.9659258262890681,0,0,0,0,1,0,0,0,0
162.36,7,1,0,95,3,29,5.095956354416355,0.9659258262890683,-0.25881904510252063,0,0,0,1,0,1,0,0,0
314.84,1,0,0,83,2,42,5.755235756245117,0.25881904510252074,0.9659258262890683,1,0,0,1,0,0,0,1,0
126.85,14,0,0,70,0,55,4.850857701737196,-0.4999999999999997,-0.8660254037844388,0,0,0,0,0,0,0,0,1
93.05,16,0,0,84,3,39,4.54382655574704,-0.8660254037844385,-0.5000000000000004,0,0,0,0,0,0,0,0,1
32.11,17,0,0,79,3,68,3.4998353515591547,-0.9659258262890683,-0.25881904510252063,0,0,0,0,0,1,0,0,0
552.81,12,0,0,51,4,30,6.316821667634145,1.2246467991473532e-16,-1.0,0,1,0,1,0,1,0,0,0
250.21,12,0,0,62,4,33,5.526289242718887,1.2246467991473532e-16,-1.0,0,1,0,1,0,0,1,0,0
95.2,14,0,0,87,3,34,4.566429357671661,-0.4999999999999997,-0.8660254037844388,0,0,0,0,0,1,0,0,0
79.98,14,1,0,86,0,59,4.394202210604015,-0.4999999999999997,-0.8660254037844388,0,0,0,1,0,1,0,0,0
39.22,18,0,0,40,3,25,3.6943643843445058,-1.0,-1.8369701987210297e-16,0,0,0,0,0,0,0,1,0
70.38,9,0,0,44,1,47,4.268017718062014,0.7071067811865476,-0.7071067811865475,0,0,0,0,1,0,0,0,0
170.68,13,0,0,66,1,35,5.145632278882388,-0.2588190451025208,-0.9659258262890683,0,0,0,0,0,0,1,0,0
2.31,0,0,0,45,2,39,1.1969481893889715,0.0,1.0,1,0,0,1,0,0,1,0,0
163.78,23,0,0,94,3,26,5.104611250887444,-0.25881904510252157,0.9659258262890681,0,0,0,0,0,0,0,1,0
96.84,17,0,0,93,0,51,4.583333491378917,-0.9659258262890683,-0.25881904510252063,0,0,0,0,0,0,0,1,0
650.45,15,0,0,59,3,23,6.47920064764894,-0.7071067811865471,-0.7071067811865479,0,0,0,0,0,0,0,1,0
128.93,1,0,0,66,3,57,4.866995843894645,0.25881904510252074,0.9659258262890683,1,0,0,1,0,0,0,1,0
388.64,0,1,0,94,2,42,5.965223235902755,0.0,1.0,1,0,0,2,0,1,0,0,0
12.23,13,0,0,40,3,69,2.5824869781268642,-0.2588190451025208,-0.9659258262890683,0,0,0,0,0,0,0,0,1
110.56,11,0,0,79,5,23,4.714562562759288,0.258819045102521,-0.9659258262890682,0,1,0,1,0,0,1,0,0
10.69,6,1,0,65,2,27,2.458733775483977,1.0,6.123233995736766e-17,0,0,0,1,0,0,0,0,1
679.06,4,0,0,56,4,52,6.522181029571765,0.8660254037844386,0.5000000000000001,1,1,0,2,0,1,0,0,0
139.0,8,0,0,83,0,40,4.941642422609304,0.8660254037844387,-0.4999999999999998,0,0,0,0,0,0,0,0,1
15.01,3,0,0,55,0,47,2.773213527008623,0.7071067811865476,0.7071067811865476,1,0,0,1,0,0,0,0,1
388.66,15,0,0,30,3,57,5.965274564017741,-0.7071067811865471,-0.7071067811865479,0,0,1,1,0,0,0,0,1
146.5,16,0,0,63,0,69,4.993828175779875,-0.8660254037844385,-0.5000000000000004,0,0,0,0,1,0,0,0,0
71.26,16,0,0,35,1,46,4.280270725719494,-0.8660254037844385,-0.5000000000000004,0,0,1,1,1,0,0,0,0
59.36,7,0,0,97,1,50,4.100326633899648,0.9659258262890683,-0.25881904510252063,0,0,0,0,0,0,1,0,0
191.99,14,0,0,99,0,61,5.2626383740910185,-0.4999999999999997,-0.8660254037844388,0,0,0,0,0,0,1,0,0
140.21,8,0,0,57,3,66,4.9502481440811605,0.8660254037844387,-0.4999999999999998,0,0,0,0,1,0,0,0,0
321.26,4,0,0,97,3,54,5.775358673145423,0.8660254037844386,0.5000000000000001,1,0,0,1,0,0,1,0,0
21.12,13,0,0,91,0,51,3.096482176654134,-0.2588190451025208,-0.9659258262890683,0,0,0,0,0,0,0,0,1
240.05,1,0,0,29,4,18,5.485004380851631,0.25881904510252074,0.9659258262890683,1,1,1,3,1,0,0,0,0
32.03,8,0,1,37,0,41,3.4974162394026984,0.8660254037844387,-0.4999999999999998,0,0,1,2,0,0,1,0,0
325.4,18,0,0,53,0,29,5.788123623089952,-1.0,-1.8369701987210297e-16,0,0,0,0,0,0,0,1,0
71.28,19,0,0,91,4,31,4.280547465724028,-0.9659258262890684,0.2588190451025203,0,1,0,1,0,0,0,0,1
152.48,19,0,0,65,3,50,5.033570265378752,-0.9659258262890684,0.2588190451025203,0,0,0,0,0,0,1,0,0
70.9,1,0,0,89,0,40,4.275276264727001,0.25881904510252074,0.9659258262890683,1,0,0,1,0,1,0,0,0
69.44,15,0,1,46,2,50,4.254761283628006,-0.7071067811865471,-0.7071067811865479,0,0,0,1,1,0,0,0,0
209.04,14,0,0,44,2,55,5.347297988769658,-0.4999999999999997,-0.8660254037844388,0,0,0,0,0,1,0,0,0
322.08,13,0,0,25,3,65,5.777899970574095,-0.2588190451025208,-0.9659258262890683,0,0,1,1,0,1,0,0,0
490.44,21,0,0,84,2,49,6.197339856855672,-0.7071067811865477,0.7071067811865474,0,0,0,0,0,1,0,0,0
121.42,13,0,0,26,3,19,4.807457755422924,-0.2588190451025208,-0.9659258262890683,0,0,1,1,0,0,1,0,0
375.58,23,0,1,71,3,50,5.931130508068282,-0.25881904510252157,0.9659258262890681,0,0,0,1,0,0,1,0,0
424.31,6,0,0,66,3,18,6.0528183147976495,1.0,6.123233995736766e-17,0,0,0,0,0,0,0,1,0
8.89,5,0,0,94,2,57,2.2915241456346207,0.9659258262890683,0.25881904510252074,1,0,0,1,0,1,0,0,0
59.64,8,0,0,64,0,63,4.104954741334116,0.8660254037844387,-0.4999999999999998,0,0,0,0,0,0,0,0,1
391.03,22,0,0,52,1,63,5.97133836747439,-0.5000000000000004,0.8660254037844384,0,0,0,0,0,0,0,1,0
225.29,19,0,0,83,3,49,5.421817362533649,-0.9659258262890684,0.2588190451025203,0,0,0,0,1,0,0,0,0
421.78,0,0,1,95,2,31,6.04685194918754,0.0,1.0,1,0,0,2,0,0,1,0,0
158.55,1,0,0,55,1,22,5.072357352724253,0.25881904510252074,0.9659258262890683,1,0,0,1,0,1,0,0,0
25.6,4,0,0,76,0,32,3.2809112157876537,0.8660254037844386,0.5000000000000001,1,0,0,1,0,0,0,0,1
28.85,10,1,0,65,3,44,3.396184839838611,0.49999999999999994,-0.8660254037844387,0,0,0,1,0,1,0,0,0
104.18,17,0,0,76,1,39,4.655673168161198,-0.9659258262890683,-0.25881904510252063,0,0,0,0,1,0,0,0,0
703.9,0,0,0,62,3,57,6.55805594877983,0.0,1.0,1,0,0,1,0,0,1,0,0
112.15,11,0,0,70,2,62,4.728714372079547,0.258819045102521,-0.9659258262890682,0,0,0,0,1,0,0,0,0
88.54,19,1,0,29,2,27,4.49468545281282,-0.9659258262890684,0.2588190451025203,0,0,1,2,0,0,0,0,1
138.46,7,0,0,27,1,51,4.9377778217928645,0.9659258262890683,-0.25881904510252063,0,0,1,1,0,0,0,1,0
30.28,0,0,0,93,1,56,3.4429789156771102,0.0,1.0,1,0,0,1,0,1,0,0,0
304.46,3,0,0,45,1,60,5.721818837142299,0.7071067811865476,0.7071067811865476,1,0,0,1,0,0,1,0,0
109.18,6,0,0,87,2,52,4.70211539204457,1.0,6.123233995736766e-17,0,0,0,0,0,0,0,1,0
173.34,10,1,0,69,2,64,5.16100741558343,0.49999999999999994,-0.8660254037844387,0,0,0,1,0,0,1,0,0
691.2,11,0,0,65,1,25,6.539874931201244,0.258819045102521,-0.9659258262890682,0,0,0,0,0,0,1,0,0
256.03,9,0,0,90,2,26,5.549192809600136,0.7071067811865476,-0.7071067811865475,0,0,0,0,0,0,0,1,0
176.88,2,0,0,80,2,62,5.1811091656424955,0.49999999999999994,0.8660254037844387,1,0,0,1,0,1,0,0,0
127.88,22,0,0,74,2,24,4.858881738868719,-0.5000000000000004,0.8660254037844384,0,0,0,0,1,0,0,0,0
128.22,2,0,0,85,2,19,4.86151637813002,0.49999999999999994,0.8660254037844387,1,0,0,1,0,0,1,0,0
6.47,0,1,0,86,3,55,2.010894999144726,0.0,1.0,1,0,0,2,0,0,1,0,0
134.79,7,0,0,89,3,61,4.911109574710704,0.9659258262890683,-0.25881904510252063,0,0,0,0,1,0,0,0,0
510.86,19,0,0,33,2,45,6.238051150148658,-0.9659258262890684,0.2588190451025203,0,0,1,1,0,0,1,0,0
55.43,15,0,1,40,3,30,4.033000931981049,-0.7071067811865471,-0.7071067811865479,0,0,0,1,0,0,0,0,1
143.28,4,0,0,52,1,32,4.9717558560353385,0.8660254037844386,0.5000000000000001,1,0,0,1,0,1,0,0,0
129.46,17,0,0,27,3,66,4.87106666636795,-0.9659258262890683,-0.25881904510252063,0,0,1,1,0,0,0,0,1
475.76,11,0,0,63,4,19,6.167013219614508,0.258819045102521,-0.9659258262890682,0,1,0,1,0,0,0,1,0
83.21,16,0,0,34,1,64,4.433313679041901,-0.8660254037844385,-0.5000000000000004,0,0,1,1,1,0,0,0,0
134.41,17,0,0,85,2,19,4.908307212994733,-0.9659258262890683,-0.25881904510252063,0,0,0,0,0,1,0,0,0
75.22,12,0,0,34,4,57,4.333623895445714,1.2246467991473532e-16,-1.0,0,1,1,2,0,0,0,1,0
107.4,4,0,0,67,2,40,4.685828089005546,0.8660254037844386,0.5000000000000001,1,0,0,1,0,0,1,0,0
37.27,8,0,0,76,3,51,3.644666299437611,0.8660254037844387,-0.4999999999999998,0,0,0,0,0,0,0,0,1
93.46,3,0,0,53,2,42,4.548176464467971,0.7071067811865476,0.7071067811865476,1,0,0,1,1,0,0,0,0
1.09,4,0,0,43,3,60,0.7371640659767197,0.8660254037844386,0.5000000000000001,1,0,0,1,0,0,0,1,0
1.28,14,0,1,25,5,63,0.8241754429663494,-0.4999999999999997,-0.8660254037844388,0,1,1,3,0,0,0,0,1
312.32,19,0,0,27,4,63,5.7472250324990375,-0.9659258262890684,0.2588190451025203,0,1,1,2,0,0,0,0,1
261.83,10,0,0,80,0,51,5.5715074353463825,0.49999999999999994,-0.8660254037844387,0,0,0,0,1,0,0,0,0
236.67,10,0,1,38,0,66,5.470883156893275,0.49999999999999994,-0.8660254037844387,0,0,1,2,1,0,0,0,0
240.28,17,0,0,74,1,50,5.4859580848195915,-0.9659258262890683,-0.25881904510252063,0,0,0,0,0,0,0,1,0
406.84,21,0,0,76,3,34,6.010874940627805,-0.7071067811865477,0.7071067811865474,0,0,0,0,0,1,0,0,0
250.75,5,0,0,43,2,51,5.528436531598672,0.9659258262890683,0.25881904510252074,1,0,0,1,0,1,0,0,0
40.0,17,0,0,27,3,60,3.713572066704308,-0.9659258262890683,-0.25881904510252063,0,0,1,1,0,1,0,0,0
126.59,21,0,0,70,0,69,4.848821997933652,-0.7071067811865477,0.7071067811865474,0,0,0,0,0,1,0,0,0
83.74,1,0,0,83,4,19,4.439587745198413,0.25881904510252074,0.9659258262890683,1,1,0,2,0,0,0,0,1
192.67,16,0,0,97,1,28,5.26615567973964,-0.8660254037844385,-0.5000000000000004,0,0,0,0,0,0,0,1,0
67.26,8,0,0,84,4,62,4.223323943478561,0.8660254037844387,-0.4999999999999998,0,1,0,1,0,0,1,0,0
133.88,8,0,0,49,2,37,4.904385494253545,0.8660254037844387,-0.4999999999999998,0,0,0,0,1,0,0,0,0
157.55,8,1,0,99,2,24,5.0660700009843564,0.8660254037844387,-0.4999999999999998,0,0,0,1,0,1,0,0,0
367.97,6,0,0,42,0,26,5.910715339922429,1.0,6.123233995736766e-17,0,0,0,0,0,0,0,0,1
16.15,6,0,0,35,3,52,2.8419981736119486,1.0,6.123233995736766e-17,0,0,1,1,0,0,0,1,0
728.42,20,0,0,93,1,33,6.592249697795758,-0.8660254037844386,0.5000000000000001,0,0,0,0,0,1,0,0,0
189.12,9,0,1,67,3,64,5.247655451745809,0.7071067811865476,-0.7071067811865475,0,0,0,1,1,0,0,0,0
598.45,14,0,0,93,5,21,6.396012568153663,-0.4999999999999997,-0.8660254037844388,0,1,0,1,0,1,0,0,0
240.81,3,0,0,92,3,47,5.488152293818506,0.7071067811865476,0.7071067811865476,1,0,0,1,1,0,0,0,0
91.03,17,0,0,37,0,46,4.522114610850766,-0.9659258262890683,-0.25881904510252063,0,0,1,1,0,1,0,0,0
456.37,18,0,0,51,0,51,6.125492691330997,-1.0,-1.8369701987210297e-16,0,0,0,0,0,0,0,1,0
119.76,17,0,0,76,3,25,4.793805104838638,-0.9659258262890683,-0.25881904510252063,0,0,0,0,0,1,0,0,0
899.81,19,1,0,25,3,43,6.803294358567147,-0.9659258262890684,0.2588190451025203,0,0,1,2,0,0,1,0,0
255.56,0,0,0,59,1,52,5.5473625553848995,0.0,1.0,1,0,0,1,0,0,0,1,0
564.77,14,0,0,52,4,62,6.338187635192384,-0.4999999999999997,-0.8660254037844388,0,1,0,1,1,0,0,0,0
109.31,14,0,0,36,1,49,4.7032945839812905,-0.4999999999999997,-0.8660254037844388,0,0,1,1,0,0,1,0,0
32.16,5,0,0,33,3,26,3.501344330267094,0.9659258262890683,0.25881904510252074,1,0,1,2,0,0,0,1,0
148.87,20,0,1,79,2,53,5.009768251656904,-0.8660254037844386,0.5000000000000001,0,0,0,1,0,0,1,0,0
111.43,12,0,1,42,2,20,4.722330805761668,1.2246467991473532e-16,-1.0,0,0,0,1,1,0,0,0,0
179.09,5,0,0,68,3,65,5.193456725931862,0.9659258262890683,0.25881904510252074,1,0,0,1,1,0,0,0,0
195.13,9,0,0,81,3,56,5.27877770467342,0.7071067811865476,-0.7071067811865475,0,0,0,0,1,0,0,0,0
797.98,16,0,0,47,1,57,6.683335914163876,-0.8660254037844385,-0.5000000000000004,0,0,0,0,0,1,0,0,0
83.3,16,1,0,82,1,56,4.4343818650078095,-0.8660254037844385,-0.5000000000000004,0,0,0,1,0,1,0,0,0
48.67,23,0,0,97,1,20,3.905401129119259,-0.25881904510252157,0.9659258262890681,0,0,0,0,0,0,0,1,0
109.04,8,0,0,55,1,25,4.700843936056374,0.8660254037844387,-0.4999999999999998,0,0,0,0,1,0,0,0,0
587.51,12,0,0,35,2,24,6.377593918909404,1.2246467991473532e-16,-1.0,0,0,1,1,0,0,0,1,0
50.92,17,0,0,58,4,60,3.9497040723958348,-0.9659258262890683,-0.25881904510252063,0,1,0,1,0,1,0,0,0
193.93,7,0,0,55,3,30,5.2726405197580535,0.9659258262890683,-0.25881904510252063,0,0,0,0,0,0,1,0,0
468.15,12,0,0,44,1,37,6.150922546736059,1.2246467991473532e-16,-1.0,0,0,0,0,0,0,0,0,1
272.42,14,0,0,70,4,49,5.611009074503846,-0.4999999999999997,-0.8660254037844388,0,1,0,1,0,1,0,0,0
16.58,4,0,0,56,2,62,2.866761892257031,0.8660254037844386,0.5000000000000001,1,0,0,1,0,0,0,0,1
231.36,11,0,0,96,2,42,5.4482878931243315,0.258819045102521,-0.9659258262890682,0,0,0,0,1,0,0,0,0
4.32,21,0,0,25,1,52,1.6714733033535532,-0.7071067811865477,0.7071067811865474,0,0,1,1,0,1,0,0,0
23.11,14,0,0,64,1,34,3.1826266921930797,-0.4999999999999997,-0.8660254037844388,0,0,0,0,0,0,0,1,0
18.58,3,0,1,62,1,58,2.9745086371023644,0.7071067811865476,0.7071067811865476,1,0,0,2,0,0,0,0,1
51.11,9,0,0,30,1,45,3.9533568689211234,0.7071067811865476,-0.7071067811865475,0,0,1,1,1,0,0,0,0
653.43,21,1,0,32,3,30,6.4837646277585375,-0.7071067811865477,0.7071067811865474,0,0,1,2,0,1,0,0,0
57.41,3,0,1,26,1,18,4.067487108052218,0.7071067811865476,0.7071067811865476,1,0,1,3,0,0,0,1,0
196.88,13,0,0,40,4,22,5.287660786359508,-0.2588190451025208,-0.9659258262890683,0,1,0,1,0,0,1,0,0
32.17,13,0,0,60,4,48,3.501645852958961,-0.2588190451025208,-0.9659258262890683,0,1,0,1,0,1,0,0,0
373.96,9,0,0,72,2,53,5.926819353614451,0.7071067811865476,-0.7071067811865475,0,0,0,0,0,0,1,0,0
18.49,11,0,0,81,2,59,2.9699015135194693,0.258819045102521,-0.9659258262890682,0,0,0,0,0,0,0,0,1
26.24,5,0,0,41,0,33,3.3046864812813115,0.9659258262890683,0.25881904510252074,1,0,0,1,0,1,0,0,0
154.79,12,0,0,68,2,61,5.048508946524337,1.2246467991473532e-16,-1.0,0,0,0,0,1,0,0,0,0
325.55,21,0,0,95,4,57,5.788583076348666,-0.7071067811865477,0.7071067811865474,0,1,0,1,1,0,0,0,0
395.87,13,0,0,76,4,44,5.983608771142398,-0.2588190451025208,-0.9659258262890683,0,1,0,1,0,1,0,0,0
80.95,15,0,1,57,3,57,4.406109305189839,-0.7071067811865471,-0.7071067811865479,0,0,0,1,0,0,0,0,1
25.54,2,0,0,27,1,57,3.2786530289040616,0.49999999999999994,0.8660254037844387,1,0,1,2,0,1,0,0,0
209.3,15,0,0,91,2,44,5.348535082708654,-0.7071067811865471,-0.7071067811865479,0,0,0,0,1,0,0,0,0
239.2,4,0,1,93,4,18,5.481471909645883,0.8660254037844386,0.5000000000000001,1,1,0,3,1,0,0,0,0
175.67,15,0,0,49,0,28,5.174283585624589,-0.7071067811865471,-0.7071067811865479,0,0,0,0,1,0,0,0,0
301.78,14,0,0,56,2,29,5.713006469183733,-0.4999999999999997,-0.8660254037844388,0,0,0,0,0,0,1,0,0
401.49,13,0,0,29,1,26,5.997670251829486,-0.2588190451025208,-0.9659258262890683,0,0,1,1,1,0,0,0,0
189.14,12,0,0,26,1,35,5.247760642930884,1.2246467991473532e-16,-1.0,0,0,1,1,0,0,1,0,0
268.4,4,0,0,88,2,67,5.596197263976263,0.8660254037844386,0.5000000000000001,1,0,0,1,1,0,0,0,0
72.33,8,1,0,52,1,69,4.294969802105708,0.8660254037844387,-0.4999999999999998,0,0,0,1,0,0,0,0,1
236.11,3,1,0,49,0,22,5.468524168478886,0.7071067811865476,0.7071067811865476,1,0,0,2,0,0,0,0,1
214.12,2,0,0,43,1,59,5.371196011960609,0.49999999999999994,0.8660254037844387,1,0,0,1,1,0,0,0,0
66.65,5,0,0,52,3,42,4.214347354616797,0.9659258262890683,0.25881904510252074,1,0,0,1,0,0,0,1,0
135.92,1,0,1,57,2,59,4.919396813661985,0.25881904510252074,0.9659258262890683,1,0,0,2,0,0,0,0,1
22.41,2,0,0,78,2,44,3.1531632815028194,0.49999999999999994,0.8660254037844387,1,0,0,1,0,0,0,0,1
39.08,4,0,0,64,3,67,3.6908774567766094,0.8660254037844386,0.5000000000000001,1,0,0,1,0,1,0,0,0
192.79,16,0,0,66,2,33,5.266775098538158,-0.8660254037844385,-0.5000000000000004,0,0,0,0,0,1,0,0,0
279.35,4,0,0,58,4,34,5.636038822569682,0.8660254037844386,0.5000000000000001,1,1,0,2,0,0,0,0,1
39.8,4,0,0,25,1,39,3.708682081410116,0.8660254037844386,0.5000000000000001,1,0,1,2,1,0,0,0,0
502.22,13,0,0,76,5,65,6.221027450224375,-0.2588190451025208,-0.9659258262890683,0,1,0,1,0,1,0,0,0
630.65,13,0,0,65,3,52,6.448335443276046,-0.2588190451025208,-0.9659258262890683,0,0,0,0,0,0,1,0,0
214.02,13,1,0,37,2,54,5.370731047057082,-0.2588190451025208,-0.9659258262890683,0,0,1,2,0,0,0,0,1
597.45,7,0,0,54,6,48,6.394342979319379,0.9659258262890683,-0.25881904510252063,0,1,0,1,0,1,0,0,0
33.72,1,0,0,77,2,69,3.5473158897921495,0.25881904510252074,0.9659258262890683,1,0,0,1,1,0,0,0,0
130.87,12,1,0,71,0,39,4.881816588819608,1.2246467991473532e-16,-1.0,0,0,0,1,1,0,0,0,0
27.74,1,0,0,72,1,41,3.358289880650879,0.25881904510252074,0.9659258262890683,1,0,0,1,0,0,0,0,1
39.32,1,0,0,78,3,56,3.696847623763113,0.25881904510252074,0.9659258262890683,1,0,0,1,0,1,0,0,0
39.56,14,0,0,85,0,23,3.702782359282928,-0.4999999999999997,-0.8660254037844388,0,0,0,0,0,1,0,0,0
65.01,16,0,0,61,1,61,4.189806245700679,-0.8660254037844385,-0.5000000000000004,0,0,0,0,0,0,0,1,0
14.86,0,1,0,61,1,34,2.7638002162067017,0.0,1.0,1,0,0,2,0,0,0,0,1
93.67,23,0,0,38,2,59,4.5503971601407995,-0.25881904510252157,0.9659258262890681,0,0,1,1,1,0,0,0,0
346.28,10,0,0,60,2,54,5.850131370991338,0.49999999999999994,-0.8660254037844387,0,0,0,0,0,0,0,1,0
309.36,3,0,0,79,2,36,5.737732914025749,0.7071067811865476,0.7071067811865476,1,0,0,1,0,0,0,0,1
186.59,6,0,0,98,5,53,5.2342587302473165,1.0,6.123233995736766e-17,0,1,0,1,0,0,0,0,1
337.37,1,0,0,98,1,58,5.824139971319935,0.25881904510252074,0.9659258262890683,1,0,0,1,1,0,0,0,0
246.12,14,0,0,66,4,69,5.509874048610326,-0.4999999999999997,-0.8660254037844388,0,1,0,1,0,0,0,1,0
1.04,16,0,0,29,3,55,0.712949807856125,-0.8660254037844385,-0.5000000000000004,0,0,1,1,0,0,0,1,0
6.22,6,1,0,29,3,35,1.9768549529047348,1.0,6.123233995736766e-17,0,0,1,2,0,1,0,0,0
137.24,18,0,0,39,0,48,4.928991305055746,-1.0,-1.8369701987210297e-16,0,0,1,1,1,0,0,0,0
215.17,15,0,0,72,2,55,5.376065135169961,-0.7071067811865471,-0.7071067811865479,0,0,0,0,0,1,0,0,0
103.5,18,0,0,82,2,59,4.6491870714048655,-1.0,-1.8369701987210297e-16,0,0,0,0,1,0,0,0,0
124.84,22,0,0,86,1,55,4.835011258750022,-0.5000000000000004,0.8660254037844384,0,0,0,0,0,0,1,0,0
32.86,6,0,0,28,4,52,3.522234376704989,1.0,6.123233995736766e-17,0,1,1,2,0,0,1,0,0
77.69,22,0,0,92,2,19,4.365516082546892,-0.5000000000000004,0.8660254037844384,0,0,0,0,1,0,0,0,0
62.22,10,0,0,61,1,58,4.146620706787472,0.49999999999999994,-0.8660254037844387,0,0,0,0,1,0,0,0,0
111.49,11,0,0,34,3,57,4.722864328804734,0.258819045102521,-0.9659258262890682,0,0,1,1,0,1,0,0,0
233.0,23,0,0,46,0,50,5.455321115357702,-0.25881904510252157,0.9659258262890681,0,0,0,0,0,1,0,0,0
86.97,6,0,0,60,1,34,4.476995847264583,1.0,6.123233995736766e-17,0,0,0,0,0,0,0,0,1
55.59,18,0,0,99,2,23,4.035832291154432,-1.0,-1.8369701987210297e-16,0,0,0,0,0,0,0,1,0
608.76,18,1,0,63,4,69,6.41306543712555,-1.0,-1.8369701987210297e-16,0,1,0,2,0,0,1,0,0
77.0,23,0,0,69,3,28,4.356708826689592,-0.25881904510252157,0.9659258262890681,0,0,0,0,0,1,0,0,0
119.17,12,0,0,47,0,42,4.788907406923208,1.2246467991473532e-16,-1.0,0,0,0,0,0,0,0,1,0
261.33,19,1,0,37,2,58,5.56960325318826,-0.9659258262890684,0.2588190451025203,0,0,1,2,0,0,1,0,0
124.87,23,0,0,90,2,25,4.835249628303414,-0.25881904510252157,0.9659258262890681,0,0,0,0,0,0,1,0,0
173.09,19,1,0,80,2,27,5.159572406870627,-0.9659258262890684,0.2588190451025203,0,0,0,1,0,0,0,0,1
45.34,1,1,0,86,3,41,3.8360055190042304,0.25881904510252074,0.9659258262890683,1,0,0,2,0,0,0,0,1
70.8,15,0,0,68,1,68,4.273884476054178,-0.7071067811865471,-0.7071067811865479,0,0,0,0,0,0,0,1,0
518.97,18,0,0,40,2,40,6.253771117603516,-1.0,-1.8369701987210297e-16,0,0,0,0,1,0,0,0,0
119.67,12,0,0,82,3,20,4.79305954708551,1.2246467991473532e-16,-1.0,0,0,0,0,0,0,0,1,0
70.45,10,0,0,57,2,27,4.268997904375876,0.49999999999999994,-0.8660254037844387,0,0,0,0,0,1,0,0,0
34.69,13,1,0,72,0,55,3.574870537502069,-0.2588190451025208,-0.9659258262890683,0,0,0,1,0,0,0,1,0
43.24,19,0,0,34,1,25,3.7896293572140793,-0.9659258262890684,0.2588190451025203,0,0,1,1,0,0,0,1,0
281.36,11,0,0,84,2,35,5.643182852527271,0.258819045102521,-0.9659258262890682,0,0,0,0,1,0,0,0,0
105.31,8,0,0,91,4,27,4.666359354300514,0.8660254037844387,-0.4999999999999998,0,1,0,1,0,0,0,1,0
75.36,20,0,0,96,2,27,4.335458998857547,-0.8660254037844386,0.5000000000000001,0,0,0,0,1,0,0,0,0
460.51,22,0,0,99,4,54,6.134503722180521,-0.5000000000000004,0.8660254037844384,0,1,0,1,0,0,0,0,1
47.0,1,1,0,86,3,62,3.871201010907891,0.25881904510252074,0.9659258262890683,1,0,0,2,0,0,0,0,1
158.64,1,0,0,87,3,44,5.072921280180533,0.25881904510252074,0.9659258262890683,1,0,0,1,0,0,1,0,0
625.88,9,0,0,94,3,19,6.440755134756176,0.7071067811865476,-0.7071067811865475,0,0,0,0,0,0,0,0,1
292.29,5,0,0,44,3,56,5.681161880618667,0.9659258262890683,0.25881904510252074,1,0,0,1,0,1,0,0,0
409.14,21,0,0,26,0,52,6.016498564827623,-0.7071067811865477,0.7071067811865474,0,0,1,1,0,1,0,0,0
297.85,7,0,0,90,2,19,5.699941775270263,0.9659258262890683,-0.25881904510252063,0,0,0,0,0,1,0,0,0
131.97,5,1,0,41,1,49,4.890123538868615,0.9659258262890683,0.25881904510252074,1,0,0,2,0,1,0,0,0
15.9,21,0,0,73,0,41,2.8273136219290276,-0.7071067811865477,0.7071067811865474,0,0,0,0,0,0,1,0,0
175.42,1,0,1,70,2,40,5.172867515830621,0.25881904510252074,0.9659258262890683,1,0,0,2,0,0,0,0,1
14.38,1,0,0,50,2,64,2.733067964077498,0.25881904510252074,0.9659258262890683,1,0,0,1,0,0,0,1,0
14.71,22,0,0,38,0,61,2.75429745226753,-0.5000000000000004,0.8660254037844384,0,0,1,1,0,1,0,0,0
257.41,18,0,0,32,1,38,5.554547470850036,-1.0,-1.8369701987210297e-16,0,0,1,1,0,0,0,0,1
144.62,21,1,0,88,1,64,4.981000488966565,-0.7071067811865477,0.7071067811865474,0,0,0,1,0,0,0,0,1
91.66,3,0,0,78,1,45,4.528936879988502,0.7071067811865476,0.7071067811865476,1,0,0,1,1,0,0,0,0
87.93,19,0,0,39,4,27,4.487849543411548,-0.9659258262890684,0.2588190451025203,0,1,1,2,0,0,1,0,0
490.09,18,0,0,58,1,64,6.196627410386242,-1.0,-1.8369701987210297e-16,0,0,0,0,1,0,0,0,0
42.59,14,0,1,48,2,40,3.774827766250301,-0.4999999999999997,-0.8660254037844388,0,0,0,1,1,0,0,0,0
45.72,9,0,0,71,1,28,3.8441723385199715,0.7071067811865476,-0.7071067811865475,0,0,0,0,0,0,0,0,1
150.58,20,0,0,63,4,61,5.021113538383883,-0.8660254037844386,0.5000000000000001,0,1,0,1,0,0,0,1,0
357.33,4,0,0,57,1,39,5.881454349524805,0.8660254037844386,0.5000000000000001,1,0,0,1,0,0,0,0,1
38.43,22,0,0,43,3,36,3.674526947889536,-0.5000000000000004,0.8660254037844384,0,0,0,0,0,0,0,1,0
33.71,13,0,0,47,0,53,3.547027829873695,-0.2588190451025208,-0.9659258262890683,0,0,0,0,0,0,0,1,0
257.05,13,0,0,62,5,30,5.553153364594737,-0.2588190451025208,-0.9659258262890683,0,1,0,1,0,0,0,1,0
287.74,22,0,0,78,3,58,5.665526629201668,-0.5000000000000004,0.8660254037844384,0,0,0,0,0,0,1,0,0
332.32,15,0,0,63,1,66,5.809102989514006,-0.7071067811865471,-0.7071067811865479,0,0,0,0,0,0,1,0,0
234.6,23,0,0,86,1,66,5.462135451777431,-0.25881904510252157,0.9659258262890681,0,0,0,0,0,0,0,1,0
1.86,17,0,0,73,2,25,1.0508216248317612,-0.9659258262890683,-0.25881904510252063,0,0,0,0,0,0,1,0,0
66.8,16,1,0,41,4,27,4.216562194946349,-0.8660254037844385,-0.5000000000000004,0,1,0,2,0,0,0,1,0
148.0,0,0,0,94,2,19,5.003946305945459,0.0,1.0,1,0,0,1,0,0,0,0,1
595.36,0,0,0,86,0,36,6.390844511560198,0.0,1.0,1,0,0,1,0,0,1,0,0
99.41,0,0,0,88,3,66,4.609261803891345,0.0,1.0,1,0,0,1,0,0,0,0,1
273.17,0,0,0,80,4,19,5.61374835195222,0.0,1.0,1,1,0,2,0,1,0,0,0
225.34,21,0,0,51,0,65,5.4220382935377955,-0.7071067811865477,0.7071067811865474,0,0,0,0,0,0,0,1,0
127.82,20,0,0,28,1,66,4.858416081118745,-0.8660254037844386,0.5000000000000001,0,0,1,1,0,1,0,0,0
104.23,11,0,0,61,2,36,4.656148430752721,0.258819045102521,-0.9659258262890682,0,0,0,0,0,0,0,0,1
141.19,21,0,0,42,2,27,4.957164191408283,-0.7071067811865477,0.7071067811865474,0,0,0,0,0,0,1,0,0
376.21,21,0,0,77,4,30,5.932802061542565,-0.7071067811865477,0.7071067811865474,0,1,0,1,0,0,0,1,0
24.46,12,0,0,49,1,48,3.2371085931292605,1.2246467991473532e-16,-1.0,0,0,0,0,0,1,0,0,0
305.79,18,0,0,78,1,51,5.726163474437768,-1.0,-1.8369701987210297e-16,0,0,0,0,0,1,0,0,0
443.93,23,0,0,26,0,54,6.097916966421981,-0.25881904510252157,0.9659258262890681,0,0,1,1,0,0,0,1,0
236.23,15,0,0,45,2,40,5.469030134674274,-0.7071067811865471,-0.7071067811865479,0,0,0,0,0,0,0,0,1
44.75,0,0,0,58,2,56,3.82319179172153,0.0,1.0,1,0,0,1,0,1,0,0,0
31.57,12,0,1,67,1,48,3.4833916192881422,1.2246467991473532e-16,-1.0,0,0,0,1,0,0,1,0,0
18.36,4,0,0,99,2,34,2.963209081848431,0.8660254037844386,0.5000000000000001,1,0,0,1,0,0,0,0,1
321.74,11,0,1,65,3,24,5.776847045513207,0.258819045102521,-0.9659258262890682,0,0,0,1,0,0,1,0,0
33.69,5,1,0,59,0,31,3.5464514609816584,0.9659258262890683,0.25881904510252074,1,0,0,2,0,1,0,0,0
328.85,9,0,0,82,1,21,5.79863800566888,0.7071067811865476,-0.7071067811865475,0,0,0,0,0,0,0,0,1
245.23,14,0,0,65,1,19,5.506266058479704,-0.4999999999999997,-0.8660254037844388,0,0,0,0,1,0,0,0,0
104.61,18,0,0,70,3,49,4.659753063758383,-1.0,-1.8369701987210297e-16,0,0,0,0,0,0,1,0,0
13.31,3,0,0,57,4,18,2.6609585935683597,0.7071067811865476,0.7071067811865476,1,1,0,2,1,0,0,0,0
6.79,19,0,0,32,1,36,2.052840859882657,-0.9659258262890684,0.2588190451025203,0,0,1,1,0,1,0,0,0
21.75,23,0,0,60,1,29,3.1245651453969594,-0.25881904510252157,0.9659258262890681,0,0,0,0,1,0,0,0,0
471.2,9,0,0,83,2,45,6.157402624651413,0.7071067811865476,-0.7071067811865475,0,0,0,0,0,0,0,1,0
272.44,6,0,0,68,0,37,5.6110822193672805,1.0,6.123233995736766e-17,0,0,0,0,0,1,0,0,0
176.0,13,0,1,98,0,37,5.176149732573829,-0.2588190451025208,-0.9659258262890683,0,0,0,1,0,0,1,0,0
32.63,6,0,0,40,0,67,3.515418525752178,1.0,6.123233995736766e-17,0,0,0,0,1,0,0,0,0
40.89,15,0,0,64,1,29,3.7350471349589434,-0.7071067811865471,-0.7071067811865479,0,0,0,0,0,0,0,1,0
33.48,18,0,0,42,2,52,3.5403794457954922,-1.0,-1.8369701987210297e-16,0,0,0,0,0,0,0,0,1
47.2,1,0,0,56,2,65,3.8753590210565547,0.25881904510252074,0.9659258262890683,1,0,0,1,0,0,0,1,0
164.61,12,0,0,98,5,20,5.1096356266014,1.2246467991473532e-16,-1.0,0,1,0,1,0,0,0,0,1
141.56,12,0,0,44,3,22,4.9597629637225,1.2246467991473532e-16,-1.0,0,0,0,0,0,1,0,0,0
138.19,14,0,0,77,0,33,4.935839906239309,-0.4999999999999997,-0.8660254037844388,0,0,0,0,0,1,0,0,0
138.71,12,1,0,46,1,37,4.939568845662396,1.2246467991473532e-16,-1.0,0,0,0,1,0,0,0,0,1
67.05,18,0,0,59,3,20,4.220242729097475,-1.0,-1.8369701987210297e-16,0,0,0,0,0,0,0,0,1
101.8,16,1,0,84,3,24,4.632785353021065,-0.8660254037844385,-0.5000000000000004,0,0,0,1,0,0,0,1,0
166.05,10,0,0,81,1,48,5.118293168802766,0.49999999999999994,-0.8660254037844387,0,0,0,0,0,0,0,0,1
184.31,18,1,1,72,0,29,5.222030098375917,-1.0,-1.8369701987210297e-16,0,0,0,2,0,0,0,1,0
51.9,22,0,0,54,3,22,3.9684033388642534,-0.5000000000000004,0.8660254037844384,0,0,0,0,0,0,0,1,0
344.12,3,1,0,38,3,29,5.843892182640846,0.7071067811865476,0.7071067811865476,1,0,1,3,0,0,0,1,0
2.13,8,0,0,36,1,68,1.1410330045520618,0.8660254037844387,-0.4999999999999998,0,0,1,1,0,0,0,1,0
25.51,1,0,0,81,0,29,3.277522020300934,0.25881904510252074,0.9659258262890683,1,0,0,1,0,0,1,0,0
109.44,1,0,0,91,2,62,4.704472387061954,0.25881904510252074,0.9659258262890683,1,0,0,1,0,0,0,0,1
26.48,19,0,0,64,2,37,3.3134584673541485,-0.9659258262890684,0.2588190451025203,0,0,0,0,0,0,0,0,1
771.1,21,0,0,69,3,57,6.64911407531477,-0.7071067811865477,0.7071067811865474,0,0,0,0,1,0,0,0,0
59.54,0,0,0,32,3,29,4.103304303593573,0.0,1.0,1,0,1,2,0,1,0,0,0
16.61,12,0,0,91,2,52,2.8684669225081145,1.2246467991473532e-16,-1.0,0,0,0,0,0,1,0,0,0
100.85,16,0,0,56,1,31,4.623501142672815,-0.8660254037844385,-0.5000000000000004,0,0,0,0,0,0,0,0,1
2.31,20,0,0,41,2,32,1.1969481893889715,-0.8660254037844386,0.5000000000000001,0,0,0,0,0,0,1,0,0
61.37,22,0,0,48,4,19,4.1330843905380314,-0.5000000000000004,0.8660254037844384,0,1,0,1,0,0,1,0,0
621.94,12,0,0,87,4,29,6.434450205963326,1.2246467991473532e-16,-1.0,0,1,0,1,0,0,0,1,0
33.43,16,0,0,92,0,39,3.5389282773504322,-0.8660254037844385,-0.5000000000000004,0,0,0,0,0,0,0,1,0
346.98,9,0,0,91,3,24,5.85214500685857,0.7071067811865476,-0.7071067811865475,0,0,0,0,0,0,1,0,0
10.77,18,0,0,48,1,28,2.4655539212721855,-1.0,-1.8369701987210297e-16,0,0,0,0,0,0,0,0,1
112.25,9,0,0,47,4,54,4.7295977643631435,0.7071067811865476,-0.7071067811865475,0,1,0,1,0,1,0,0,0
491.26,4,0,0,41,3,34,6.19900703219354,0.8660254037844386,0.5000000000000001,1,0,0,1,0,0,0,0,1
125.62,13,0,0,43,4,32,4.84119047511598,-0.2588190451025208,-0.9659258262890683,0,1,0,1,0,1,0,0,0
182.09,18,0,1,86,2,50,5.209977835224513,-1.0,-1.8369701987210297e-16,0,0,0,1,0,0,0,0,1
435.03,9,1,0,57,1,65,6.077711048321367,0.7071067811865476,-0.7071067811865475,0,0,0,1,0,1,0,0,0
429.92,18,1,0,84,4,44,6.065922458025992,-1.0,-1.8369701987210297e-16,0,1,0,2,0,0,0,1,0
341.06,1,0,0,76,3,69,5.834986160271545,0.25881904510252074,0.9659258262890683,1,0,0,1,0,0,1,0,0
140.13,8,0,0,40,2,26,4.949681451425915,0.8660254037844387,-0.4999999999999998,0,0,0,0,0,0,0,0,1
327.76,1,0,0,39,2,33,5.795328001280299,0.25881904510252074,0.9659258262890683,1,0,1,2,0,0,0,0,1
49.97,11,0,0,45,1,32,3.93123722435195,0.258819045102521,-0.9659258262890682,0,0,0,0,0,0,0,0,1
78.51,4,0,0,48,2,29,4.375882799913392,0.8660254037844386,0.5000000000000001,1,0,0,1,0,0,0,0,1
23.29,14,0,1,61,0,54,3.190064743014081,-0.4999999999999997,-0.8660254037844388,0,0,0,1,0,0,1,0,0
177.32,16,0,0,86,3,19,5.183579689077614,-0.8660254037844385,-0.5000000000000004,0,0,0,0,1,0,0,0,0
113.96,8,0,0,70,4,22,4.744584241770769,0.8660254037844387,-0.4999999999999998,0,1,0,1,0,0,0,0,1
182.62,15,1,0,91,0,30,5.212868404715554,-0.7071067811865471,-0.7071067811865479,0,0,0,1,1,0,0,0,0
98.68,7,0,0,50,2,36,4.601965055039143,0.9659258262890683,-0.25881904510252063,0,0,0,0,0,1,0,0,0
586.24,23,0,0,25,2,29,6.37543359487126,-0.25881904510252157,0.9659258262890681,0,0,1,1,0,0,0,0,1
27.22,20,0,0,73,2,34,3.340030946424668,-0.8660254037844386,0.5000000000000001,0,0,0,0,0,0,0,1,0
67.67,0,0,0,71,3,64,4.229312422632585,0.0,1.0,1,0,0,1,0,0,1,0,0
104.51,6,0,0,85,2,61,4.658805735154001,1.0,6.123233995736766e-17,0,0,0,0,0,0,0,1,0
409.67,1,0,1,79,2,57,6.017789972275531,0.25881904510252074,0.9659258262890683,1,0,0,2,0,0,1,0,0
226.68,17,0,0,51,2,20,5.427941134341542,-0.9659258262890683,-0.25881904510252063,0,0,0,0,0,1,0,0,0
56.32,14,0,0,83,1,49,4.048649602959971,-0.4999999999999997,-0.8660254037844388,0,0,0,0,1,0,0,0,0
42.83,8,1,0,69,1,45,3.780318514430718,0.8660254037844387,-0.4999999999999998,0,0,0,1,1,0,0,0,0
163.52,23,0,0,63,0,48,5.103032143362223,-0.25881904510252157,0.9659258262890681,0,0,0,0,0,0,0,0,1
127.28,3,0,0,61,2,40,4.854215374824954,0.7071067811865476,0.7071067811865476,1,0,0,1,1,0,0,0,0
40.14,17,0,0,84,0,53,3.716980884224811,-0.9659258262890683,-0.25881904510252063,0,0,0,0,0,0,0,0,1
6.38,23,0,0,52,1,58,1.998773638612381,-0.25881904510252157,0.9659258262890681,0,0,0,0,0,0,1,0,0
94.79,5,1,0,37,0,58,4.5621582953948,0.9659258262890683,0.25881904510252074,1,0,1,3,0,0,0,1,0
46.78,6,0,0,51,4,32,3.8666071418976635,1.0,6.123233995736766e-17,0,1,0,1,1,0,0,0,0
4.62,18,0,0,82,4,55,1.7263316639055997,-1.0,-1.8369701987210297e-16,0,1,0,1,1,0,0,0,0
17.92,21,0,0,93,3,40,2.9402195636237325,-0.7071067811865477,0.7071067811865474,0,0,0,0,0,0,1,0,0
60.2,1,0,0,38,0,23,4.11414718951828,0.25881904510252074,0.9659258262890683,1,0,1,2,0,1,0,0,0
166.82,16,0,0,85,0,51,5.122891976441923,-0.8660254037844385,-0.5000000000000004,0,0,0,0,0,0,0,0,1
179.27,2,1,0,69,2,69,5.194455727013946,0.49999999999999994,0.8660254037844387,1,0,0,2,1,0,0,0,0
346.84,10,0,0,48,3,46,5.851742603932845,0.49999999999999994,-0.8660254037844387,0,0,0,0,1,0,0,0,0
443.91,3,0,0,27,3,67,6.097872014520508,0.7071067811865476,0.7071067811865476,1,0,1,2,0,0,0,0,1
58.08,14,0,0,71,4,60,4.078892457663179,-0.4999999999999997,-0.8660254037844388,0,1,0,1,0,0,1,0,0
89.28,20,0,0,27,3,44,4.502915951949335,-0.8660254037844386,0.5000000000000001,0,0,1,1,0,0,1,0,0
94.72,23,0,0,74,3,55,4.561427263040173,-0.25881904510252157,0.9659258262890681,0,0,0,0,0,1,0,0,0
290.44,7,0,0,54,5,23,5.674834152700308,0.9659258262890683,-0.25881904510252063,0,1,0,1,0,0,0,1,0
801.76,11,0,1,58,1,18,6.688055790070482,0.258819045102521,-0.9659258262890682,0,0,0,1,0,0,1,0,0
227.65,6,1,0,97,3,52,5.432192450104064,1.0,6.123233995736766e-17,0,0,0,1,0,0,1,0,0
412.03,0,0,0,74,1,33,6.023520229548113,0.0,1.0,1,0,0,1,0,0,0,0,1
87.16,11,0,0,62,2,35,4.479153345404605,0.258819045102521,-0.9659258262890682,0,0,0,0,1,0,0,0,0
142.42,6,0,0,35,3,22,4.965777388454429,1.0,6.123233995736766e-17,0,0,1,1,0,0,1,0,0
209.81,3,0,0,34,3,34,5.350957253872216,0.7071067811865476,0.7071067811865476,1,0,1,2,0,0,1,0,0
113.76,2,0,0,96,1,57,4.742842991113164,0.49999999999999994,0.8660254037844387,1,0,0,1,0,0,0,1,0
69.33,3,0,0,71,6,24,4.2531984503199265,0.7071067811865476,0.7071067811865476,1,1,0,2,0,0,1,0,0
76.33,16,1,0,26,1,31,4.348081978620944,-0.8660254037844385,-0.5000000000000004,0,0,1,2,0,0,1,0,0
249.98,9,0,0,64,3,44,5.525373254682162,0.7071067811865476,-0.7071067811865475,0,0,0,0,0,0,1,0,0
329.71,18,0,0,96,1,48,5.80124185841777,-1.0,-1.8369701987210297e-16,0,0,0,0,0,1,0,0,0
596.8,11,0,0,25,0,28,6.393256249849838,0.258819045102521,-0.9659258262890682,0,0,1,1,0,1,0,0,0
80.19,18,0,0,25,0,60,4.396792086874355,-1.0,-1.8369701987210297e-16,0,0,1,1,0,1,0,0,0
20.41,6,1,0,94,1,59,3.0638581026015914,1.0,6.123233995736766e-17,0,0,0,1,0,0,0,0,1
218.69,10,0,0,31,1,52,5.3922174617410885,0.49999999999999994,-0.8660254037844387,0,0,1,1,0,0,1,0,0
162.98,4,0,0,26,2,52,5.099744469168032,0.8660254037844386,0.5000000000000001,1,0,1,2,0,0,0,0,1
77.88,18,0,1,61,1,56,4.36792771029438,-1.0,-1.8369701987210297e-16,0,0,0,1,0,1,0,0,0
464.71,5,0,0,71,1,33,6.143563122809109,0.9659258262890683,0.25881904510252074,1,0,0,1,0,0,0,1,0
284.83,14,0,0,88,1,50,5.655397228496406,-0.4999999999999997,-0.8660254037844388,0,0,0,0,0,0,0,1,0
207.54,12,0,0,62,6,45,5.340130869361447,1.2246467991473532e-16,-1.0,0,1,0,1,0,0,0,1,0
235.0,16,0,0,85,4,25,5.4638318050256105,-0.8660254037844385,-0.5000000000000004,0,1,0,1,0,0,1,0,0
259.98,1,0,0,76,1,32,5.564443776034101,0.25881904510252074,0.9659258262890683,1,0,0,1,0,0,0,1,0
520.28,8,0,0,55,2,65,6.25628732541368,0.8660254037844387,-0.4999999999999998,0,0,0,0,0,1,0,0,0
208.94,23,0,0,25,5,38,5.346821775607651,-0.25881904510252157,0.9659258262890681,0,1,1,2,0,1,0,0,0
23.69,5,0,0,79,1,33,3.206398303357088,0.9659258262890683,0.25881904510252074,1,0,0,1,0,0,0,0,1
212.51,10,0,0,56,2,49,5.36368366997929,0.49999999999999994,-0.8660254037844387,0,0,0,0,0,0,0,1,0
39.92,16,1,0,68,1,55,3.711618941083426,-0.8660254037844385,-0.5000000000000004,0,0,0,1,1,0,0,0,0
317.24,1,1,0,93,2,28,5.762805815105662,0.25881904510252074,0.9659258262890683,1,0,0,2,0,0,1,0,0
85.57,8,0,0,43,2,43,4.460953335227682,0.8660254037844387,-0.4999999999999998,0,0,0,0,0,1,0,0,0
79.2,23,0,0,65,3,50,4.384523514872469,-0.25881904510252157,0.9659258262890681,0,0,0,0,0,0,0,1,0
426.51,23,0,0,78,0,31,6.057977679916096,-0.25881904510252157,0.9659258262890681,0,0,0,0,0,1,0,0,0
218.84,14,0,0,92,1,60,5.392900009033984,-0.4999999999999997,-0.8660254037844388,0,0,0,0,0,0,0,0,1
713.28,17,0,0,91,3,65,6.571275042328924,-0.9659258262890683,-0.25881904510252063,0,0,0,0,0,0,0,1,0
104.2,19,0,1,43,0,54,4.65586330030361,-0.9659258262890684,0.2588190451025203,0,0,0,1,1,0,0,0,0
57.28,5,0,0,37,1,37,4.065258981327004,0.9659258262890683,0.25881904510252074,1,0,1,2,0,0,1,0,0
2.36,12,0,0,47,5,35,1.2119409739751128,1.2246467991473532e-16,-1.0,0,1,0,1,0,1,0,0,0
65.11,12,0,0,58,1,29,4.191320021345486,1.2246467991473532e-16,-1.0,0,0,0,0,1,0,0,0,0
92.64,16,0,0,38,0,23,4.53945764262271,-0.8660254037844385,-0.5000000000000004,0,0,1,1,0,0,0,1,0
103.82,6,0,0,89,6,56,4.65224459337402,1.0,6.123233995736766e-17,0,1,0,1,0,1,0,0,0
141.78,8,0,0,48,2,30,4.961304984074315,0.8660254037844387,-0.4999999999999998,0,0,0,0,0,1,0,0,0
30.13,23,0,0,99,2,69,3.4381719844535166,-0.25881904510252157,0.9659258262890681,0,0,0,0,0,0,0,0,1
136.42,7,0,0,66,3,42,4.92304192960293,0.9659258262890683,-0.25881904510252063,0,0,0,0,0,1,0,0,0
101.28,23,0,0,48,1,38,4.627714150422986,-0.25881904510252157,0.9659258262890681,0,0,0,0,0,0,0,0,1
185.91,13,0,0,48,3,30,5.230627217578086,-0.2588190451025208,-0.9659258262890683,0,0,0,0,0,1,0,0,0
31.73,8,0,0,84,1,57,3.4882920885130893,0.8660254037844387,-0.4999999999999998,0,0,0,0,0,0,0,1,0
191.44,3,0,0,59,3,69,5.259784416831253,0.7071067811865476,0.7071067811865476,1,0,0,1,0,1,0,0,0
53.64,3,0,0,74,1,19,4.0007662152625345,0.7071067811865476,0.7071067811865476,1,0,0,1,1,0,0,0,0
98.59,1,0,0,37,2,56,4.601061757943548,0.25881904510252074,0.9659258262890683,1,0,1,2,1,0,0,0,0
4.25,7,0,0,78,1,30,1.6582280766035324,0.9659258262890683,-0.25881904510252063,0,0,0,0,0,1,0,0,0
66.09,2,0,0,31,1,68,4.206035001574797,0.49999999999999994,0.8660254037844387,1,0,1,2,0,0,0,1,0
131.37,17,0,0,47,0,53,4.885601031725679,-0.9659258262890683,-0.25881904510252063,0,0,0,0,0,1,0,0,0
5.13,14,0,0,37,1,53,1.81319474994812,-0.4999999999999997,-0.8660254037844388,0,0,1,1,0,1,0,0,0
196.32,19,0,0,85,3,42,5.284826776365538,-0.9659258262890684,0.2588190451025203,0,0,0,0,0,1,0,0,0
123.92,20,0,0,52,0,63,4.827673532414877,-0.8660254037844386,0.5000000000000001,0,0,0,0,0,0,0,0,1
75.06,1,1,0,34,3,57,4.331522502500114,0.25881904510252074,0.9659258262890683,1,0,1,3,0,0,1,0,0
46.53,18,1,0,61,3,43,3.861361090625918,-1.0,-1.8369701987210297e-16,0,0,0,1,0,0,1,0,0
9.07,17,0,0,72,4,48,2.309560706730471,-0.9659258262890683,-0.25881904510252063,0,1,0,1,0,0,1,0,0
275.26,11,0,0,31,2,40,5.621342451271814,0.258819045102521,-0.9659258262890682,0,0,1,1,1,0,0,0,0
553.96,15,0,0,52,2,30,6.318896039077046,-0.7071067811865471,-0.7071067811865479,0,0,0,0,1,0,0,0,0
622.33,19,0,0,39,1,66,6.435076073572642,-0.9659258262890684,0.2588190451025203,0,0,1,1,0,1,0,0,0
38.69,13,0,0,55,2,19,3.681099266794974,-0.2588190451025208,-0.9659258262890683,0,0,0,0,0,0,0,1,0
189.56,0,0,0,79,2,30,5.24996710560699,0.0,1.0,1,0,0,1,0,0,0,0,1
233.73,16,0,0,66,2,51,5.458435917440796,-0.8660254037844385,-0.5000000000000004,0,0,0,0,0,0,0,0,1
105.02,11,0,0,74,1,49,4.66362775555966,0.258819045102521,-0.9659258262890682,0,0,0,0,0,0,1,0,0
78.93,6,0,0,41,3,54,4.381151251637927,1.0,6.123233995736766e-17,0,0,0,0,0,0,0,1,0
31.68,5,0,0,81,1,39,3.486763269991802,0.9659258262890683,0.25881904510252074,1,0,0,1,0,0,0,0,1
76.86,18,0,0,92,4,25,4.35491234218231,-1.0,-1.8369701987210297e-16,0,1,0,1,0,0,0,1,0
46.6,14,0,0,87,5,28,3.8628327612373745,-0.4999999999999997,-0.8660254037844388,0,1,0,1,0,0,0,1,0
13.8,18,1,0,96,5,61,2.6946271807700692,-1.0,-1.8369701987210297e-16,0,1,0,2,0,0,0,1,0
146.1,8,0,0,49,3,64,4.991112627607392,0.8660254037844387,-0.4999999999999998,0,0,0,0,0,1,0,0,0
57.62,3,0,0,86,2,67,4.071075935282746,0.7071067811865476,0.7071067811865476,1,0,0,1,0,1,0,0,0
330.26,21,0,0,41,2,28,5.802903565524009,-0.7071067811865477,0.7071067811865474,0,0,0,0,0,0,0,0,1
420.46,10,0,0,34,3,25,6.043724873769067,0.49999999999999994,-0.8660254037844387,0,0,1,1,0,0,0,0,1
327.99,19,0,0,82,3,56,5.796027355166652,-0.9659258262890684,0.2588190451025203,0,0,0,0,0,1,0,0,0
41.52,7,0,0,84,1,26,3.749974553473747,0.9659258262890683,-0.25881904510252063,0,0,0,0,0,0,0,1,0
92.52,11,0,0,50,6,33,4.538175317163813,0.258819045102521,-0.9659258262890682,0,1,0,1,0,0,0,1,0
89.83,0,1,0,83,2,36,4.508989627514122,0.0,1.0,1,0,0,2,0,0,0,0,1
13.08,21,0,0,83,3,35,2.644755350729896,-0.7071067811865477,0.7071067811865474,0,0,0,0,0,0,0,1,0
400.74,21,1,1,43,1,29,5.995805113206402,-0.7071067811865477,0.7071067811865474,0,0,0,2,0,0,1,0,0
37.01,1,0,0,63,2,66,3.6378492830011573,0.25881904510252074,0.9659258262890683,1,0,0,1,0,0,1,0,0
74.95,8,0,0,45,3,42,4.330075229041782,0.8660254037844387,-0.4999999999999998,0,0,0,0,0,1,0,0,0
126.49,6,0,0,75,1,19,4.8480379301500305,1.0,6.123233995736766e-17,0,0,0,0,0,1,0,0,0
24.43,16,0,0,34,1,69,3.2359295794340284,-0.8660254037844385,-0.5000000000000004,0,0,1,1,1,0,0,0,0
37.68,12,0,0,43,2,41,3.6553226705850936,1.2246467991473532e-16,-1.0,0,0,0,0,0,0,0,0,1
36.79,10,0,0,68,2,34,3.6320445173613978,0.49999999999999994,-0.8660254037844387,0,0,0,0,1,0,0,0,0
138.29,15,1,1,86,3,68,4.93655809069994,-0.7071067811865471,-0.7071067811865479,0,0,0,2,0,1,0,0,0
89.7,9,0,0,98,1,36,4.507557357121091,0.7071067811865476,-0.7071067811865475,0,0,0,0,0,0,0,1,0
111.17,7,0,0,77,2,66,4.720015577657132,0.9659258262890683,-0.25881904510252063,0,0,0,0,0,0,1,0,0
447.48,23,0,0,54,1,39,6.105864087416478,-0.25881904510252157,0.9659258262890681,0,0,0,0,0,0,0,1,0
25.09,7,0,0,67,4,47,3.261552099148637,0.9659258262890683,-0.25881904510252063,0,1,0,1,1,0,0,0,0
132.8,5,0,0,59,4,61,4.896346147694128,0.9659258262890683,0.25881904510252074,1,1,0,2,1,0,0,0,0
156.43,18,0,0,48,1,18,5.058980915026537,-1.0,-1.8369701987210297e-16,0,0,0,0,0,0,0,1,0
119.93,21,0,0,96,2,28,4.795211865797184,-0.7071067811865477,0.7071067811865474,0,0,0,0,0,0,0,1,0
27.33,19,0,0,42,4,28,3.3439213138424253,-0.9659258262890684,0.2588190451025203,0,1,0,1,0,1,0,0,0
58.59,9,0,0,60,4,18,4.087487774758888,0.7071067811865476,-0.7071067811865475,0,1,0,1,0,0,1,0,0
184.21,2,0,0,27,3,36,5.221490316434711,0.49999999999999994,0.8660254037844387,1,0,1,2,0,0,0,1,0
193.54,20,0,0,28,2,40,5.270637797441294,-0.8660254037844386,0.5000000000000001,0,0,1,1,0,1,0,0,0
146.47,16,0,0,98,0,25,4.993624765262849,-0.8660254037844385,-0.5000000000000004,0,0,0,0,0,0,0,0,1
590.37,1,1,0,37,1,65,6.38244187904345,0.25881904510252074,0.9659258262890683,1,0,1,3,0,0,0,1,0
327.88,15,0,0,58,1,67,5.795692942589623,-0.7071067811865471,-0.7071067811865479,0,0,0,0,1,0,0,0,0
310.14,22,0,0,66,0,28,5.740242971658976,-0.5000000000000004,0.8660254037844384,0,0,0,0,0,0,0,0,1
230.9,6,0,0,63,0,28,5.446306244261486,1.0,6.123233995736766e-17,0,0,0,0,1,0,0,0,0
196.87,23,0,0,68,1,67,5.287610249404349,-0.25881904510252157,0.9659258262890681,0,0,0,0,0,1,0,0,0
221.11,22,0,0,41,1,18,5.403172754650417,-0.5000000000000004,0.8660254037844384,0,0,0,0,1,0,0,0,0
34.4,5,1,0,36,2,69,3.5667118201397288,0.9659258262890683,0.25881904510252074,1,0,1,3,0,1,0,0,0
148.55,5,0,0,51,2,41,5.007630785075957,0.9659258262890683,0.25881904510252074,1,0,0,1,0,0,1,0,0
161.88,0,0,0,54,2,47,5.093013733362158,0.0,1.0,1,0,0,1,0,0,0,0,1
495.21,11,0,0,41,2,47,6.206999224218675,0.258819045102521,-0.9659258262890682,0,0,0,0,0,1,0,0,0
247.02,7,0,0,41,0,48,5.513509388074627,0.9659258262890683,-0.25881904510252063,0,0,0,0,1,0,0,0,0
60.21,15,0,0,26,1,63,4.114310574862978,-0.7071067811865471,-0.7071067811865479,0,0,1,1,1,0,0,0,0
1.0,18,0,1,62,2,49,0.6931471805599453,-1.0,-1.8369701987210297e-16,0,0,0,1,0,0,0,0,1
80.0,16,0,0,96,8,43,4.394449154672439,-0.8660254037844385,-0.5000000000000004,0,1,0,1,0,0,0,1,0
31.29,23,0,0,72,0,59,3.4747575847701837,-0.25881904510252157,0.9659258262890681,0,0,0,0,0,0,0,1,0
202.38,18,0,0,86,3,19,5.315076150362992,-1.0,-1.8369701987210297e-16,0,0,0,0,0,1,0,0,0
86.04,4,0,1,50,0,24,4.466367783107633,0.8660254037844386,0.5000000000000001,1,0,0,2,0,0,0,0,1
309.15,1,0,0,64,4,60,5.737056051419127,0.25881904510252074,0.9659258262890683,1,1,0,2,0,0,1,0,0
882.69,5,0,0,43,4,67,6.7841063224024465,0.9659258262890683,0.25881904510252074,1,1,0,2,0,0,0,0,1
61.44,5,0,0,76,3,32,4.134206095647231,0.9659258262890683,0.25881904510252074,1,0,0,1,1,0,0,0,0
48.99,10,0,0,70,2,60,3.911822985425479,0.49999999999999994,-0.8660254037844387,0,0,0,0,0,0,1,0,0
176.45,11,0,0,25,4,39,5.178688879092506,0.258819045102521,-0.9659258262890682,0,1,1,2,0,0,1,0,0
222.47,10,0,1,75,2,55,5.409277176856294,0.49999999999999994,-0.8660254037844387,0,0,0,1,1,0,0,0,0
361.42,2,0,0,28,5,43,5.8928037602840115,0.49999999999999994,0.8660254037844387,1,1,1,3,0,0,0,1,0
226.47,0,0,0,53,2,41,5.42701836156377,0.0,1.0,1,0,0,1,1,0,0,0,0
19.9,22,0,0,58,3,33,3.039749158970765,-0.5000000000000004,0.8660254037844384,0,0,0,0,0,0,0,1,0
168.15,1,0,0,97,1,47,5.130785895226717,0.25881904510252074,0.9659258262890683,1,0,0,1,0,1,0,0,0
119.09,11,1,0,43,3,65,4.788241461672592,0.258819045102521,-0.9659258262890682,0,0,0,1,0,0,0,1,0
164.33,4,0,1,72,3,34,5.107943476563253,0.8660254037844386,0.5000000000000001,1,0,0,2,0,0,0,1,0
193.1,23,0,0,85,1,64,5.268373490174964,-0.25881904510252157,0.9659258262890681,0,0,0,0,1,0,0,0,0
109.1,8,0,0,64,3,50,4.701389043728634,0.8660254037844387,-0.4999999999999998,0,0,0,0,0,1,0,0,0
343.27,16,0,0,70,2,23,5.84142623323418,-0.8660254037844385,-0.5000000000000004,0,0,0,0,0,0,1,0,0
329.64,8,0,0,28,1,29,5.801030170203477,0.8660254037844387,-0.4999999999999998,0,0,1,1,1,0,0,0,0
46.29,12,0,0,94,2,60,3.8562988566557843,1.2246467991473532e-16,-1.0,0,0,0,0,0,1,0,0,0
501.88,4,0,0,38,0,29,6.220351573049258,0.8660254037844386,0.5000000000000001,1,0,1,2,0,0,0,1,0
27.28,7,0,0,53,0,27,3.342154841028372,0.9659258262890683,-0.25881904510252063,0,0,0,0,0,1,0,0,0
3.58,13,1,0,64,0,23,1.5216989981260935,-0.2588190451025208,-0.9659258262890683,0,0,0,1,0,1,0,0,0
131.75,12,0,0,41,1,28,4.888467660122048,1.2246467991473532e-16,-1.0,0,0,0,0,1,0,0,0,0
13.39,7,0,0,52,1,37,2.6665335208992764,0.9659258262890683,-0.25881904510252063,0,0,0,0,1,0,0,0,0
328.98,12,0,1,61,5,59,5.7990320465632985,1.2246467991473532e-16,-1.0,0,1,0,2,0,1,0,0,0
754.05,20,0,0,67,1,68,6.626783972221798,-0.8660254037844386,0.5000000000000001,0,0,0,0,0,0,1,0,0
662.52,18,0,0,57,3,40,6.497558996498071,-1.0,-1.8369701987210297e-16,0,0,0,0,0,1,0,0,0
17.44,19,0,1,94,0,47,2.914522218128448,-0.9659258262890684,0.2588190451025203,0,0,0,1,1,0,0,0,0
189.02,9,0,0,75,3,27,5.247129329778604,0.7071067811865476,-0.7071067811865475,0,0,0,0,1,0,0,0,0
169.93,9,0,0,86,2,56,5.141254115968176,0.7071067811865476,-0.7071067811865475,0,0,0,0,0,0,0,1,0
67.36,4,0,0,77,2,51,4.224787858247391,0.8660254037844386,0.5000000000000001,1,0,0,1,0,0,0,0,1
8.85,22,0,0,53,0,32,2.2874714551839976,-0.5000000000000004,0.8660254037844384,0,0,0,0,0,1,0,0,0
349.55,3,0,0,89,3,43,5.859503349652977,0.7071067811865476,0.7071067811865476,1,0,0,1,0,0,0,1,0
123.58,10,0,1,26,3,63,4.824948079825999,0.49999999999999994,-0.8660254037844387,0,0,1,2,0,1,0,0,0
374.31,21,0,0,82,2,49,5.92775235113638,-0.7071067811865477,0.7071067811865474,0,0,0,0,0,0,0,1,0
34.27,10,0,0,71,3,48,3.563032744247961,0.49999999999999994,-0.8660254037844387,0,0,0,0,0,0,1,0,0
110.69,4,0,0,45,3,35,4.715727176552735,0.8660254037844386,0.5000000000000001,1,0,0,1,0,0,1,0,0
43.54,18,1,0,53,4,43,3.7963876618292214,-1.0,-1.8369701987210297e-16,0,1,0,2,0,0,0,0,1
29.66,10,0,0,29,1,44,3.422958873443668,0.49999999999999994,-0.8660254037844387,0,0,1,1,1,0,0,0,0
262.88,11,0,0,75,5,19,5.57549445435467,0.258819045102521,-0.9659258262890682,0,1,0,1,0,0,0,1,0
92.66,23,0,1,62,2,28,4.539671203755396,-0.25881904510252157,0.9659258262890681,0,0,0,1,0,1,0,0,0
366.6,9,0,0,51,1,27,5.906995390481532,0.7071067811865476,-0.7071067811865475,0,0,0,0,0,1,0,0,0
560.0,13,0,0,48,1,52,6.329720905522696,-0.2588190451025208,-0.9659258262890683,0,0,0,0,0,0,1,0,0
85.74,6,0,0,73,1,21,4.4629151384072205,1.0,6.123233995736766e-17,0,0,0,0,0,0,0,1,0
149.87,7,0,0,63,3,62,5.016418538851983,0.9659258262890683,-0.25881904510252063,0,0,0,0,0,0,1,0,0
347.05,14,0,0,83,2,45,5.852346147614676,-0.4999999999999997,-0.8660254037844388,0,0,0,0,0,1,0,0,0
81.81,18,0,0,31,1,24,4.416548827045609,-1.0,-1.8369701987210297e-16,0,0,1,1,0,0,1,0,0
365.31,14,0,0,91,1,22,5.90347996943943,-0.4999999999999997,-0.8660254037844388,0,0,0,0,0,0,0,1,0
20.78,8,0,0,41,1,29,3.0809921175048145,0.8660254037844387,-0.4999999999999998,0,0,0,0,0,0,0,1,0
511.56,5,0,0,50,2,41,6.239417777330766,0.9659258262890683,0.25881904510252074,1,0,0,1,0,1,0,0,0
170.11,8,0,0,60,1,51,5.142306624543879,0.8660254037844387,-0.4999999999999998,0,0,0,0,0,0,1,0,0
23.52,19,0,1,84,2,52,3.1994891110680106,-0.9659258262890684,0.2588190451025203,0,0,0,1,0,0,0,1,0
86.62,18,0,0,81,1,54,4.473009282385752,-1.0,-1.8369701987210297e-16,0,0,0,0,0,0,0,1,0
544.36,20,0,1,39,2,60,6.30144612705453,-0.8660254037844386,0.5000000000000001,0,0,1,2,0,0,1,0,0
1.6,7,0,0,77,2,26,0.9555114450274363,0.9659258262890683,-0.25881904510252063,0,0,0,0,0,1,0,0,0
435.09,0,1,0,54,3,69,6.0778486440652895,0.0,1.0,1,0,0,2,0,0,0,1,0
68.77,5,1,0,29,1,52,4.245204117951145,0.9659258262890683,0.25881904510252074,1,0,1,3,0,1,0,0,0
15.03,17,1,0,31,3,44,2.7744619666214616,-0.9659258262890683,-0.25881904510252063,0,0,1,2,0,0,0,1,0
11.7,9,0,0,84,2,58,2.5416019934645457,0.7071067811865476,-0.7071067811865475,0,0,0,0,0,0,0,0,1
259.61,8,0,0,40,5,64,5.563025036939939,0.8660254037844387,-0.4999999999999998,0,1,0,1,0,0,0,1,0
491.44,11,0,0,73,4,28,6.199372625779414,0.258819045102521,-0.9659258262890682,0,1,0,1,1,0,0,0,0
1.69,5,0,0,87,2,68,0.9895411936137477,0.9659258262890683,0.25881904510252074,1,0,0,1,0,0,1,0,0
472.96,13,0,0,35,3,31,6.161122929948539,-0.2588190451025208,-0.9659258262890683,0,0,1,1,1,0,0,0,0
138.13,19,0,0,66,3,29,4.935408747853786,-0.9659258262890684,0.2588190451025203,0,0,0,0,0,0,1,0,0
165.19,9,0,0,28,5,46,5.113131712139432,0.7071067811865476,-0.7071067811865475,0,1,1,2,0,0,1,0,0
120.44,5,0,0,99,2,25,4.79942031364732,0.9659258262890683,0.25881904510252074,1,0,0,1,0,1,0,0,0
521.2,8,0,0,80,3,50,6.258050656265029,0.8660254037844387,-0.4999999999999998,0,0,0,0,0,0,0,0,1
41.75,3,0,0,91,1,30,3.755369195382769,0.7071067811865476,0.7071067811865476,1,0,0,1,0,1,0,0,0
3.33,17,0,0,36,6,65,1.4655675420143985,-0.9659258262890683,-0.25881904510252063,0,1,1,2,0,0,1,0,0
20.31,7,0,0,79,2,49,3.0591764461105257,0.9659258262890683,-0.25881904510252063,0,0,0,0,0,0,0,1,0
144.73,20,0,0,74,0,51,4.981755594545605,-0.8660254037844386,0.5000000000000001,0,0,0,0,0,0,1,0,0
71.62,17,0,0,96,1,57,4.28524036598619,-0.9659258262890683,-0.25881904510252063,0,0,0,0,0,0,0,1,0
8.26,19,0,0,95,0,52,2.225704048658088,-0.9659258262890684,0.2588190451025203,0,0,0,0,0,0,0,0,1
148.67,7,1,0,41,3,27,5.008432870541055,0.9659258262890683,-0.25881904510252063,0,0,0,1,1,0,0,0,0
853.09,4,0,0,53,1,38,6.750036574652674,0.8660254037844386,0.5000000000000001,1,0,0,1,0,0,0,1,0
460.68,17,0,0,38,4,68,6.134872010402711,-0.9659258262890683,-0.25881904510252063,0,1,1,2,1,0,0,0,0
67.28,16,0,0,42,3,48,4.22361689792624,-0.8660254037844385,-0.5000000000000004,0,0,0,0,1,0,0,0,0
16.9,21,0,0,60,1,42,2.884800712846709,-0.7071067811865477,0.7071067811865474,0,0,0,0,0,0,0,1,0
5.57,5,0,0,75,2,29,1.8825138324965192,0.9659258262890683,0.25881904510252074,1,0,0,1,0,0,0,1,0
273.63,22,0,0,51,0,44,5.615424737184461,-0.5000000000000004,0.8660254037844384,0,0,0,0,0,1,0,0,0
154.3,0,0,0,71,2,24,5.045358730154642,0.0,1.0,1,0,0,1,0,0,0,0,1
281.14,18,1,0,74,2,49,5.642403401646356,-1.0,-1.8369701987210297e-16,0,0,0,1,0,0,1,0,0
66.63,6,0,0,85,5,40,4.214051671586849,1.0,6.123233995736766e-17,0,1,0,1,0,0,1,0,0
196.96,18,0,0,87,0,18,5.288064990083686,-1.0,-1.8369701987210297e-16,0,0,0,0,0,0,0,0,1
72.74,16,0,0,48,2,23,4.300545392805998,-0.8660254037844385,-0.5000000000000004,0,0,0,0,1,0,0,0,0
48.08,11,1,0,57,0,60,3.8934516198427107,0.258819045102521,-0.9659258262890682,0,0,0,1,0,1,0,0,0
61.99,18,0,1,48,6,47,4.142975983633837,-1.0,-1.8369701987210297e-16,0,1,0,2,0,0,0,1,0
175.73,15,0,1,42,0,33,5.174623144201705,-0.7071067811865471,-0.7071067811865479,0,0,0,1,0,0,0,0,1
155.58,11,0,0,85,2,38,5.053567061479768,0.258819045102521,-0.9659258262890682,0,0,0,0,0,0,1,0,0
158.36,6,0,0,34,2,63,5.071165793836288,1.0,6.123233995736766e-17,0,0,1,1,0,0,0,1,0
305.29,15,0,0,42,2,29,5.724532365574798,-0.7071067811865471,-0.7071067811865479,0,0,0,0,0,0,1,0,0
244.98,0,1,0,28,3,28,5.505250231814264,0.0,1.0,1,0,1,3,0,0,0,0,1
0.36,9,0,0,31,2,60,0.3074846997479606,0.7071067811865476,-0.7071067811865475,0,0,1,1,0,0,0,1,0
82.22,20,0,0,61,1,32,4.421487703554795,-0.8660254037844386,0.5000000000000001,0,0,0,0,0,0,1,0,0
323.42,8,0,0,98,0,49,5.782038972621969,0.8660254037844387,-0.4999999999999998,0,0,0,0,0,0,1,0,0
116.72,6,0,0,69,5,38,4.7683089233652725,1.0,6.123233995736766e-17,0,1,0,1,0,1,0,0,0
112.28,11,0,0,93,5,38,4.729862629945409,0.258819045102521,-0.9659258262890682,0,1,0,1,0,1,0,0,0
307.05,21,0,0,36,1,22,5.73026210746058,-0.7071067811865477,0.7071067811865474,0,0,1,1,0,0,0,1,0
226.88,19,0,1,77,2,60,5.428819174612195,-0.9659258262890684,0.2588190451025203,0,0,0,1,0,0,0,1,0
82.5,3,0,0,46,1,22,4.42484663185681,0.7071067811865476,0.7071067811865476,1,0,0,1,0,0,0,0,1
606.6,0,0,0,34,0,49,6.409516770721618,0.0,1.0,1,0,1,2,1,0,0,0,0
145.48,10,0,0,68,2,31,4.986888900366255,0.49999999999999994,-0.8660254037844387,0,0,0,0,0,0,0,1,0
467.62,2,0,0,27,2,55,6.1497922054872864,0.49999999999999994,0.8660254037844387,1,0,1,2,0,1,0,0,0
610.11,11,0,0,30,3,20,6.415276975700872,0.258819045102521,-0.9659258262890682,0,0,1,1,1,0,0,0,0
61.54,0,0,0,91,7,31,4.135806352029695,0.0,1.0,1,1,0,2,0,0,0,0,1
347.72,15,0,0,60,3,61,5.854269307930137,-0.7071067811865471,-0.7071067811865479,0,0,0,0,0,0,0,0,1
74.45,12,0,0,64,1,41,4.323470185213858,1.2246467991473532e-16,-1.0,0,0,0,0,0,0,0,1,0
27.79,14,0,1,40,2,21,3.3600281046240843,-0.4999999999999997,-0.8660254037844388,0,0,0,1,0,1,0,0,0
179.66,14,0,0,27,6,69,5.1966168117216975,-0.4999999999999997,-0.8660254037844388,0,1,1,2,0,1,0,0,0
163.18,17,0,0,27,0,68,5.10096338692012,-0.9659258262890683,-0.25881904510252063,0,0,1,1,1,0,0,0,0
34.43,21,0,0,33,1,27,3.5675589188773804,-0.7071067811865477,0.7071067811865474,0,0,1,1,1,0,0,0,0
46.09,20,0,0,32,7,27,3.8520606642554633,-0.8660254037844386,0.5000000000000001,0,1,1,2,0,0,0,0,1
82.23,7,0,0,38,0,61,4.421607859758004,0.9659258262890683,-0.25881904510252063,0,0,1,1,0,0,0,0,1
9.68,9,0,0,82,3,42,2.3683728335320486,0.7071067811865476,-0.7071067811865475,0,0,0,0,0,1,0,0,0
107.01,0,0,0,42,2,47,4.682223815430383,0.0,1.0,1,0,0,1,0,1,0,0,0
515.89,22,0,1,52,1,60,6.247830085913095,-0.5000000000000004,0.8660254037844384,0,0,0,1,0,0,0,0,1
115.37,3,0,0,36,2,48,4.756774770119986,0.7071067811865476,0.7071067811865476,1,0,1,2,1,0,0,0,0
112.37,15,0,0,50,4,21,4.730656806029507,-0.7071067811865471,-0.7071067811865479,0,1,0,1,0,1,0,0,0
235.36,23,0,0,35,0,21,5.465356066477474,-0.25881904510252157,0.9659258262890681,0,0,1,1,0,0,1,0,0
447.22,18,0,0,33,2,25,6.105284183307442,-1.0,-1.8369701987210297e-16,0,0,1,1,0,0,1,0,0
707.51,17,1,0,93,4,56,6.56316417335717,-0.9659258262890683,-0.25881904510252063,0,1,0,2,1,0,0,0,0
134.53,17,0,0,43,3,68,4.909193018027924,-0.9659258262890683,-0.25881904510252063,0,0,0,0,1,0,0,0,0
149.66,4,0,0,32,1,19,5.015025642397549,0.8660254037844386,0.5000000000000001,1,0,1,2,0,0,0,1,0
85.97,11,0,0,77,1,49,4.465563231601674,0.258819045102521,-0.9659258262890682,0,0,0,0,0,0,1,0,0
253.12,15,0,0,61,2,24,5.537806596398332,-0.7071067811865471,-0.7071067811865479,0,0,0,0,1,0,0,0,0
8.66,5,0,0,95,1,19,2.2679936482244267,0.9659258262890683,0.25881904510252074,1,0,0,1,0,1,0,0,0
207.19,21,0,0,98,1,50,5.338451124287682,-0.7071067811865477,0.7071067811865474,0,0,0,0,0,1,0,0,0
91.75,12,0,0,46,0,47,4.529907701487544,1.2246467991473532e-16,-1.0,0,0,0,0,0,1,0,0,0
28.65,13,0,0,30,0,22,3.3894621254437345,-0.2588190451025208,-0.9659258262890683,0,0,1,1,0,0,1,0,0
115.03,20,0,0,83,1,26,4.753848778359454,-0.8660254037844386,0.5000000000000001,0,0,0,0,0,0,0,0,1
210.17,5,1,0,36,2,40,5.35266349628815,0.9659258262890683,0.25881904510252074,1,0,1,3,0,1,0,0,0
68.7,20,0,0,88,0,33,4.244200317766478,-0.8660254037844386,0.5000000000000001,0,0,0,0,0,0,0,0,1
179.6,0,1,0,69,3,43,5.196284640982885,0.0,1.0,1,0,0,2,1,0,0,0,0
975.44,6,0,0,89,1,48,6.883913304496566,1.0,6.123233995736766e-17,0,0,0,0,1,0,0,0,0
263.29,11,0,0,56,2,37,5.577046985101792,0.258819045102521,-0.9659258262890682,0,0,0,0,0,0,1,0,0
17.7,19,0,0,91,3,35,2.928523523860541,-0.9659258262890684,0.2588190451025203,0,0,0,0,1,0,0,0,0
248.37,20,0,1,44,2,57,5.518937737317808,-0.8660254037844386,0.5000000000000001,0,0,0,1,0,0,0,0,1
203.49,17,0,0,28,3,19,5.320519074531723,-0.9659258262890683,-0.25881904510252063,0,0,1,1,0,0,0,1,0
275.56,14,0,0,30,6,32,5.622427795613369,-0.4999999999999997,-0.8660254037844388,0,1,1,2,1,0,0,0,0
124.91,3,0,0,39,2,69,4.835567366013609,0.7071067811865476,0.7071067811865476,1,0,1,2,0,0,0,1,0
75.66,3,0,0,75,3,46,4.339380059952409,0.7071067811865476,0.7071067811865476,1,0,0,1,0,0,0,0,1
194.18,0,0,0,61,3,35,5.273922209713315,0.0,1.0,1,0,0,1,0,1,0,0,0
473.81,21,1,0,83,2,30,6.1629147240133015,-0.7071067811865477,0.7071067811865474,0,0,0,1,0,0,0,0,1
157.45,1,0,0,85,2,38,5.06543908613693,0.25881904510252074,0.9659258262890683,1,0,0,1,0,0,0,1,0
318.99,21,0,0,47,1,68,5.768289745305481,-0.7071067811865477,0.7071067811865474,0,0,0,0,0,1,0,0,0
27.32,15,0,0,81,0,50,3.343568268825519,-0.7071067811865471,-0.7071067811865479,0,0,0,0,0,0,1,0,0
50.98,0,0,0,62,0,22,3.950859029213344,0.0,1.0,1,0,0,1,0,0,1,0,0
540.24,8,0,0,36,3,46,6.293862803395443,0.8660254037844387,-0.4999999999999998,0,0,1,1,1,0,0,0,0
94.58,16,0,1,85,1,26,4.559963593150012,-0.8660254037844385,-0.5000000000000004,0,0,0,1,0,0,0,1,0
189.6,9,0,0,81,2,22,5.250176991220101,0.7071067811865476,-0.7071067811865475,0,0,0,0,0,1,0,0,0
195.73,14,0,0,43,3,64,5.281832230288174,-0.4999999999999997,-0.8660254037844388,0,0,0,0,0,1,0,0,0
250.09,17,0,0,40,3,43,5.5258114405995045,-0.9659258262890683,-0.25881904510252063,0,0,0,0,0,0,0,1,0
39.96,12,0,0,95,3,28,3.7125959807312525,1.2246467991473532e-16,-1.0,0,0,0,0,0,0,0,1,0
67.93,6,0,0,45,1,67,4.23309149689756,1.0,6.123233995736766e-17,0,0,0,0,0,1,0,0,0
30.06,15,0,0,70,1,56,3.435920817720541,-0.7071067811865471,-0.7071067811865479,0,0,0,0,1,0,0,0,0
251.98,22,0,0,75,5,61,5.533310434219396,-0.5000000000000004,0.8660254037844384,0,1,0,1,0,0,0,0,1
501.5,14,1,0,58,2,52,6.219595639933231,-0.4999999999999997,-0.8660254037844388,0,0,0,1,0,0,0,1,0
148.72,1,0,0,43,1,31,5.008766883036229,0.25881904510252074,0.9659258262890683,1,0,0,1,0,0,0,0,1
27.73,10,0,0,27,2,32,3.3579418729911983,0.49999999999999994,-0.8660254037844387,0,0,1,1,1,0,0,0,0
180.63,6,0,0,60,3,41,5.201971650761352,1.0,6.123233995736766e-17,0,0,0,0,1,0,0,0,0
140.9,5,0,0,86,1,43,4.955122584165997,0.9659258262890683,0.25881904510252074,1,0,0,1,0,1,0,0,0
50.5,23,0,0,70,2,36,3.9415818076696905,-0.25881904510252157,0.9659258262890681,0,0,0,0,0,0,1,0,0
53.43,1,0,0,87,2,67,3.9969154724461085,0.25881904510252074,0.9659258262890683,1,0,0,1,0,0,1,0,0
2.34,13,0,0,54,0,52,1.205970806988609,-0.2588190451025208,-0.9659258262890683,0,0,0,0,0,0,1,0,0
590.24,1,0,0,96,2,50,6.3822220263438725,0.25881904510252074,0.9659258262890683,1,0,0,1,1,0,0,0,0
0.47,5,0,0,27,1,53,0.3852624007906449,0.9659258262890683,0.25881904510252074,1,0,1,2,0,0,1,0,0
72.33,21,1,0,77,1,21,4.294969802105708,-0.7071067811865477,0.7071067811865474,0,0,0,1,0,0,0,0,1
177.42,17,0,0,75,1,31,5.184140321485637,-0.9659258262890683,-0.25881904510252063,0,0,0,0,0,1,0,0,0
65.07,15,1,1,46,1,66,4.190714786041794,-0.7071067811865471,-0.7071067811865479,0,0,0,2,0,0,0,0,1
135.77,15,0,0,90,3,65,4.9183006828934595,-0.7071067811865471,-0.7071067811865479,0,0,0,0,0,0,1,0,0
365.59,7,0,0,59,0,24,5.90424405734671,0.9659258262890683,-0.25881904510252063,0,0,0,0,0,0,1,0,0
90.5,0,1,0,82,3,26,4.516338972281476,0.0,1.0,1,0,0,2,0,0,0,1,0
282.8,16,0,0,84,2,31,5.648269764725942,-0.8660254037844385,-0.5000000000000004,0,0,0,0,0,0,1,0,0
119.44,21,0,0,63,3,60,4.791151703613533,-0.7071067811865477,0.7071067811865474,0,0,0,0,0,0,0,0,1
160.82,10,0,0,78,3,23,5.086484606379694,0.49999999999999994,-0.8660254037844387,0,0,0,0,0,1,0,0,0
383.6,12,0,0,40,5,50,5.952203833154679,1.2246467991473532e-16,-1.0,0,1,0,1,0,0,0,0,1
12.5,15,0,0,75,3,37,2.6026896854443837,-0.7071067811865471,-0.7071067811865479,0,0,0,0,0,0,0,1,0
10.64,7,0,0,65,3,41,2.454447442303292,0.9659258262890683,-0.25881904510252063,0,0,0,0,1,0,0,0,0
179.86,15,0,0,44,4,49,5.197723251312334,-0.7071067811865471,-0.7071067811865479,0,1,0,1,0,0,0,0,1
526.91,14,0,0,30,1,21,6.26892581463178,-0.4999999999999997,-0.8660254037844388,0,0,1,1,0,1,0,0,0
80.37,9,0,0,68,3,29,4.3990066547085656,0.7071067811865476,-0.7071067811865475,0,0,0,0,0,0,0,0,1
100.41,19,0,0,25,2,68,4.619171705623905,-0.9659258262890684,0.2588190451025203,0,0,1,1,0,1,0,0,0
107.64,13,0,0,84,3,68,4.688039663810386,-0.2588190451025208,-0.9659258262890683,0,0,0,0,0,0,0,0,1
528.41,11,1,0,48,5,32,6.271763178923251,0.258819045102521,-0.9659258262890682,0,1,0,2,0,0,1,0,0
65.28,4,0,0,33,1,19,4.193888192558362,0.8660254037844386,0.5000000000000001,1,0,1,2,0,0,0,1,0
15.32,4,1,0,32,2,27,2.792391349535961,0.8660254037844386,0.5000000000000001,1,0,1,3,0,1,0,0,0
61.81,13,0,0,89,1,52,4.140114296466289,-0.2588190451025208,-0.9659258262890683,0,0,0,0,0,0,0,1,0
237.94,11,0,1,47,0,21,5.476212474389078,0.258819045102521,-0.9659258262890682,0,0,0,1,0,0,1,0,0
368.17,3,0,0,79,4,20,5.91125724255579,0.7071067811865476,0.7071067811865476,1,1,0,2,1,0,0,0,0
476.47,10,1,0,66,4,68,6.168501330721941,0.49999999999999994,-0.8660254037844387,0,1,0,2,0,1,0,0,0
1152.99,20,0,1,50,4,53,7.050980781519234,-0.8660254037844386,0.5000000000000001,0,1,0,2,0,0,1,0,0
3.08,0,0,1,67,3,49,1.4060969884160703,0.0,1.0,1,0,0,2,0,0,0,0,1
71.51,10,0,0,49,3,54,4.2837244833835015,0.49999999999999994,-0.8660254037844387,0,0,0,0,1,0,0,0,0
99.09,6,0,0,37,5,39,4.606069781230928,1.0,6.123233995736766e-17,0,1,1,2,0,1,0,0,0
229.13,11,0,0,60,3,54,5.4386443666393145,0.258819045102521,-0.9659258262890682,0,0,0,0,0,1,0,0,0
213.71,3,0,0,57,3,39,5.3692882804186155,0.7071067811865476,0.7071067811865476,1,0,0,1,0,0,0,0,1
972.01,4,0,0,62,1,54,6.880394359625484,0.8660254037844386,0.5000000000000001,1,0,0,1,0,1,0,0,0
139.89,7,0,0,77,1,59,4.947979444065186,0.9659258262890683,-0.25881904510252063,0,0,0,0,0,0,0,0,1
149.39,10,0,0,89,3,48,5.013231919943522,0.49999999999999994,-0.8660254037844387,0,0,0,0,1,0,0,0,0
116.67,19,0,1,49,3,51,4.7678840964758376,-0.9659258262890684,0.2588190451025203,0,0,0,1,0,1,0,0,0
32.72,17,0,0,69,2,47,3.518091133133655,-0.9659258262890683,-0.25881904510252063,0,0,0,0,0,0,1,0,0
8.24,10,1,0,91,1,43,2.2235418856535927,0.49999999999999994,-0.8660254037844387,0,0,0,1,0,1,0,0,0
293.68,8,1,0,98,4,45,5.685890021814613,0.8660254037844387,-0.4999999999999998,0,1,0,2,1,0,0,0,0
388.07,0,0,0,36,1,18,5.96375927601576,0.0,1.0,1,0,1,2,1,0,0,0,0
400.4,16,0,0,64,1,36,5.9949584363622375,-0.8660254037844385,-0.5000000000000004,0,0,0,0,0,0,0,1,0
115.75,7,0,0,92,1,32,4.760034896549007,0.9659258262890683,-0.25881904510252063,0,0,0,0,0,0,1,0,0
89.89,0,0,1,26,1,44,4.509649984130679,0.0,1.0,1,0,1,3,0,0,1,0,0
123.41,18,1,0,87,3,49,4.8235825629264,-1.0,-1.8369701987210297e-16,0,0,0,1,1,0,0,0,0
122.91,9,0,0,55,2,33,4.819555495628402,0.7071067811865476,-0.7071067811865475,0,0,0,0,1,0,0,0,0
84.39,12,0,0,61,3,49,4.447228997919515,1.2246467991473532e-16,-1.0,0,0,0,0,1,0,0,0,0
22.25,7,0,0,99,2,27,3.1463051320333655,0.9659258262890683,-0.25881904510252063,0,0,0,0,0,0,0,1,0
32.66,4,0,0,61,4,50,3.51631018876266,0.8660254037844386,0.5000000000000001,1,1,0,2,0,0,0,0,1
181.96,4,0,0,84,0,65,5.209267549714526,0.8660254037844386,0.5000000000000001,1,0,0,1,1,0,0,0,0
218.2,16,1,0,85,2,18,5.389984555073861,-0.8660254037844385,-0.5000000000000004,0,0,0,1,0,0,1,0,0
182.95,12,0,0,63,1,38,5.214663981550784,1.2246467991473532e-16,-1.0,0,0,0,0,0,0,1,0,0
33.49,22,0,0,95,1,26,3.5406694269487495,-0.5000000000000004,0.8660254037844384,0,0,0,0,0,0,0,0,1
254.99,5,0,0,52,0,41,5.545138381216603,0.9659258262890683,0.25881904510252074,1,0,0,1,1,0,0,0,0
188.3,4,0,0,49,4,46,5.243333058215277,0.8660254037844386,0.5000000000000001,1,1,0,2,0,0,1,0,0
485.89,18,0,0,61,1,31,6.188038224879573,-1.0,-1.8369701987210297e-16,0,0,0,0,0,0,0,1,0
851.3,23,0,0,61,0,44,6.747938577528252,-0.25881904510252157,0.9659258262890681,0,0,0,0,0,1,0,0,0
56.51,3,0,0,53,3,58,4.051958845725663,0.7071067811865476,0.7071067811865476,1,0,0,1,0,0,0,1,0
4.08,9,0,0,62,1,23,1.6253112615903906,0.7071067811865476,-0.7071067811865475,0,0,0,0,0,0,0,0,1
16.12,7,0,0,62,2,62,2.840247370713596,0.9659258262890683,-0.25881904510252063,0,0,0,0,0,1,0,0,0
277.69,19,0,0,63,1,31,5.630100052968675,-0.9659258262890684,0.2588190451025203,0,0,0,0,0,0,1,0,0
50.99,10,0,0,31,1,22,3.9510513923956245,0.49999999999999994,-0.8660254037844387,0,0,1,1,0,1,0,0,0
737.06,0,0,1,65,5,51,6.604025122108749,0.0,1.0,1,1,0,3,0,0,1,0,0
296.89,23,0,0,36,1,30,5.696724290844294,-0.25881904510252157,0.9659258262890681,0,0,1,1,0,1,0,0,0
103.42,17,0,0,92,3,67,4.648421227982406,-0.9659258262890683,-0.25881904510252063,0,0,0,0,0,0,0,0,1
36.13,2,0,0,27,3,19,3.6144252681889886,0.49999999999999994,0.8660254037844387,1,0,1,2,1,0,0,0,0
97.55,13,0,0,90,2,20,4.590564033598729,-0.2588190451025208,-0.9659258262890683,0,0,0,0,0,1,0,0,0
104.58,12,0,0,51,1,36,4.65946895939547,1.2246467991473532e-16,-1.0,0,0,0,0,0,0,0,1,0
185.86,8,0,0,86,0,47,5.230359673364809,0.8660254037844387,-0.4999999999999998,0,0,0,0,0,0,1,0,0
144.42,5,0,0,76,3,51,4.979626107221911,0.9659258262890683,0.25881904510252074,1,0,0,1,1,0,0,0,0
59.12,7,0,0,72,3,24,4.0963425648847736,0.9659258262890683,-0.25881904510252063,0,0,0,0,0,0,0,0,1
66.95,10,0,0,69,1,25,4.218772140597153,0.49999999999999994,-0.8660254037844387,0,0,0,0,0,0,0,1,0
156.48,8,0,0,26,3,27,5.0592984660755365,0.8660254037844387,-0.4999999999999998,0,0,1,1,1,0,0,0,0
137.04,20,0,0,33,0,52,4.927543498229802,-0.8660254037844386,0.5000000000000001,0,0,1,1,0,1,0,0,0
479.82,7,0,0,58,1,68,6.175492979693623,0.9659258262890683,-0.25881904510252063,0,0,0,0,1,0,0,0,0
95.18,16,0,0,76,1,64,4.566221435849517,-0.8660254037844385,-0.5000000000000004,0,0,0,0,0,0,1,0,0
125.73,16,0,0,65,1,48,4.842058839093973,-0.8660254037844385,-0.5000000000000004,0,0,0,0,0,0,0,1,0
292.02,17,0,0,73,0,54,5.6802408660731665,-0.9659258262890683,-0.25881904510252063,0,0,0,0,1,0,0,0,0
95.34,20,0,0,47,1,23,4.567883601202075,-0.8660254037844386,0.5000000000000001,0,0,0,0,0,1,0,0,0
43.03,1,0,0,87,2,40,3.7848712197676626,0.25881904510252074,0.9659258262890683,1,0,0,1,0,0,0,0,1
48.6,13,0,0,95,1,62,3.903990833730882,-0.2588190451025208,-0.9659258262890683,0,0,0,0,0,0,0,1,0
34.77,23,1,0,59,0,39,3.5771095532709265,-0.25881904510252157,0.9659258262890681,0,0,0,1,0,0,0,1,0
231.36,15,0,0,65,1,58,5.4482878931243315,-0.7071067811865471,-0.7071067811865479,0,0,0,0,1,0,0,0,0
182.0,10,0,0,58,6,41,5.209486152841421,0.49999999999999994,-0.8660254037844387,0,1,0,1,0,0,0,0,1
131.52,16,0,1,82,3,53,4.886733577431695,-0.8660254037844385,-0.5000000000000004,0,0,0,1,1,0,0,0,0
99.98,21,0,0,75,1,48,4.6149224774307696,-0.7071067811865477,0.7071067811865474,0,0,0,0,0,1,0,0,0
82.58,7,0,0,63,0,42,4.425804257019769,0.9659258262890683,-0.25881904510252063,0,0,0,0,1,0,0,0,0
514.8,13,1,0,31,0,48,6.245719093447244,-0.2588190451025208,-0.9659258262890683,0,0,1,2,0,0,0,1,0
18.11,19,0,0,97,1,69,2.950211758252182,-0.9659258262890684,0.2588190451025203,0,0,0,0,0,0,1,0,0
106.55,14,0,0,60,4,58,4.677955855713739,-0.4999999999999997,-0.8660254037844388,0,1,0,1,0,0,1,0,0
64.05,6,0,0,52,0,52,4.1751562049585145,1.0,6.123233995736766e-17,0,0,0,0,0,0,0,0,1
53.74,18,0,0,60,3,23,4.002594703612533,-1.0,-1.8369701987210297e-16,0,0,0,0,0,0,1,0,0
17.01,10,0,1,58,5,40,2.8909271591878647,0.49999999999999994,-0.8660254037844387,0,1,0,2,0,1,0,0,0
11.06,14,0,0,46,2,37,2.4898941912990393,-0.4999999999999997,-0.8660254037844388,0,0,0,0,0,0,0,0,1
60.69,6,0,0,30,0,61,4.122121843221548,1.0,6.123233995736766e-17,0,0,1,1,0,0,0,0,1
75.32,14,1,0,44,3,27,4.334935027140031,-0.4999999999999997,-0.8660254037844388,0,0,0,1,0,0,1,0,0
201.43,15,0,0,95,0,37,5.310394147773486,-0.7071067811865471,-0.7071067811865479,0,0,0,0,0,0,1,0,0
23.53,17,1,0,39,3,21,3.199896858270398,-0.9659258262890683,-0.25881904510252063,0,0,1,2,0,1,0,0,0
143.37,8,1,0,49,0,18,4.972379448641723,0.8660254037844387,-0.4999999999999998,0,0,0,1,1,0,0,0,0
85.41,21,0,1,64,1,39,4.4591034098533076,-0.7071067811865477,0.7071067811865474,0,0,0,1,1,0,0,0,0
134.14,17,0,0,66,1,43,4.906311278124028,-0.9659258262890683,-0.25881904510252063,0,0,0,0,0,0,1,0,0
54.09,7,0,0,63,1,57,4.008968211484625,0.9659258262890683,-0.25881904510252063,0,0,0,0,0,0,0,0,1
50.91,20,0,0,88,2,61,3.9495114498391377,-0.8660254037844386,0.5000000000000001,0,0,0,0,0,0,0,1,0
168.46,4,0,0,51,0,44,5.132616910770318,0.8660254037844386,0.5000000000000001,1,0,0,1,0,0,0,0,1
80.24,9,0,0,37,2,53,4.397407736712184,0.7071067811865476,-0.7071067811865475,0,0,1,1,0,0,0,0,1
976.88,0,0,0,60,2,20,6.885386963120129,0.0,1.0,1,0,0,1,1,0,0,0,0
86.17,11,0,0,25,2,67,4.467860235023485,0.258819045102521,-0.9659258262890682,0,0,1,1,0,1,0,0,0
171.95,7,0,0,79,2,18,5.153002535383178,0.9659258262890683,-0.25881904510252063,0,0,0,0,0,0,0,0,1
300.78,7,0,1,89,4,39,5.709698275085505,0.9659258262890683,-0.25881904510252063,0,1,0,2,0,0,1,0,0
136.35,19,0,0,56,2,24,4.922532412541283,-0.9659258262890684,0.2588190451025203,0,0,0,0,0,0,0,1,0
121.56,15,0,0,36,0,32,4.808600705992281,-0.7071067811865471,-0.7071067811865479,0,0,1,1,0,1,0,0,0
670.4,14,0,0,35,2,27,6.5093650845459345,-0.4999999999999997,-0.8660254037844388,0,0,1,1,0,0,0,1,0
43.41,1,0,0,46,2,43,3.7934646693040106,0.25881904510252074,0.9659258262890683,1,0,0,1,1,0,0,0,0
157.09,2,0,0,35,3,41,5.063164491108096,0.49999999999999994,0.8660254037844387,1,0,1,2,0,0,1,0,0
27.17,12,0,0,63,1,21,3.338257581888281,1.2246467991473532e-16,-1.0,0,0,0,0,0,0,0,1,0
154.74,0,0,0,28,2,32,5.04818795014884,0.0,1.0,1,0,1,2,0,0,0,0,1
302.49,17,0,0,71,1,60,5.715348661027566,-0.9659258262890683,-0.25881904510252063,0,0,0,0,0,1,0,0,0
95.95,0,0,1,87,2,44,4.574195381688661,0.0,1.0,1,0,0,2,0,1,0,0,0
121.87,19,1,0,72,1,64,4.81112688587948,-0.9659258262890684,0.2588190451025203,0,0,0,1,0,0,0,0,1
336.28,2,0,0,61,0,26,5.820913445912943,0.49999999999999994,0.8660254037844387,1,0,0,1,0,0,0,1,0
668.45,9,0,1,91,2,48,6.506456479743389,0.7071067811865476,-0.7071067811865475,0,0,0,1,0,1,0,0,0
131.76,5,1,0,46,2,69,4.888542986851774,0.9659258262890683,0.25881904510252074,1,0,0,2,0,0,0,0,1
13.24,22,1,0,83,2,64,2.65605490598383,-0.5000000000000004,0.8660254037844384,0,0,0,1,1,0,0,0,0
69.47,17,0,0,69,3,68,4.255187087338931,-0.9659258262890683,-0.25881904510252063,0,0,0,0,1,0,0,0,0
144.5,6,1,0,94,1,43,4.980176086611547,1.0,6.123233995736766e-17,0,0,0,1,0,0,0,1,0
78.19,19,0,0,69,0,37,4.371850028222321,-0.9659258262890684,0.2588190451025203,0,0,0,0,0,0,1,0,0
496.41,6,0,0,26,0,31,6.2094146357108375,1.0,6.123233995736766e-17,0,0,1,1,1,0,0,0,0
98.81,19,0,0,77,0,63,4.603268378698495,-0.9659258262890684,0.2588190451025203,0,0,0,0,0,1,0,0,0
431.45,0,0,0,51,3,56,6.069466712752521,0.0,1.0,1,0,0,1,0,0,0,0,1
52.23,11,0,0,97,3,31,3.974622147184666,0.258819045102521,-0.9659258262890682,0,0,0,0,1,0,0,0,0
60.45,4,0,0,89,4,59,4.118223836012044,0.8660254037844386,0.5000000000000001,1,1,0,2,0,0,0,1,0
108.86,20,0,0,87,9,25,4.699206827914474,-0.8660254037844386,0.5000000000000001,0,1,0,1,0,0,0,0,1
335.19,2,0,0,49,4,48,5.817676476332267,0.49999999999999994,0.8660254037844387,1,1,0,2,1,0,0,0,0
345.89,4,0,0,70,2,56,5.84900772680898,0.8660254037844386,0.5000000000000001,1,0,0,1,0,0,0,0,1
122.13,1,0,1,28,1,35,4.81324070780478,0.25881904510252074,0.9659258262890683,1,0,1,3,0,0,0,0,1
188.65,20,0,1,90,1,58,5.245180268134908,-0.8660254037844386,0.5000000000000001,0,0,0,1,0,0,0,0,1
6.04,23,0,0,67,1,40,1.951608170169951,-0.25881904510252157,0.9659258262890681,0,0,0,0,1,0,0,0,0
197.0,3,0,0,62,2,38,5.288267030694535,0.7071067811865476,0.7071067811865476,1,0,0,1,1,0,0,0,0
15.93,3,0,0,55,3,49,2.829087196145044,0.7071067811865476,0.7071067811865476,1,0,0,1,0,0,0,1,0
15.51,18,0,0,35,4,47,2.8039662579320366,-1.0,-1.8369701987210297e-16,0,1,1,2,0,0,1,0,0
192.17,12,0,0,95,2,30,5.263570630218202,1.2246467991473532e-16,-1.0,0,0,0,0,0,0,0,0,1
61.44,16,0,0,56,1,46,4.134206095647231,-0.8660254037844385,-0.5000000000000004,0,0,0,0,0,0,1,0,0
22.51,21,0,0,32,2,27,3.157425862551978,-0.7071067811865477,0.7071067811865474,0,0,1,1,0,0,1,0,0
161.52,12,0,0,57,2,23,5.090801071119526,1.2246467991473532e-16,-1.0,0,0,0,0,0,0,1,0,0
201.77,0,1,1,43,1,49,5.312072331780373,0.0,1.0,1,0,0,3,0,0,0,0,1
11.91,5,0,0,89,2,33,2.558002204858551,0.9659258262890683,0.25881904510252074,1,0,0,1,1,0,0,0,0
188.5,22,0,0,58,1,28,5.244389024522481,-0.5000000000000004,0.8660254037844384,0,0,0,0,0,0,0,0,1
141.99,11,0,1,92,3,26,4.962774697744756,0.258819045102521,-0.9659258262890682,0,0,0,1,0,1,0,0,0
179.64,15,0,0,26,3,38,5.1965061004013515,-0.7071067811865471,-0.7071067811865479,0,0,1,1,0,1,0,0,0
126.26,11,0,0,44,2,24,4.846232237804646,0.258819045102521,-0.9659258262890682,0,0,0,0,0,0,0,0,1
103.11,11,0,1,88,4,39,4.645448032486661,0.258819045102521,-0.9659258262890682,0,1,0,2,0,0,0,1,0
31.54,11,0,0,25,1,31,3.482470101790892,0.258819045102521,-0.9659258262890682,0,0,1,1,0,0,0,0,1
149.77,7,0,0,70,3,19,5.0157554967908276,0.9659258262890683,-0.25881904510252063,0,0,0,0,0,0,0,1,0
469.8,9,0,0,52,3,31,6.154433375386121,0.7071067811865476,-0.7071067811865475,0,0,0,0,0,0,1,0,0
35.07,20,1,0,69,1,23,3.5854614949154477,-0.8660254037844386,0.5000000000000001,0,0,0,1,0,1,0,0,0
254.85,16,0,0,94,2,36,5.544591335251101,-0.8660254037844385,-0.5000000000000004,0,0,0,0,1,0,0,0,0
72.62,13,0,0,63,3,28,4.298916727950875,-0.2588190451025208,-0.9659258262890683,0,0,0,0,0,1,0,0,0
152.93,0,0,1,77,2,54,5.036497953621983,0.0,1.0,1,0,0,2,0,0,1,0,0
162.86,22,0,0,70,2,24,5.099012404713669,-0.5000000000000004,0.8660254037844384,0,0,0,0,0,1,0,0,0
115.23,9,0,0,58,4,39,4.755570986655616,0.7071067811865476,-0.7071067811865475,0,1,0,1,1,0,0,0,0
58.72,18,0,0,73,1,26,4.089666972670989,-1.0,-1.8369701987210297e-16,0,0,0,0,0,0,0,0,1
2.57,1,0,0,62,2,64,1.2725655957915476,0.25881904510252074,0.9659258262890683,1,0,0,1,1,0,0,0,0
135.77,0,0,0,70,1,27,4.9183006828934595,0.0,1.0,1,0,0,1,1,0,0,0,0
357.53,5,0,0,59,3,34,5.882012338546899,0.9659258262890683,0.25881904510252074,1,0,0,1,0,1,0,0,0
376.7,18,0,0,48,2,51,5.934100229718411,-1.0,-1.8369701987210297e-16,0,0,0,0,1,0,0,0,0
92.0,10,1,0,81,2,27,4.532599493153256,0.49999999999999994,-0.8660254037844387,0,0,0,1,1,0,0,0,0
145.28,11,0,0,65,0,65,4.98552259328118,0.258819045102521,-0.9659258262890682,0,0,0,0,0,0,1,0,0
81.63,14,0,0,89,2,44,4.414372810713093,-0.4999999999999997,-0.8660254037844388,0,0,0,0,0,0,0,1,0
126.83,14,0,0,29,2,32,4.8507012561799305,-0.4999999999999997,-0.8660254037844388,0,0,1,1,0,0,0,1,0
87.83,19,0,0,80,5,31,4.486724430781609,-0.9659258262890684,0.2588190451025203,0,1,0,1,1,0,0,0,0
661.78,19,0,0,91,3,32,6.496443110082045,-0.9659258262890684,0.2588190451025203,0,0,0,0,0,1,0,0,0
495.59,2,0,0,60,2,57,6.2077647359401835,0.49999999999999994,0.8660254037844387,1,0,0,1,0,0,0,0,1
10.13,19,1,1,50,1,27,2.4096441652874536,-0.9659258262890684,0.2588190451025203,0,0,0,2,0,0,0,0,1
125.9,0,1,0,45,5,55,4.843399374720342,0.0,1.0,1,1,0,3,1,0,0,0,0
284.71,15,0,0,42,3,50,5.654977310374268,-0.7071067811865471,-0.7071067811865479,0,0,0,0,0,0,0,0,1
411.96,23,0,0,75,1,44,6.023350735970304,-0.25881904510252157,0.9659258262890681,0,0,0,0,0,0,1,0,0
68.4,0,0,0,45,2,35,4.239886867512759,0.0,1.0,1,0,0,1,0,0,0,1,0
36.94,22,1,0,56,3,40,3.636005964506868,-0.5000000000000004,0.8660254037844384,0,0,0,1,0,0,1,0,0
124.18,19,1,0,80,0,22,4.829752701496555,-0.9659258262890684,0.2588190451025203,0,0,0,1,1,0,0,0,0
65.86,18,0,0,77,1,23,4.202600880991953,-1.0,-1.8369701987210297e-16,0,0,0,0,0,0,0,1,0
59.45,17,0,0,56,2,53,4.101816577060802,-0.9659258262890683,-0.25881904510252063,0,0,0,0,0,1,0,0,0
501.04,13,0,0,70,0,19,6.2186797977922454,-0.2588190451025208,-0.9659258262890683,0,0,0,0,0,0,1,0,0
741.11,14,0,0,76,1,49,6.609497480158171,-0.4999999999999997,-0.8660254037844388,0,0,0,0,0,1,0,0,0
78.39,19,0,0,83,2,38,4.374372415737022,-0.9659258262890684,0.2588190451025203,0,0,0,0,0,0,0,0,1
85.02,18,0,0,74,3,46,4.45457982735559,-1.0,-1.8369701987210297e-16,0,0,0,0,1,0,0,0,0
91.29,9,0,0,35,2,18,4.524935793277486,0.7071067811865476,-0.7071067811865475,0,0,1,1,0,0,0,1,0
54.61,4,0,0,96,2,38,4.018363041199472,0.8660254037844386,0.5000000000000001,1,0,0,1,0,0,0,0,1
43.5,4,0,0,75,1,61,3.7954891891721947,0.8660254037844386,0.5000000000000001,1,0,0,1,1,0,0,0,0
407.56,1,1,0,36,2,34,6.012638782339389,0.25881904510252074,0.9659258262890683,1,0,1,3,0,0,0,1,0
60.44,9,1,0,55,2,24,4.118061088839417,0.7071067811865476,-0.7071067811865475,0,0,0,1,0,0,0,1,0
136.64,14,1,0,65,3,58,4.924641580929279,-0.4999999999999997,-0.8660254037844388,0,0,0,1,0,0,0,1,0
469.13,6,0,0,92,2,57,6.153009252203234,1.0,6.123233995736766e-17,0,0,0,0,1,0,0,0,0
100.27,23,0,0,80,5,69,4.617790217344194,-0.25881904510252157,0.9659258262890681,0,1,0,1,1,0,0,0,0
466.85,21,0,0,52,3,56,6.148147731721922,-0.7071067811865477,0.7071067811865474,0,0,0,0,0,0,1,0,0
139.46,16,0,0,68,2,67,4.944922750730875,-0.8660254037844385,-0.5000000000000004,0,0,0,0,0,1,0,0,0
242.69,19,0,0,87,0,21,5.495896925730972,-0.9659258262890684,0.2588190451025203,0,0,0,0,0,1,0,0,0
256.43,8,0,1,48,2,18,5.55074783848714,0.8660254037844387,-0.4999999999999998,0,0,0,1,0,0,0,1,0
247.76,17,0,1,68,4,22,5.516488576235688,-0.9659258262890683,-0.25881904510252063,0,1,0,2,1,0,0,0,0
157.6,16,0,0,28,0,49,5.066385309200747,-0.8660254037844385,-0.5000000000000004,0,0,1,1,0,0,1,0,0
225.07,18,0,0,80,2,19,5.420844685827729,-1.0,-1.8369701987210297e-16,0,0,0,0,0,1,0,0,0
126.77,8,1,0,79,3,59,4.850231772603232,0.8660254037844387,-0.4999999999999998,0,0,0,1,0,1,0,0,0
218.21,14,0,1,26,0,31,5.390030174471236,-0.4999999999999997,-0.8660254037844388,0,0,1,2,0,0,0,0,1
68.44,1,0,0,33,2,68,4.240463070352095,0.25881904510252074,0.9659258262890683,1,0,1,2,0,0,0,0,1
4.84,5,0,0,59,2,61,1.7647307968401356,0.9659258262890683,0.25881904510252074,1,0,0,1,0,0,1,0,0
581.06,5,0,0,31,1,26,6.366573535201247,0.9659258262890683,0.25881904510252074,1,0,1,2,0,0,1,0,0
86.33,12,0,0,60,2,22,4.469694046425642,1.2246467991473532e-16,-1.0,0,0,0,0,1,0,0,0,0
255.27,20,0,0,61,3,40,5.546231576187458,-0.8660254037844386,0.5000000000000001,0,0,0,0,0,0,1,0,0
88.01,1,0,1,68,0,20,4.48874872297084,0.25881904510252074,0.9659258262890683,1,0,0,2,0,1,0,0,0
34.99,0,0,0,43,1,50,3.5832411220909393,0.0,1.0,1,0,0,1,0,0,1,0,0
95.59,10,0,0,38,3,66,4.570475216191205,0.49999999999999994,-0.8660254037844387,0,0,1,1,0,0,0,1,0
110.32,17,0,0,45,2,37,4.71240893665769,-0.9659258262890683,-0.25881904510252063,0,0,0,0,1,0,0,0,0
51.61,12,0,0,92,4,52,3.962906215742716,1.2246467991473532e-16,-1.0,0,1,0,1,0,0,1,0,0
589.45,21,0,0,92,1,24,6.38088495804729,-0.7071067811865477,0.7071067811865474,0,0,0,0,0,0,0,0,1
106.31,14,0,0,64,2,32,4.675721841939036,-0.4999999999999997,-0.8660254037844388,0,0,0,0,0,0,0,1,0
44.77,5,0,0,79,2,55,3.8236288546655506,0.9659258262890683,0.25881904510252074,1,0,0,1,0,1,0,0,0
170.49,17,0,0,78,1,50,5.1445249558680555,-0.9659258262890683,-0.25881904510252063,0,0,0,0,0,0,0,0,1
52.42,4,0,0,78,3,20,3.9781852076818147,0.8660254037844386,0.5000000000000001,1,0,0,1,0,0,0,1,0
4.45,16,0,0,25,3,47,1.6956156086751528,-0.8660254037844385,-0.5000000000000004,0,0,1,1,0,0,0,1,0
477.89,18,0,0,48,3,22,6.171470925944497,-1.0,-1.8369701987210297e-16,0,0,0,0,0,1,0,0,0
60.67,18,0,0,68,4,69,4.1217975890034015,-1.0,-1.8369701987210297e-16,0,1,0,1,0,0,0,0,1
44.84,17,0,0,33,4,43,3.8251570724064843,-0.9659258262890683,-0.25881904510252063,0,1,1,2,0,0,0,1,0
417.43,3,0,0,31,5,35,6.036509611901109,0.7071067811865476,0.7071067811865476,1,1,1,3,0,0,1,0,0
266.37,5,0,0,66,1,38,5.58863346690046,0.9659258262890683,0.25881904510252074,1,0,0,1,0,0,0,0,1
71.08,23,0,0,32,4,27,4.277776613300082,-0.25881904510252157,0.9659258262890681,0,1,1,2,0,0,0,1,0
267.69,3,0,0,34,2,28,5.5935582987026295,0.7071067811865476,0.7071067811865476,1,0,1,2,0,0,0,1,0
221.55,14,0,0,61,0,66,5.4051517954618635,-0.4999999999999997,-0.8660254037844388,0,0,0,0,0,0,0,1,0
767.52,4,1,1,80,4,62,6.6444665873635005,0.8660254037844386,0.5000000000000001,1,1,0,4,1,0,0,0,0
226.98,1,0,0,42,4,37,5.429257905808632,0.25881904510252074,0.9659258262890683,1,1,0,2,0,0,0,0,1
183.53,19,0,1,44,2,49,5.217812051888386,-0.9659258262890684,0.2588190451025203,0,0,0,1,0,1,0,0,0
152.89,4,0,0,77,2,60,5.0362380614757605,0.8660254037844386,0.5000000000000001,1,0,0,1,0,0,0,0,1
123.74,15,0,0,87,2,26,4.826231571097977,-0.7071067811865471,-0.7071067811865479,0,0,0,0,1,0,0,0,0
149.08,22,0,0,98,2,40,5.011168485257914,-0.5000000000000004,0.8660254037844384,0,0,0,0,0,0,0,0,1
3.94,1,0,0,85,0,44,1.597365331199831,0.25881904510252074,0.9659258262890683,1,0,0,1,0,0,0,0,1
335.63,17,0,0,54,2,38,5.818984404344884,-0.9659258262890683,-0.25881904510252063,0,0,0,0,0,0,1,0,0
119.28,1,0,0,77,1,18,4.789822358120328,0.25881904510252074,0.9659258262890683,1,0,0,1,0,0,0,1,0
239.53,17,0,0,44,0,51,5.482844821891153,-0.9659258262890683,-0.25881904510252063,0,0,0,0,0,0,0,1,0
161.33,19,0,0,85,4,56,5.089631300322754,-0.9659258262890684,0.2588190451025203,0,1,0,1,0,0,0,1,0
264.33,18,0,0,48,1,52,5.58097433428329,-1.0,-1.8369701987210297e-16,0,0,0,0,1,0,0,0,0
130.73,20,0,0,76,1,38,4.880754373241736,-0.8660254037844386,0.5000000000000001,0,0,0,0,0,0,0,0,1
144.41,6,0,0,39,2,41,4.979557338525394,1.0,6.123233995736766e-17,0,0,1,1,0,0,1,0,0
254.87,22,0,0,95,3,32,5.5446695029991275,-0.5000000000000004,0.8660254037844384,0,0,0,0,0,0,0,1,0
214.03,2,0,0,73,3,22,5.370777553277297,0.49999999999999994,0.8660254037844387,1,0,0,1,0,1,0,0,0
274.19,1,0,0,62,0,53,5.617461768189674,0.25881904510252074,0.9659258262890683,1,0,0,1,1,0,0,0,0
188.27,10,0,0,73,3,30,5.243174567050828,0.49999999999999994,-0.8660254037844387,0,0,0,0,0,1,0,0,0
585.89,9,0,0,74,3,62,6.37483740874133,0.7071067811865476,-0.7071067811865475,0,0,0,0,0,0,0,0,1
70.35,15,0,0,32,1,69,4.267597343922845,-0.7071067811865471,-0.7071067811865479,0,0,1,1,0,0,1,0,0
60.0,2,1,0,25,2,45,4.110873864173311,0.49999999999999994,0.8660254037844387,1,0,1,3,0,0,0,1,0
535.37,1,0,0,94,0,40,6.284824221431839,0.25881904510252074,0.9659258262890683,1,0,0,1,0,1,0,0,0
176.86,12,0,0,34,2,35,5.180996723971494,1.2246467991473532e-16,-1.0,0,0,1,1,1,0,0,0,0
190.88,0,0,0,63,1,25,5.256870176633863,0.0,1.0,1,0,0,1,1,0,0,0,0
745.58,3,0,0,94,3,39,6.615502778015595,0.7071067811865476,0.7071067811865476,1,0,0,1,0,1,0,0,0
135.07,20,1,0,72,0,52,4.913169459202767,-0.8660254037844386,0.5000000000000001,0,0,0,1,0,1,0,0,0
7.22,17,0,0,73,0,23,2.1065702090680882,-0.9659258262890683,-0.25881904510252063,0,0,0,0,1,0,0,0,0
14.01,19,0,0,93,2,69,2.7087166456453704,-0.9659258262890684,0.2588190451025203,0,0,0,0,0,0,0,1,0
550.85,22,0,0,86,0,19,6.313276270218893,-0.5000000000000004,0.8660254037844384,0,0,0,0,0,0,0,0,1
126.48,9,0,0,30,5,68,4.847959489549136,0.7071067811865476,-0.7071067811865475,0,1,1,2,1,0,0,0,0
101.49,19,0,0,82,1,29,4.6297652328434715,-0.9659258262890684,0.2588190451025203,0,0,0,0,0,0,0,1,0
417.99,11,0,0,27,1,22,6.037847053288883,0.258819045102521,-0.9659258262890682,0,0,1,1,0,1,0,0,0
265.43,6,0,0,38,2,22,5.585111544938522,1.0,6.123233995736766e-17,0,0,1,1,0,0,0,0,1
2.77,22,0,0,98,4,20,1.3270750014599193,-0.5000000000000004,0.8660254037844384,0,1,0,1,0,0,1,0,0
252.62,21,0,0,45,0,51,5.535837083806753,-0.7071067811865477,0.7071067811865474,0,0,0,0,0,0,0,0,1
410.08,20,0,0,89,2,37,6.018787842756872,-0.8660254037844386,0.5000000000000001,0,0,0,0,0,0,1,0,0
46.87,8,0,0,90,2,54,3.8684890034044175,0.8660254037844387,-0.4999999999999998,0,0,0,0,0,0,1,0,0
203.72,3,0,0,42,1,29,5.321643191851534,0.7071067811865476,0.7071067811865476,1,0,0,1,0,0,1,0,0
276.69,5,0,1,40,1,21,5.626505383581552,0.9659258262890683,0.25881904510252074,1,0,0,2,1,0,0,0,0
7.51,4,0,0,28,1,31,2.1412419425852827,0.8660254037844386,0.5000000000000001,1,0,1,2,0,0,0,1,0
10.25,17,0,1,90,1,28,2.4203681286504293,-0.9659258262890683,-0.25881904510252063,0,0,0,1,0,1,0,0,0
17.85,0,1,0,30,3,40,2.93651291389402,0.0,1.0,1,0,1,3,1,0,0,0,0
149.67,16,0,0,42,2,35,5.015092014813197,-0.8660254037844385,-0.5000000000000004,0,0,0,0,0,0,1,0,0
104.32,0,0,0,55,1,28,4.657003334628109,0.0,1.0,1,0,0,1,0,0,1,0,0
213.93,8,0,0,77,0,53,5.370312393719185,0.8660254037844387,-0.4999999999999998,0,0,0,0,1,0,0,0,0
31.95,16,0,0,37,3,47,3.4949912609485163,-0.8660254037844385,-0.5000000000000004,0,0,1,1,0,0,0,1,0
2.11,17,0,0,92,2,53,1.1346227261911428,-0.9659258262890683,-0.25881904510252063,0,0,0,0,0,0,1,0,0
185.04,17,0,0,46,4,59,5.225961704355896,-0.9659258262890683,-0.25881904510252063,0,1,0,1,0,0,0,1,0
51.26,18,0,0,57,1,42,3.9562312600924665,-1.0,-1.8369701987210297e-16,0,0,0,0,1,0,0,0,0
8.27,3,0,0,81,4,24,2.2267833795777636,0.7071067811865476,0.7071067811865476,1,1,0,2,1,0,0,0,0
190.39,19,0,0,41,2,62,5.254313231049982,-0.9659258262890684,0.2588190451025203,0,0,0,0,0,0,1,0,0
2.19,19,0,1,86,2,33,1.1600209167967532,-0.9659258262890684,0.2588190451025203,0,0,0,1,0,0,0,0,1
68.35,10,1,0,83,1,28,4.239166146760841,0.49999999999999994,-0.8660254037844387,0,0,0,1,0,1,0,0,0
150.2,14,0,1,73,4,47,5.018603463745433,-0.4999999999999997,-0.8660254037844388,0,1,0,2,0,0,0,1,0
21.1,3,0,1,28,2,37,3.095577608523707,0.7071067811865476,0.7071067811865476,1,0,1,3,0,0,0,0,1
194.9,10,0,0,62,1,21,5.277604324950495,0.49999999999999994,-0.8660254037844387,0,0,0,0,1,0,0,0,0
103.56,20,0,0,96,2,25,4.649761069315966,-0.8660254037844386,0.5000000000000001,0,0,0,0,0,0,1,0,0
27.34,6,0,0,70,2,35,3.3442742342625342,1.0,6.123233995736766e-17,0,0,0,0,0,0,1,0,0
213.12,13,0,0,95,3,55,5.36653660552518,-0.2588190451025208,-0.9659258262890683,0,0,0,0,0,1,0,0,0
84.29,15,0,1,29,1,52,4.446057214331018,-0.7071067811865471,-0.7071067811865479,0,0,1,2,0,0,0,1,0
121.01,19,1,0,39,3,22,4.8041030085872425,-0.9659258262890684,0.2588190451025203,0,0,1,2,1,0,0,0,0
143.58,8,0,0,34,2,36,4.973832987572151,0.8660254037844387,-0.4999999999999998,0,0,1,1,0,0,0,1,0
13.52,21,0,0,26,7,34,2.67552700939665,-0.7071067811865477,0.7071067811865474,0,1,1,2,0,0,0,1,0
238.11,18,0,0,38,2,63,5.47692369709451,-1.0,-1.8369701987210297e-16,0,0,1,1,0,0,0,0,1
306.5,7,0,0,57,0,67,5.728475087246572,0.9659258262890683,-0.25881904510252063,0,0,0,0,0,0,0,1,0
94.29,12,0,0,87,3,44,4.556924873360097,1.2246467991473532e-16,-1.0,0,0,0,0,1,0,0,0,0
684.67,2,0,0,38,1,20,6.530396462421742,0.49999999999999994,0.8660254037844387,1,0,1,2,1,0,0,0,0
105.24,5,0,0,81,1,65,4.665700685728123,0.9659258262890683,0.25881904510252074,1,0,0,1,0,1,0,0,0
203.66,21,0,0,84,2,29,5.321350065658609,-0.7071067811865477,0.7071067811865474,0,0,0,0,1,0,0,0,0
398.91,1,0,0,55,2,36,5.991239521791685,0.25881904510252074,0.9659258262890683,1,0,0,1,0,0,0,1,0
51.84,18,0,0,99,1,53,3.9672684796541247,-1.0,-1.8369701987210297e-16,0,0,0,0,0,1,0,0,0
6.35,10,0,0,96,8,40,1.9947003132247452,0.49999999999999994,-0.8660254037844387,0,1,0,1,1,0,0,0,0
439.12,11,0,0,39,5,21,6.087047417001712,0.258819045102521,-0.9659258262890682,0,1,1,2,0,0,0,0,1
170.17,3,0,0,40,5,57,5.142657214707572,0.7071067811865476,0.7071067811865476,1,1,0,2,0,1,0,0,0
52.26,9,1,0,64,2,41,3.9751855803857863,0.7071067811865476,-0.7071067811865475,0,0,0,1,0,0,1,0,0
15.33,17,1,0,98,2,41,2.7930039069823738,-0.9659258262890683,-0.25881904510252063,0,0,0,1,0,1,0,0,0
74.47,22,0,0,62,0,34,4.323735226296777,-0.5000000000000004,0.8660254037844384,0,0,0,0,1,0,0,0,0
250.38,21,0,0,41,1,63,5.526965738496691,-0.7071067811865477,0.7071067811865474,0,0,0,0,0,1,0,0,0
93.55,5,0,0,32,3,31,4.549128795104466,0.9659258262890683,0.25881904510252074,1,0,1,2,0,0,1,0,0
214.27,18,0,0,91,0,22,5.371893054206356,-1.0,-1.8369701987210297e-16,0,0,0,0,0,1,0,0,0
1060.52,17,0,0,35,2,34,6.967457122228181,-0.9659258262890683,-0.25881904510252063,0,0,1,1,0,0,0,1,0
715.09,0,0,0,55,2,55,6.573805857385295,0.0,1.0,1,0,0,1,1,0,0,0,0
200.91,21,0,0,53,3,62,5.307822053562282,-0.7071067811865477,0.7071067811865474,0,0,0,0,0,0,0,1,0
111.41,22,0,0,48,4,29,4.722152901473706,-0.5000000000000004,0.8660254037844384,0,1,0,1,0,0,0,0,1
17.5,8,0,0,44,2,38,2.917770732084279,0.8660254037844387,-0.4999999999999998,0,0,0,0,0,1,0,0,0
151.07,20,0,0,99,2,20,5.024340941152368,-0.8660254037844386,0.5000000000000001,0,0,0,0,0,0,1,0,0
52.45,4,0,0,96,3,32,3.9787466374710543,0.8660254037844386,0.5000000000000001,1,0,0,1,0,0,0,0,1
266.33,9,0,0,38,2,45,5.5884838502927385,0.7071067811865476,-0.7071067811865475,0,0,1,1,0,0,0,0,1
141.26,17,0,0,85,0,33,4.9576563693053695,-0.9659258262890683,-0.25881904510252063,0,0,0,0,0,0,0,0,1
108.37,4,0,0,41,2,43,4.694736629347134,0.8660254037844386,0.5000000000000001,1,0,0,1,0,1,0,0,0
1370.04,7,0,0,54,3,30,7.223324854920809,0.9659258262890683,-0.25881904510252063,0,0,0,0,0,0,0,1,0
517.0,0,0,0,96,4,52,6.249975242259483,0.0,1.0,1,1,0,2,0,1,0,0,0
34.04,11,0,0,36,0,42,3.5564902660681907,0.258819045102521,-0.9659258262890682,0,0,1,1,1,0,0,0,0
2.61,19,1,0,47,5,59,1.2837077723447896,-0.9659258262890684,0.2588190451025203,0,1,0,2,0,1,0,0,0
104.41,17,0,0,46,1,61,4.657857508267098,-0.9659258262890683,-0.25881904510252063,0,0,0,0,0,0,0,0,1
333.44,13,0,0,93,0,31,5.812457491281857,-0.2588190451025208,-0.9659258262890683,0,0,0,0,1,0,0,0,0
19.16,6,1,0,78,0,21,3.0037004432031678,1.0,6.123233995736766e-17,0,0,0,1,0,0,0,0,1
343.39,21,0,0,92,2,37,5.841774736127377,-0.7071067811865477,0.7071067811865474,0,0,0,0,0,0,0,1,0
2.93,13,1,0,93,4,60,1.3686394258811698,-0.2588190451025208,-0.9659258262890683,0,1,0,2,1,0,0,0,0
34.49,14,0,0,94,2,67,3.569250966658405,-0.4999999999999997,-0.8660254037844388,0,0,0,0,0,1,0,0,0
229.53,21,0,0,39,5,26,5.4403810058115045,-0.7071067811865477,0.7071067811865474,0,1,1,2,0,0,0,0,1
354.08,9,0,0,74,1,59,5.872343116200119,0.7071067811865476,-0.7071067811865475,0,0,0,0,1,0,0,0,0
558.44,17,0,0,95,2,49,6.326936283395612,-0.9659258262890683,-0.25881904510252063,0,0,0,0,0,0,1,0,0
1.47,1,0,0,68,4,52,0.9042181506398859,0.25881904510252074,0.9659258262890683,1,1,0,2,1,0,0,0,0
282.26,17,0,0,62,3,32,5.64636520378625,-0.9659258262890683,-0.25881904510252063,0,0,0,0,0,0,0,0,1
59.82,4,0,0,41,1,40,4.107918682249219,0.8660254037844386,0.5000000000000001,1,0,0,1,0,0,1,0,0
170.18,0,0,0,63,4,57,5.142715634453464,0.0,1.0,1,1,0,2,0,0,0,1,0
29.59,13,0,0,84,1,20,3.420673158162812,-0.2588190451025208,-0.9659258262890683,0,0,0,0,0,0,0,0,1
154.82,23,0,0,49,0,21,5.048701494902712,-0.25881904510252157,0.9659258262890681,0,0,0,0,0,0,0,1,0
7.41,4,0,0,76,4,19,2.1294214739848565,0.8660254037844386,0.5000000000000001,1,1,0,2,0,0,0,1,0
178.01,15,0,0,94,1,37,5.1874416702021,-0.7071067811865471,-0.7071067811865479,0,0,0,0,0,0,1,0,0
80.47,3,0,0,62,3,57,4.400234854322551,0.7071067811865476,0.7071067811865476,1,0,0,1,0,0,1,0,0
48.06,4,0,1,43,2,63,3.893044038830343,0.8660254037844386,0.5000000000000001,1,0,0,2,0,1,0,0,0
796.32,1,0,0,90,2,60,6.681256103854565,0.25881904510252074,0.9659258262890683,1,0,0,1,0,1,0,0,0
17.88,23,0,1,48,2,20,2.9381031607173544,-0.25881904510252157,0.9659258262890681,0,0,0,1,0,0,0,0,1
71.77,1,1,0,46,0,45,4.287303782358995,0.25881904510252074,0.9659258262890683,1,0,0,2,1,0,0,0,0
26.87,0,0,1,32,0,21,3.327550841493857,0.0,1.0,1,0,1,3,0,0,0,1,0
23.14,20,1,0,44,4,38,3.1838702156693857,-0.8660254037844386,0.5000000000000001,0,1,0,2,1,0,0,0,0
10.44,3,0,0,44,1,49,2.437115985951652,0.7071067811865476,0.7071067811865476,1,0,0,1,0,0,1,0,0
200.49,7,0,0,62,2,62,5.3057397523636745,0.9659258262890683,-0.25881904510252063,0,0,0,0,0,0,0,1,0
54.52,21,0,0,44,4,19,4.016743316198549,-0.7071067811865477,0.7071067811865474,0,1,0,1,0,0,0,1,0
34.73,1,0,0,93,4,50,3.5759906720353185,0.25881904510252074,0.9659258262890683,1,1,0,2,0,0,0,0,1
606.75,0,0,0,68,2,47,6.409763613196232,0.0,1.0,1,0,0,1,0,0,1,0,0
4.69,7,0,0,60,2,63,1.7387102481382397,0.9659258262890683,-0.25881904510252063,0,0,0,0,0,0,0,0,1
108.15,15,0,0,88,1,42,4.692723082995953,-0.7071067811865471,-0.7071067811865479,0,0,0,0,0,0,1,0,0
53.75,3,0,0,29,2,62,4.00277736869661,0.7071067811865476,0.7071067811865476,1,0,1,2,0,0,0,1,0
0.13,13,0,0,96,2,18,0.12221763272424921,-0.2588190451025208,-0.9659258262890683,0,0,0,0,0,0,0,1,0
54.86,1,1,0,44,1,69,4.022848560517031,0.25881904510252074,0.9659258262890683,1,0,0,2,0,0,1,0,0
8.08,14,1,0,82,2,46,2.206074192613202,-0.4999999999999997,-0.8660254037844388,0,0,0,1,0,1,0,0,0
68.18,7,0,0,43,1,56,4.2367118035090225,0.9659258262890683,-0.25881904510252063,0,0,0,0,0,0,0,0,1
130.82,16,0,0,94,1,46,4.881437355624573,-0.8660254037844385,-0.5000000000000004,0,0,0,0,0,1,0,0,0
238.61,2,0,0,46,4,40,5.479012601597407,0.49999999999999994,0.8660254037844387,1,1,0,2,0,1,0,0,0
42.6,13,0,0,51,1,46,3.775057150354989,-0.2588190451025208,-0.9659258262890683,0,0,0,0,0,0,0,0,1
8.49,18,0,0,93,0,69,2.2502386126218363,-1.0,-1.8369701987210297e-16,0,0,0,0,0,0,0,1,0
237.91,23,0,0,70,1,28,5.476086911973929,-0.25881904510252157,0.9659258262890681,0,0,0,0,0,0,1,0,0
4.94,23,0,0,54,2,56,1.7817091333745536,-0.25881904510252157,0.9659258262890681,0,0,0,0,0,1,0,0,0
342.22,20,0,0,54,2,36,5.838371640974157,-0.8660254037844386,0.5000000000000001,0,0,0,0,0,0,1,0,0
162.85,9,1,0,47,4,43,5.098951375144823,0.7071067811865476,-0.7071067811865475,0,1,0,2,1,0,0,0,0
63.73,15,0,0,66,3,44,4.170224772557419,-0.7071067811865471,-0.7071067811865479,0,0,0,0,1,0,0,0,0
176.52,10,0,0,39,1,33,5.179083278624338,0.49999999999999994,-0.8660254037844387,0,0,1,1,0,1,0,0,0
156.83,14,0,0,78,2,29,5.0615185044108255,-0.4999999999999997,-0.8660254037844388,0,0,0,0,0,0,1,0,0
42.4,22,0,0,34,0,36,3.770459441106359,-0.5000000000000004,0.8660254037844384,0,0,1,1,0,0,0,1,0
19.0,18,0,0,38,5,45,2.995732273553991,-1.0,-1.8369701987210297e-16,0,1,1,2,0,0,0,1,0
210.28,21,0,0,30,1,34,5.353184267988877,-0.7071067811865477,0.7071067811865474,0,0,1,1,0,0,1,0,0
135.83,0,0,0,95,4,28,4.918739279391719,0.0,1.0,1,1,0,2,0,0,0,0,1
92.24,1,1,0,39,0,32,4.535176814167556,0.25881904510252074,0.9659258262890683,1,0,1,3,0,0,1,0,0
118.04,15,0,0,35,7,29,4.779459571084781,-0.7071067811865471,-0.7071067811865479,0,1,1,2,0,0,1,0,0
159.07,8,0,0,36,2,38,5.075611219558606,0.8660254037844387,-0.4999999999999998,0,0,1,1,1,0,0,0,0
95.32,12,0,0,36,4,37,4.567675981560511,1.2246467991473532e-16,-1.0,0,1,1,2,1,0,0,0,0
110.22,17,0,0,69,0,55,4.711510221759418,-0.9659258262890683,-0.25881904510252063,0,0,0,0,0,1,0,0,0
33.69,17,0,0,78,2,43,3.5464514609816584,-0.9659258262890683,-0.25881904510252063,0,0,0,0,0,0,1,0,0
83.94,9,0,0,90,0,64,4.441945124885125,0.7071067811865476,-0.7071067811865475,0,0,0,0,0,0,0,1,0
319.93,9,1,0,90,2,27,5.77122303081379,0.7071067811865476,-0.7071067811865475,0,0,0,1,0,1,0,0,0
46.45,1,0,0,82,3,31,3.859676525055937,0.25881904510252074,0.9659258262890683,1,0,0,1,0,1,0,0,0
122.09,11,0,1,75,2,54,4.812915795122205,0.258819045102521,-0.9659258262890682,0,0,0,1,0,0,0,1,0
195.37,22,0,0,66,3,52,5.280000634762139,-0.5000000000000004,0.8660254037844384,0,0,0,0,0,0,1,0,0
110.33,17,0,0,71,2,19,4.712498763740616,-0.9659258262890683,-0.25881904510252063,0,0,0,0,0,0,0,0,1
114.84,21,0,0,55,1,28,4.752209928637407,-0.7071067811865477,0.7071067811865474,0,0,0,0,0,0,0,0,1
2.25,8,0,0,83,1,25,1.1786549963416462,0.8660254037844387,-0.4999999999999998,0,0,0,0,0,1,0,0,0
47.04,5,0,1,32,0,61,3.872033997211783,0.9659258262890683,0.25881904510252074,1,0,1,3,1,0,0,0,0
261.26,8,0,1,34,3,64,5.569336378103278,0.8660254037844387,-0.4999999999999998,0,0,1,2,0,0,1,0,0
114.93,23,0,0,94,0,29,4.75298656068231,-0.25881904510252157,0.9659258262890681,0,0,0,0,0,0,0,0,1
30.82,2,1,0,62,0,59,3.4600950229096408,0.49999999999999994,0.8660254037844387,1,0,0,2,0,0,0,1,0
931.07,19,0,0,81,2,54,6.837407919161317,-0.9659258262890684,0.2588190451025203,0,0,0,0,1,0,0,0,0
119.94,16,0,1,86,3,38,4.795294554845067,-0.8660254037844385,-0.5000000000000004,0,0,0,1,0,1,0,0,0
61.05,7,0,0,45,2,41,4.127940511650616,0.9659258262890683,-0.25881904510252063,0,0,0,0,0,1,0,0,0
85.28,19,0,0,30,1,47,4.457597821520956,-0.9659258262890684,0.2588190451025203,0,0,1,1,1,0,0,0,0
150.16,3,0,0,61,2,60,5.018338878481289,0.7071067811865476,0.7071067811865476,1,0,0,1,0,1,0,0,0
650.22,19,0,1,46,1,69,6.478847526747423,-0.9659258262890684,0.2588190451025203,0,0,0,1,0,1,0,0,0
153.41,14,0,0,79,2,68,5.039611402332773,-0.4999999999999997,-0.8660254037844388,0,0,0,0,0,1,0,0,0
382.28,2,0,0,45,3,33,5.948765792574867,0.49999999999999994,0.8660254037844387,1,0,0,1,0,0,0,1,0
340.01,15,0,0,51,3,41,5.8319118023667285,-0.7071067811865471,-0.7071067811865479,0,0,0,0,0,1,0,0,0
13.04,14,0,0,77,3,36,2.641910398597665,-0.4999999999999997,-0.8660254037844388,0,0,0,0,0,1,0,0,0
3.19,1,1,0,45,2,51,1.4327007339340463,0.25881904510252074,0.9659258262890683,1,0,0,2,0,0,0,1,0
82.41,12,0,0,93,3,62,4.42376820625352,1.2246467991473532e-16,-1.0,0,0,0,0,0,0,0,0,1
32.9,11,0,0,91,2,46,3.5234150143864045,0.258819045102521,-0.9659258262890682,0,0,0,0,0,0,1,0,0
93.87,7,0,0,56,0,69,4.5525075334047855,0.9659258262890683,-0.25881904510252063,0,0,0,0,0,1,0,0,0
240.65,13,0,0,91,2,57,5.487490398291093,-0.2588190451025208,-0.9659258262890683,0,0,0,0,1,0,0,0,0
180.08,8,0,0,86,0,54,5.198938922567758,0.8660254037844387,-0.4999999999999998,0,0,0,0,0,1,0,0,0
60.18,14,0,1,28,1,57,4.113820338722757,-0.4999999999999997,-0.8660254037844388,0,0,1,2,0,1,0,0,0
203.87,10,0,0,43,3,29,5.3223756316411075,0.49999999999999994,-0.8660254037844387,0,0,0,0,0,0,0,1,0
61.96,7,0,0,73,2,68,4.1424996041091475,0.9659258262890683,-0.25881904510252063,0,0,0,0,0,1,0,0,0
456.6,23,0,0,72,2,28,6.125995440065588,-0.25881904510252157,0.9659258262890681,0,0,0,0,0,0,0,0,1
153.24,15,0,0,32,2,27,5.038509830862235,-0.7071067811865471,-0.7071067811865479,0,0,1,1,0,0,1,0,0
261.71,1,0,0,30,3,57,5.571050762202242,0.25881904510252074,0.9659258262890683,1,0,1,2,0,1,0,0,0
2.95,9,0,0,91,4,25,1.3737155789130306,0.7071067811865476,-0.7071067811865475,0,1,0,1,0,0,1,0,0
86.96,6,0,0,78,0,62,4.47688216568656,1.0,6.123233995736766e-17,0,0,0,0,0,0,0,1,0
152.17,10,1,0,29,3,67,5.031548415676463,0.49999999999999994,-0.8660254037844387,0,0,1,2,1,0,0,0,0
212.45,0,0,0,37,4,51,5.363402613203971,0.0,1.0,1,1,1,3,1,0,0,0,0
31.74,1,0,0,67,3,43,3.4885975719429885,0.25881904510252074,0.9659258262890683,1,0,0,1,0,1,0,0,0
118.41,13,0,0,44,2,51,4.7825629495452935,-0.2588190451025208,-0.9659258262890683,0,0,0,0,0,0,1,0,0
204.89,10,0,0,64,1,65,5.327342045588653,0.49999999999999994,-0.8660254037844387,0,0,0,0,0,0,0,0,1
1.33,16,0,0,49,2,47,0.8458682675776092,-0.8660254037844385,-0.5000000000000004,0,0,0,0,0,0,1,0,0
219.78,9,0,0,98,3,65,5.397166730590206,0.7071067811865476,-0.7071067811865475,0,0,0,0,0,0,1,0,0
140.52,23,1,0,54,0,36,4.95244104985153,-0.25881904510252157,0.9659258262890681,0,0,0,1,0,0,0,0,1
195.1,6,0,0,25,1,34,5.2786247332023,1.0,6.123233995736766e-17,0,0,1,1,0,0,1,0,0
67.83,4,0,0,79,3,49,4.231639696410273,0.8660254037844386,0.5000000000000001,1,0,0,1,1,0,0,0,0
786.42,6,1,0,92,2,37,6.668761778237862,1.0,6.123233995736766e-17,0,0,0,1,0,0,0,0,1
184.47,8,0,0,71,3,19,5.222893143901196,0.8660254037844387,-0.4999999999999998,0,0,0,0,0,0,0,0,1
123.0,12,0,0,48,1,54,4.820281565605037,1.2246467991473532e-16,-1.0,0,0,0,0,0,1,0,0,0
157.44,22,0,0,63,3,45,5.065375972753716,-0.5000000000000004,0.8660254037844384,0,0,0,0,0,0,1,0,0
109.47,1,0,0,51,0,42,4.704743990884184,0.25881904510252074,0.9659258262890683,1,0,0,1,0,0,0,1,0
40.2,8,0,0,71,2,58,3.7184382563554808,0.8660254037844387,-0.4999999999999998,0,0,0,0,0,0,1,0,0
38.5,1,0,0,79,1,21,3.676300671907076,0.25881904510252074,0.9659258262890683,1,0,0,1,1,0,0,0,0
74.03,14,0,0,54,1,69,4.3178880335576375,-0.4999999999999997,-0.8660254037844388,0,0,0,0,0,0,1,0,0
7.21,11,0,0,31,1,59,2.105352923464337,0.258819045102521,-0.9659258262890682,0,0,1,1,1,0,0,0,0
99.48,6,0,0,76,1,34,4.609958702719888,1.0,6.123233995736766e-17,0,0,0,0,0,0,1,0,0
429.85,21,0,0,47,1,59,6.065760001685776,-0.7071067811865477,0.7071067811865474,0,0,0,0,0,0,0,1,0
522.13,10,0,0,77,1,53,6.259829999143105,0.49999999999999994,-0.8660254037844387,0,0,0,0,1,0,0,0,0
382.63,13,0,0,98,0,59,5.949678546416385,-0.2588190451025208,-0.9659258262890683,0,0,0,0,0,0,1,0,0
265.52,1,0,1,93,1,58,5.5854492876943365,0.25881904510252074,0.9659258262890683,1,0,0,2,0,1,0,0,0
414.94,20,1,0,55,2,64,6.030541019089775,-0.8660254037844386,0.5000000000000001,0,0,0,1,0,1,0,0,0
43.83,13,0,0,92,1,24,3.802877558167348,-0.2588190451025208,-0.9659258262890683,0,0,0,0,1,0,0,0,0
611.81,18,0,0,70,2,44,6.418054936831094,-1.0,-1.8369701987210297e-16,0,0,0,0,0,0,0,0,1
358.24,4,0,0,99,1,37,5.883990688802749,0.8660254037844386,0.5000000000000001,1,0,0,1,0,1,0,0,0
25.79,22,0,0,32,4,35,3.2880286835565173,-0.5000000000000004,0.8660254037844384,0,1,1,2,0,0,0,1,0
56.59,15,0,0,25,3,24,4.053348941518581,-0.7071067811865471,-0.7071067811865479,0,0,1,1,0,0,0,0,1
395.27,10,0,0,36,3,65,5.982095797103882,0.49999999999999994,-0.8660254037844387,0,0,1,1,1,0,0,0,0
262.35,15,0,0,44,0,55,5.573483945929398,-0.7071067811865471,-0.7071067811865479,0,0,0,0,0,0,0,1,0
51.4,5,1,0,71,3,25,3.9589065913269965,0.9659258262890683,0.25881904510252074,1,0,0,2,1,0,0,0,0
28.33,22,0,0,51,2,20,3.3786108829893595,-0.5000000000000004,0.8660254037844384,0,0,0,0,0,0,1,0,0
292.09,7,0,0,46,2,40,5.680479729086366,0.9659258262890683,-0.25881904510252063,0,0,0,0,0,0,1,0,0
100.5,14,0,1,41,2,68,4.620058798481842,-0.4999999999999997,-0.8660254037844388,0,0,0,1,0,1,0,0,0
37.95,1,0,0,84,1,20,3.6622787723167574,0.25881904510252074,0.9659258262890683,1,0,0,1,0,0,0,1,0
312.45,17,0,1,29,2,48,5.747639857719977,-0.9659258262890683,-0.25881904510252063,0,0,1,2,0,0,0,1,0
13.94,17,1,0,52,1,24,2.7040421797046714,-0.9659258262890683,-0.25881904510252063,0,0,0,1,0,0,0,1,0
270.06,5,0,0,45,3,60,5.60234019858787,0.9659258262890683,0.25881904510252074,1,0,0,1,0,0,1,0,0
101.06,22,0,1,89,6,33,4.625560875635825,-0.5000000000000004,0.8660254037844384,0,1,0,2,1,0,0,0,0
70.84,2,0,0,61,4,18,4.274441423993944,0.49999999999999994,0.8660254037844387,1,1,0,2,1,0,0,0,0
98.49,6,0,0,88,3,48,4.600057136601269,1.0,6.123233995736766e-17,0,0,0,0,0,0,0,1,0
321.92,22,1,0,79,2,53,5.777404614526815,-0.5000000000000004,0.8660254037844384,0,0,0,1,0,0,0,0,1
73.2,1,0,0,64,2,38,4.3067641501733345,0.25881904510252074,0.9659258262890683,1,0,0,1,0,0,0,1,0
21.63,22,0,0,48,4,69,3.119276459645446,-0.5000000000000004,0.8660254037844384,0,1,0,1,0,0,1,0,0
682.47,14,0,0,50,3,54,6.52718276346701,-0.4999999999999997,-0.8660254037844388,0,0,0,0,0,0,0,1,0
405.83,13,0,0,53,3,49,6.0083954077679635,-0.2588190451025208,-0.9659258262890683,0,0,0,0,0,0,0,1,0
104.06,9,0,0,79,2,52,4.654531615525816,0.7071067811865476,-0.7071067811865475,0,0,0,0,0,0,0,0,1
139.14,13,0,0,67,1,28,4.9426419229423875,-0.2588190451025208,-0.9659258262890683,0,0,0,0,1,0,0,0,0
763.3,13,0,1,42,2,19,6.638960382248839,-0.2588190451025208,-0.9659258262890683,0,0,0,1,1,0,0,0,0
77.51,23,0,0,52,1,19,4.363226005210164,-0.25881904510252157,0.9659258262890681,0,0,0,0,0,0,0,0,1
407.08,19,0,0,88,1,38,6.011463233614671,-0.9659258262890684,0.2588190451025203,0,0,0,0,0,0,1,0,0
203.59,6,0,0,98,6,68,5.321007976467735,1.0,6.123233995736766e-17,0,1,0,1,1,0,0,0,0
49.36,23,0,0,80,1,44,3.9191972091761462,-0.25881904510252157,0.9659258262890681,0,0,0,0,0,1,0,0,0
97.36,5,0,1,58,0,56,4.588634217347992,0.9659258262890683,0.25881904510252074,1,0,0,2,0,0,1,0,0
49.89,1,0,0,90,0,48,3.9296664406007413,0.25881904510252074,0.9659258262890683,1,0,0,1,0,0,1,0,0
39.99,19,0,0,98,1,34,3.7133281345162463,-0.9659258262890684,0.2588190451025203,0,0,0,0,1,0,0,0,0
315.25,13,0,0,57,1,69,5.75653304004173,-0.2588190451025208,-0.9659258262890683,0,0,0,0,0,1,0,0,0
69.15,17,0,0,49,2,31,4.25063580654847,-0.9659258262890683,-0.25881904510252063,0,0,0,0,0,0,1,0,0
80.67,18,0,0,80,3,50,4.402686737370185,-1.0,-1.8369701987210297e-16,0,0,0,0,0,1,0,0,0
87.96,3,0,0,82,1,31,4.488186830502272,0.7071067811865476,0.7071067811865476,1,0,0,1,0,0,0,0,1
515.71,0,0,0,28,3,43,6.247481788695952,0.0,1.0,1,0,1,2,0,0,1,0,0
296.18,16,0,0,53,2,55,5.694338015828201,-0.8660254037844385,-0.5000000000000004,0,0,0,0,1,0,0,0,0
124.37,7,0,0,30,3,55,4.831269365127934,0.9659258262890683,-0.25881904510252063,0,0,1,1,0,1,0,0,0
433.29,10,1,0,60,3,33,6.0737125137173145,0.49999999999999994,-0.8660254037844387,0,0,0,1,1,0,0,0,0
270.81,15,0,0,51,1,26,5.605103292798889,-0.7071067811865471,-0.7071067811865479,0,0,0,0,1,0,0,0,0
138.25,16,0,0,26,3,42,4.9362708788073935,-0.8660254037844385,-0.5000000000000004,0,0,1,1,1,0,0,0,0
69.35,15,0,0,72,1,55,4.253482783560398,-0.7071067811865471,-0.7071067811865479,0,0,0,0,0,0,0,1,0
38.35,1,0,0,67,2,18,3.6724959748634123,0.25881904510252074,0.9659258262890683,1,0,0,1,1,0,0,0,0
45.08,11,0,0,40,4,44,3.830379016387636,0.258819045102521,-0.9659258262890682,0,1,0,1,0,0,0,1,0
60.58,14,0,0,28,3,50,4.120337142496354,-0.4999999999999997,-0.8660254037844388,0,0,1,1,0,0,1,0,0
107.69,10,0,0,76,3,36,4.688499793575096,0.49999999999999994,-0.8660254037844387,0,0,0,0,1,0,0,0,0
39.03,19,0,1,51,3,30,3.6896291730044823,-0.9659258262890684,0.2588190451025203,0,0,0,1,0,0,0,1,0
182.81,12,0,0,78,1,30,5.213902615405673,1.2246467991473532e-16,-1.0,0,0,0,0,0,0,1,0,0
61.96,8,0,0,76,3,31,4.1424996041091475,0.8660254037844387,-0.4999999999999998,0,0,0,0,0,0,0,0,1
78.02,12,0,0,34,3,67,4.369700984983244,1.2246467991473532e-16,-1.0,0,0,1,1,0,0,1,0,0
1.79,9,0,1,34,2,38,1.0260415958332743,0.7071067811865476,-0.7071067811865475,0,0,1,2,0,0,0,1,0
129.17,12,0,0,61,3,37,4.868841288478369,1.2246467991473532e-16,-1.0,0,0,0,0,0,0,1,0,0
49.1,15,0,0,70,2,36,3.914021008090819,-0.7071067811865471,-0.7071067811865479,0,0,0,0,0,0,0,1,0
74.9,2,0,0,96,2,29,4.3294166844015844,0.49999999999999994,0.8660254037844387,1,0,0,1,0,1,0,0,0
83.53,5,0,0,99,2,62,4.437106500940836,0.9659258262890683,0.25881904510252074,1,0,0,1,0,0,1,0,0
570.33,4,0,0,26,1,68,6.347966976166878,0.8660254037844386,0.5000000000000001,1,0,1,2,0,1,0,0,0
144.86,4,0,0,60,3,19,4.982647257556087,0.8660254037844386,0.5000000000000001,1,0,0,1,0,1,0,0,0
215.9,15,0,0,73,1,47,5.379436417832829,-0.7071067811865471,-0.7071067811865479,0,0,0,0,0,0,0,0,1
104.42,8,0,0,99,1,31,4.6579523714270605,0.8660254037844387,-0.4999999999999998,0,0,0,0,0,1,0,0,0
37.17,2,1,0,44,4,20,3.6420498667571386,0.49999999999999994,0.8660254037844387,1,1,0,3,0,0,1,0,0
408.74,1,0,0,98,0,22,6.015522812201053,0.25881904510252074,0.9659258262890683,1,0,0,1,0,0,0,1,0
188.29,5,1,0,61,1,18,5.2432802306181285,0.9659258262890683,0.25881904510252074,1,0,0,2,1,0,0,0,0
125.44,0,0,0,61,1,48,4.839767887347417,0.0,1.0,1,0,0,1,0,0,1,0,0
2.48,8,0,0,80,1,50,1.247032293786383,0.8660254037844387,-0.4999999999999998,0,0,0,0,0,0,0,1,0
1112.79,1,0,0,80,1,37,7.015523892842683,0.25881904510252074,0.9659258262890683,1,0,0,1,0,0,0,1,0
574.39,5,0,0,44,2,64,6.355048071751968,0.9659258262890683,0.25881904510252074,1,0,0,1,0,0,0,1,0
59.5,10,0,0,54,2,34,4.102643365036796,0.49999999999999994,-0.8660254037844387,0,0,0,0,0,0,0,0,1
187.61,0,0,0,42,3,29,5.23968139106308,0.0,1.0,1,0,0,1,0,0,0,0,1
64.67,0,0,0,64,0,65,4.184642200202881,0.0,1.0,1,0,0,1,0,0,1,0,0
561.91,8,0,0,43,1,69,6.333119757456968,0.8660254037844387,-0.4999999999999998,0,0,0,0,0,0,0,1,0
357.06,1,0,1,54,3,40,5.880700570123127,0.25881904510252074,0.9659258262890683,1,0,0,2,0,0,0,1,0
22.59,0,0,0,42,2,24,3.1608228934195837,0.0,1.0,1,0,0,1,0,0,0,1,0
57.18,9,0,1,88,3,65,4.063541653067055,0.7071067811865476,-0.7071067811865475,0,0,0,1,1,0,0,0,0
321.47,8,0,0,81,2,23,5.7760101086530815,0.8660254037844387,-0.4999999999999998,0,0,0,0,0,0,0,0,1
229.37,6,0,1,53,2,66,5.439686712010562,1.0,6.123233995736766e-17,0,0,0,1,1,0,0,0,0
36.94,20,0,1,97,2,44,3.636005964506868,-0.8660254037844386,0.5000000000000001,0,0,0,1,0,0,0,0,1
139.15,14,0,0,69,1,50,4.942713277610797,-0.4999999999999997,-0.8660254037844388,0,0,0,0,0,1,0,0,0
397.34,13,0,1,82,1,45,5.9873059119591225,-0.2588190451025208,-0.9659258262890683,0,0,0,1,0,0,0,1,0
86.23,15,0,0,38,1,29,4.468548308445127,-0.7071067811865471,-0.7071067811865479,0,0,1,1,0,1,0,0,0
472.98,23,1,1,99,0,68,6.161165126712054,-0.25881904510252157,0.9659258262890681,0,0,0,2,0,1,0,0,0
13.58,14,0,0,73,3,51,2.6796507265805123,-0.4999999999999997,-0.8660254037844388,0,0,0,0,0,1,0,0,0
139.52,14,0,0,61,0,43,4.945349827397626,-0.4999999999999997,-0.8660254037844388,0,0,0,0,0,0,0,1,0
150.42,4,0,0,25,1,39,5.02005743267516,0.8660254037844386,0.5000000000000001,1,0,1,2,0,1,0,0,0
22.65,4,0,0,52,0,30,3.1633631149379418,0.8660254037844386,0.5000000000000001,1,0,0,1,0,0,1,0,0
353.17,14,0,0,64,2,27,5.869777023850878,-0.4999999999999997,-0.8660254037844388,0,0,0,0,0,0,0,0,1
37.63,5,0,0,87,3,57,3.65402917667819,0.9659258262890683,0.25881904510252074,1,0,0,1,0,0,0,0,1
295.2,6,0,0,45,0,22,5.6910349018336985,1.0,6.123233995736766e-17,0,0,0,0,0,1,0,0,0
75.3,17,0,0,42,2,29,4.334672938290411,-0.9659258262890683,-0.25881904510252063,0,0,0,0,0,0,0,0,1
276.83,21,1,0,77,3,30,5.627009415850288,-0.7071067811865477,0.7071067811865474,0,0,0,1,0,0,0,0,1
431.1,3,0,1,28,3,44,6.068657042937888,0.7071067811865476,0.7071067811865476,1,0,1,3,1,0,0,0,0
12.87,11,0,0,91,3,62,2.6297282343267403,0.258819045102521,-0.9659258262890682,0,0,0,0,0,0,0,1,0
76.39,14,0,0,57,1,55,4.348857573282368,-0.4999999999999997,-0.8660254037844388,0,0,0,0,0,0,0,0,1
193.92,16,0,0,85,2,50,5.272589217975305,-0.8660254037844385,-0.5000000000000004,0,0,0,0,0,0,1,0,0
52.55,6,0,0,34,1,25,3.980615796893758,1.0,6.123233995736766e-17,0,0,1,1,1,0,0,0,0
12.53,6,0,0,61,1,34,2.604909442182697,1.0,6.123233995736766e-17,0,0,0,0,0,0,0,0,1
233.09,20,0,0,46,1,29,5.45570565679678,-0.8660254037844386,0.5000000000000001,0,0,0,0,0,0,0,1,0
44.98,5,0,0,97,2,29,3.8282065193350356,0.9659258262890683,0.25881904510252074,1,0,0,1,1,0,0,0,0
239.69,5,0,0,63,3,24,5.4835097984336745,0.9659258262890683,0.25881904510252074,1,0,0,1,0,0,1,0,0
145.34,22,0,0,84,2,19,4.985932681455884,-0.5000000000000004,0.8660254037844384,0,0,0,0,1,0,0,0,0
47.22,12,0,0,76,0,28,3.875773872753025,1.2246467991473532e-16,-1.0,0,0,0,0,0,0,1,0,0
84.06,9,0,1,26,4,50,4.443356889825488,0.7071067811865476,-0.7071067811865475,0,1,1,3,0,0,1,0,0
13.63,3,0,0,80,1,61,2.683074215032033,0.7071067811865476,0.7071067811865476,1,0,0,1,0,0,1,0,0
294.34,7,0,0,32,0,37,5.688127235045628,0.9659258262890683,-0.25881904510252063,0,0,1,1,0,0,1,0,0
61.38,4,0,0,25,1,20,4.133244711179657,0.8660254037844386,0.5000000000000001,1,0,1,2,0,0,0,0,1
39.94,22,1,0,49,0,32,3.7121075802331434,-0.5000000000000004,0.8660254037844384,0,0,0,1,0,1,0,0,0
51.53,7,1,0,37,1,60,3.9613844349658702,0.9659258262890683,-0.25881904510252063,0,0,1,2,0,0,0,0,1
92.45,4,0,0,92,2,34,4.537426533901572,0.8660254037844386,0.5000000000000001,1,0,0,1,0,0,0,0,1
311.16,0,1,0,28,0,38,5.743515876874802,0.0,1.0,1,0,1,3,0,0,1,0,0
156.47,16,0,0,82,1,54,5.059234963932318,-0.8660254037844385,-0.5000000000000004,0,0,0,0,0,0,0,0,1
56.19,8,0,0,67,0,65,4.046379057927225,0.8660254037844387,-0.4999999999999998,0,0,0,0,0,1,0,0,0
136.62,1,0,0,51,2,46,4.9244962637743335,0.25881904510252074,0.9659258262890683,1,0,0,1,1,0,0,0,0
91.65,17,0,0,30,3,40,4.528828952731369,-0.9659258262890683,-0.25881904510252063,0,0,1,1,1,0,0,0,0
228.74,20,0,0,75,2,49,5.436948234717258,-0.8660254037844386,0.5000000000000001,0,0,0,0,0,1,0,0,0
263.81,1,0,0,92,2,43,5.579012587700251,0.25881904510252074,0.9659258262890683,1,0,0,1,0,0,0,0,1
57.98,14,0,0,39,3,60,4.07719840338713,-0.4999999999999997,-0.8660254037844388,0,0,1,1,0,0,1,0,0
178.34,4,0,0,91,3,64,5.189283445523902,0.8660254037844386,0.5000000000000001,1,0,0,1,1,0,0,0,0
116.21,18,0,0,32,4,40,4.763967197735089,-1.0,-1.8369701987210297e-16,0,1,1,2,0,0,0,0,1
379.43,10,0,0,46,0,33,5.941302191914918,0.49999999999999994,-0.8660254037844387,0,0,0,0,0,0,0,1,0
30.27,0,0,0,83,4,31,3.44265917146975,0.0,1.0,1,1,0,2,0,0,1,0,0
180.92,15,1,0,55,0,61,5.203567030002226,-0.7071067811865471,-0.7071067811865479,0,0,0,1,0,1,0,0,0
121.74,15,0,0,67,0,20,4.810068296960951,-0.7071067811865471,-0.7071067811865479,0,0,0,0,0,0,0,1,0
26.14,12,0,0,56,3,54,3.301008654406723,1.2246467991473532e-16,-1.0,0,0,0,0,0,0,0,0,1
128.31,5,0,0,84,4,44,4.86221262230776,0.9659258262890683,0.25881904510252074,1,1,0,2,1,0,0,0,0
63.58,16,0,0,77,2,28,4.167904765330129,-0.8660254037844385,-0.5000000000000004,0,0,0,0,0,0,1,0,0
181.25,4,0,0,61,2,49,5.2053793708887675,0.8660254037844386,0.5000000000000001,1,0,0,1,1,0,0,0,0
970.18,3,0,0,96,1,65,6.878511827012469,0.7071067811865476,0.7071067811865476,1,0,0,1,0,0,0,0,1
21.28,20,0,0,77,4,48,3.1036894150590832,-0.8660254037844386,0.5000000000000001,0,1,0,1,0,0,0,0,1
184.65,6,0,0,74,1,39,5.2238631806230895,1.0,6.123233995736766e-17,0,0,0,0,1,0,0,0,0
29.97,7,0,0,95,2,35,3.4330189939851112,0.9659258262890683,-0.25881904510252063,0,0,0,0,1,0,0,0,0
98.28,1,0,0,95,4,63,4.5979441408963515,0.25881904510252074,0.9659258262890683,1,1,0,2,0,0,0,0,1
309.93,19,0,0,58,1,25,5.73956780645899,-0.9659258262890684,0.2588190451025203,0,0,0,0,0,0,1,0,0
70.2,20,0,0,64,3,21,4.26549281841793,-0.8660254037844386,0.5000000000000001,0,0,0,0,0,1,0,0,0
44.92,10,0,0,95,2,39,3.826900752011311,0.49999999999999994,-0.8660254037844387,0,0,0,0,0,0,0,1,0
85.98,3,0,0,90,2,47,4.465678207169493,0.7071067811865476,0.7071067811865476,1,0,0,1,0,1,0,0,0
8.7,16,0,0,67,2,40,2.272125885509337,-0.8660254037844385,-0.5000000000000004,0,0,0,0,0,0,1,0,0
174.28,2,0,1,90,6,48,5.166384695287211,0.49999999999999994,0.8660254037844387,1,1,0,3,0,0,1,0,0
260.31,11,0,0,91,4,64,5.565707441981806,0.258819045102521,-0.9659258262890682,0,1,0,1,0,1,0,0,0
27.68,4,0,0,98,4,43,3.3562000157314196,0.8660254037844386,0.5000000000000001,1,1,0,2,0,0,1,0,0
406.87,21,0,0,62,3,42,6.01094849618067,-0.7071067811865477,0.7071067811865474,0,0,0,0,0,0,1,0,0
119.57,8,0,0,39,3,58,4.79223049712922,0.8660254037844387,-0.4999999999999998,0,0,1,1,1,0,0,0,0
56.1,21,0,1,52,1,30,4.044804116661965,-0.7071067811865477,0.7071067811865474,0,0,0,1,0,0,0,0,1
26.32,12,0,0,53,0,56,3.307619034702589,1.2246467991473532e-16,-1.0,0,0,0,0,1,0,0,0,0
46.66,5,0,0,80,3,57,3.8640924716705958,0.9659258262890683,0.25881904510252074,1,0,0,1,0,1,0,0,0
389.19,9,0,0,41,2,32,5.966633799977474,0.7071067811865476,-0.7071067811865475,0,0,0,0,1,0,0,0,0
52.91,14,0,0,80,2,38,3.9873159894635775,-0.4999999999999997,-0.8660254037844388,0,0,0,0,0,0,0,0,1
217.3,0,0,0,34,6,59,5.385870263555899,0.0,1.0,1,1,1,3,0,0,0,1,0
369.39,5,1,0,87,2,63,5.914556504567403,0.9659258262890683,0.25881904510252074,1,0,0,2,0,0,1,0,0
196.84,6,1,1,75,5,65,5.287458623213161,1.0,6.123233995736766e-17,0,1,0,3,0,0,0,1,0
12.37,3,0,0,98,2,37,2.5930133911138515,0.7071067811865476,0.7071067811865476,1,0,0,1,0,1,0,0,0
186.5,22,0,0,30,2,48,5.233778845410465,-0.5000000000000004,0.8660254037844384,0,0,1,1,0,1,0,0,0
97.73,14,0,0,42,1,41,4.592388851623358,-0.4999999999999997,-0.8660254037844388,0,0,0,0,0,1,0,0,0
292.58,15,0,0,98,5,49,5.682150174529087,-0.7071067811865471,-0.7071067811865479,0,1,0,1,1,0,0,0,0
268.6,0,0,0,85,1,34,5.596939379038152,0.0,1.0,1,0,0,1,0,0,1,0,0
303.14,22,0,0,68,1,59,5.717488121712313,-0.5000000000000004,0.8660254037844384,0,0,0,0,0,0,1,0,0
207.78,10,0,0,58,2,44,5.341281065980152,0.49999999999999994,-0.8660254037844387,0,0,0,0,0,1,0,0,0
26.02,3,0,0,33,0,66,3.2965773325320527,0.7071067811865476,0.7071067811865476,1,0,1,2,1,0,0,0,0
235.24,9,1,0,97,1,56,5.4648482374356675,0.7071067811865476,-0.7071067811865475,0,0,0,1,0,1,0,0,0
119.54,18,0,0,85,3,25,4.7919816480548985,-1.0,-1.8369701987210297e-16,0,0,0,0,0,1,0,0,0
136.71,2,0,0,54,0,56,4.925150024739034,0.49999999999999994,0.8660254037844387,1,0,0,1,0,0,0,1,0
188.62,22,0,0,74,5,22,5.2450220694898135,-0.5000000000000004,0.8660254037844384,0,1,0,1,0,0,0,0,1
45.0,8,0,0,51,1,65,3.828641396489095,0.8660254037844387,-0.4999999999999998,0,0,0,0,0,0,0,0,1
74.03,12,0,0,72,2,28,4.3178880335576375,1.2246467991473532e-16,-1.0,0,0,0,0,0,0,1,0,0
140.84,22,0,0,32,2,58,4.954699661765953,-0.5000000000000004,0.8660254037844384,0,0,1,1,0,0,1,0,0
141.66,1,0,0,34,2,49,4.960464176849892,0.25881904510252074,0.9659258262890683,1,0,1,2,0,0,0,1,0
21.94,16,0,0,25,2,39,3.1328821117012247,-0.8660254037844385,-0.5000000000000004,0,0,1,1,0,0,0,1,0
284.22,20,0,0,27,2,68,5.653260812308621,-0.8660254037844386,0.5000000000000001,0,0,1,1,0,0,1,0,0
411.89,3,1,0,62,1,36,6.023181213659551,0.7071067811865476,0.7071067811865476,1,0,0,2,0,0,0,0,1
3.57,1,0,0,71,0,22,1.5195132049061133,0.25881904510252074,0.9659258262890683,1,0,0,1,0,0,0,1,0
405.25,12,0,0,59,1,52,6.006968733643947,1.2246467991473532e-16,-1.0,0,0,0,0,1,0,0,0,0
435.29,5,0,0,43,1,33,6.0783071598577285,0.9659258262890683,0.25881904510252074,1,0,0,1,0,1,0,0,0
422.27,4,0,0,39,2,59,6.048010273293176,0.8660254037844386,0.5000000000000001,1,0,1,2,0,1,0,0,0
185.3,0,0,0,50,2,30,5.227358277607543,0.0,1.0,1,0,0,1,0,0,0,0,1
64.09,21,1,0,89,1,21,4.175770927584296,-0.7071067811865477,0.7071067811865474,0,0,0,1,0,0,0,1,0
49.67,12,1,0,92,2,68,3.9253340194878183,1.2246467991473532e-16,-1.0,0,0,0,1,0,1,0,0,0
79.73,2,0,1,69,2,22,4.391110253406924,0.49999999999999994,0.8660254037844387,1,0,0,2,0,0,1,0,0
202.76,13,0,0,63,3,51,5.316942830671201,-0.2588190451025208,-0.9659258262890683,0,0,0,0,0,0,1,0,0
547.41,3,0,0,78,1,37,6.307023182386968,0.7071067811865476,0.7071067811865476,1,0,0,1,0,0,0,0,1
62.78,1,0,0,80,4,46,4.155439661581911,0.25881904510252074,0.9659258262890683,1,1,0,2,0,0,0,1,0
508.5,2,0,0,36,3,53,6.23342985266278,0.49999999999999994,0.8660254037844387,1,0,1,2,0,0,0,0,1
51.54,23,0,0,48,3,67,3.961574784257394,-0.25881904510252157,0.9659258262890681,0,0,0,0,1,0,0,0,0
324.95,3,0,0,42,3,58,5.786743995370548,0.7071067811865476,0.7071067811865476,1,0,0,1,0,0,0,1,0
203.61,15,0,0,98,3,58,5.321105728178468,-0.7071067811865471,-0.7071067811865479,0,0,0,0,0,1,0,0,0
571.12,12,0,0,75,1,29,6.349348759586699,1.2246467991473532e-16,-1.0,0,0,0,0,0,0,1,0,0
403.06,8,1,0,55,4,31,6.001563381785396,0.8660254037844387,-0.4999999999999998,0,1,0,2,0,0,1,0,0
134.69,4,0,0,31,3,38,4.910372872157861,0.8660254037844386,0.5000000000000001,1,0,1,2,0,1,0,0,0
211.85,14,0,1,55,0,60,5.360587692274161,-0.4999999999999997,-0.8660254037844388,0,0,0,1,0,0,0,0,1
86.66,23,0,1,26,1,36,4.473465694990663,-0.25881904510252157,0.9659258262890681,0,0,1,2,0,0,0,1,0
124.12,1,0,0,96,4,29,4.829273276797001,0.25881904510252074,0.9659258262890683,1,1,0,2,0,0,0,0,1
163.66,16,0,0,38,2,39,5.10388274187028,-0.8660254037844385,-0.5000000000000004,0,0,1,1,0,0,0,0,1
149.38,0,0,0,59,2,43,5.01316542394988,0.0,1.0,1,0,0,1,0,0,0,1,0
86.94,14,0,0,52,3,19,4.476654763752664,-0.4999999999999997,-0.8660254037844388,0,0,0,0,1,0,0,0,0
228.06,19,0,0,26,3,42,5.43398397796957,-0.9659258262890684,0.2588190451025203,0,0,1,1,0,1,0,0,0
174.61,3,0,0,53,3,45,5.168265627187763,0.7071067811865476,0.7071067811865476,1,0,0,1,0,0,1,0,0
10.7,17,0,0,72,4,49,2.4595888418037104,-0.9659258262890683,-0.25881904510252063,0,1,0,1,1,0,0,0,0
45.41,13,0,0,94,3,62,3.8375149532530846,-0.2588190451025208,-0.9659258262890683,0,0,0,0,0,1,0,0,0
636.91,16,0,0,94,3,57,6.458197207563349,-0.8660254037844385,-0.5000000000000004,0,0,0,0,0,0,0,0,1
24.48,2,0,0,32,4,53,3.2378938307039626,0.49999999999999994,0.8660254037844387,1,1,1,3,0,0,1,0,0
231.94,9,0,0,93,1,27,5.4507809096745055,0.7071067811865476,-0.7071067811865475,0,0,0,0,0,0,0,0,1
529.32,8,0,0,71,0,29,6.273480597933136,0.8660254037844387,-0.4999999999999998,0,0,0,0,1,0,0,0,0
448.59,8,0,0,66,4,45,6.108336056339242,0.8660254037844387,-0.4999999999999998,0,1,0,1,0,0,0,1,0
561.91,17,0,0,74,5,42,6.333119757456968,-0.9659258262890683,-0.25881904510252063,0,1,0,1,0,0,0,1,0
81.25,14,0,0,36,1,21,4.409763389645481,-0.4999999999999997,-0.8660254037844388,0,0,1,1,0,0,1,0,0
32.23,19,0,0,32,3,39,3.503453082366503,-0.9659258262890684,0.2588190451025203,0,0,1,1,0,0,1,0,0
336.97,2,0,0,27,2,62,5.822957134147399,0.49999999999999994,0.8660254037844387,1,0,1,2,0,0,0,1,0
95.1,23,0,1,52,1,36,4.565389315976247,-0.25881904510252157,0.9659258262890681,0,0,0,1,0,1,0,0,0
475.63,10,0,0,64,0,26,6.1667405085501885,0.49999999999999994,-0.8660254037844387,0,0,0,0,0,1,0,0,0
49.57,18,0,0,94,2,50,3.9233585150918917,-1.0,-1.8369701987210297e-16,0,0,0,0,0,1,0,0,0
660.01,23,1,0,70,2,23,6.493768968330291,-0.25881904510252157,0.9659258262890681,0,0,0,1,0,0,1,0,0
40.76,2,0,0,59,1,42,3.731938943574383,0.49999999999999994,0.8660254037844387,1,0,0,1,1,0,0,0,0
199.04,1,0,0,64,2,49,5.298517346550703,0.25881904510252074,0.9659258262890683,1,0,0,1,0,0,0,0,1
37.21,10,0,0,75,1,47,3.6430972614588084,0.49999999999999994,-0.8660254037844387,0,0,0,0,1,0,0,0,0
236.26,5,0,0,99,1,21,5.469156586232957,0.9659258262890683,0.25881904510252074,1,0,0,1,1,0,0,0,0
49.63,9,1,0,60,1,36,3.924544285981818,0.7071067811865476,-0.7071067811865475,0,0,0,1,0,0,1,0,0
30.04,1,0,1,89,0,32,3.435276695315018,0.25881904510252074,0.9659258262890683,1,0,0,2,0,0,1,0,0
75.37,18,0,0,94,4,62,4.335589948900293,-1.0,-1.8369701987210297e-16,0,1,0,1,0,0,1,0,0
286.35,16,0,0,96,2,34,5.660700984953751,-0.8660254037844385,-0.5000000000000004,0,0,0,0,0,0,0,0,1
10.54,21,0,0,75,2,26,2.4458192610799534,-0.7071067811865477,0.7071067811865474,0,0,0,0,1,0,0,0,0
13.6,21,0,0,90,2,66,2.681021528714291,-0.7071067811865477,0.7071067811865474,0,0,0,0,0,0,1,0,0
211.36,13,0,0,79,1,45,5.3582829477154705,-0.2588190451025208,-0.9659258262890683,0,0,0,0,0,1,0,0,0
284.56,9,1,1,99,2,43,5.65445216463426,0.7071067811865476,-0.7071067811865475,0,0,0,2,0,0,0,0,1
10.48,17,1,0,40,4,55,2.4406063908914204,-0.9659258262890683,-0.25881904510252063,0,1,0,2,1,0,0,0,0
4.0,15,0,0,46,4,56,1.6094379124341003,-0.7071067811865471,-0.7071067811865479,0,1,0,1,0,0,0,1,0
73.75,19,0,0,47,0,42,4.314149212270796,-0.9659258262890684,0.2588190451025203,0,0,0,0,0,1,0,0,0
137.75,8,0,0,66,1,33,4.932673752626544,0.8660254037844387,-0.4999999999999998,0,0,0,0,0,0,0,0,1
119.4,23,0,0,44,2,23,4.79081953287472,-0.25881904510252157,0.9659258262890681,0,0,0,0,0,0,0,1,0
141.6,2,0,0,28,2,47,4.960043507980195,0.49999999999999994,0.8660254037844387,1,0,1,2,0,0,1,0,0
345.33,17,0,0,99,1,52,5.847392077745725,-0.9659258262890683,-0.25881904510252063,0,0,0,0,0,0,1,0,0
558.9,19,0,0,59,1,59,6.327758196354847,-0.9659258262890684,0.2588190451025203,0,0,0,0,0,0,1,0,0
651.11,10,0,0,91,1,48,6.480213259352884,0.49999999999999994,-0.8660254037844387,0,0,0,0,0,0,0,1,0
135.41,22,0,0,30,1,52,4.915665056505029,-0.5000000000000004,0.8660254037844384,0,0,1,1,0,0,0,1,0
521.31,13,0,0,88,3,19,6.258261281343595,-0.2588190451025208,-0.9659258262890683,0,0,0,0,0,0,0,0,1
338.34,7,0,0,73,4,18,5.827002554614793,0.9659258262890683,-0.25881904510252063,0,1,0,1,0,1,0,0,0
392.6,8,0,0,52,1,33,5.975335165178098,0.8660254037844387,-0.4999999999999998,0,0,0,0,0,0,1,0,0
129.67,7,0,0,67,4,46,4.872675061001055,0.9659258262890683,-0.25881904510252063,0,1,0,1,0,0,0,0,1
63.29,19,0,0,70,3,39,4.163404098153595,-0.9659258262890684,0.2588190451025203,0,0,0,0,0,1,0,0,0
254.3,0,0,0,69,0,48,5.542439324247439,0.0,1.0,1,0,0,1,1,0,0,0,0
70.56,22,0,0,43,1,47,4.270536258640519,-0.5000000000000004,0.8660254037844384,0,0,0,0,0,0,1,0,0
26.78,21,0,0,77,5,58,3.3243163373261977,-0.7071067811865477,0.7071067811865474,0,1,0,1,1,0,0,0,0
93.6,11,0,1,51,0,22,4.549657476057832,0.258819045102521,-0.9659258262890682,0,0,0,1,1,0,0,0,0
78.67,15,0,0,42,4,45,4.3778931033922746,-0.7071067811865471,-0.7071067811865479,0,1,0,1,0,1,0,0,0
535.26,6,0,0,44,7,50,6.284619118087003,1.0,6.123233995736766e-17,0,1,0,1,1,0,0,0,0
178.54,8,0,0,80,1,63,5.190398024328542,0.8660254037844387,-0.4999999999999998,0,0,0,0,0,0,0,0,1
118.1,8,0,0,45,0,63,4.779963476361254,0.8660254037844387,-0.4999999999999998,0,0,0,0,0,0,1,0,0
226.37,3,1,0,65,1,47,5.426578646492048,0.7071067811865476,0.7071067811865476,1,0,0,2,0,0,0,1,0
96.18,9,0,0,78,2,26,4.576564928977757,0.7071067811865476,-0.7071067811865475,0,0,0,0,1,0,0,0,0
103.74,3,0,0,64,3,65,4.651481088851342,0.7071067811865476,0.7071067811865476,1,0,0,1,0,0,0,0,1
248.15,13,0,0,61,3,59,5.518055124727414,-0.2588190451025208,-0.9659258262890683,0,0,0,0,0,0,0,1,0
92.6,18,0,0,74,2,57,4.539030383483547,-1.0,-1.8369701987210297e-16,0,0,0,0,0,1,0,0,0
435.69,3,0,0,35,1,38,6.079223561213986,0.7071067811865476,0.7071067811865476,1,0,1,2,1,0,0,0,0
8.04,18,0,0,73,3,22,2.201659174404085,-1.0,-1.8369701987210297e-16,0,0,0,0,0,0,0,1,0
25.14,10,0,0,65,4,37,3.2634667081960758,0.49999999999999994,-0.8660254037844387,0,1,0,1,0,0,0,0,1
104.86,9,0,0,63,1,25,4.662117466429842,0.7071067811865476,-0.7071067811865475,0,0,0,0,0,0,0,0,1
10.32,11,0,0,45,1,45,2.4265710727750367,0.258819045102521,-0.9659258262890682,0,0,0,0,0,0,1,0,0
126.65,17,0,0,30,0,60,4.849292143687493,-0.9659258262890683,-0.25881904510252063,0,0,1,1,0,0,1,0,0
32.84,3,0,0,43,2,38,3.521643534738023,0.7071067811865476,0.7071067811865476,1,0,0,1,0,0,1,0,0
161.55,20,0,0,62,3,52,5.090985646749915,-0.8660254037844386,0.5000000000000001,0,0,0,0,0,0,0,0,1
228.15,8,0,0,73,4,58,5.434376810955133,0.8660254037844387,-0.4999999999999998,0,1,0,1,1,0,0,0,0
309.4,15,0,0,83,1,44,5.737861788309064,-0.7071067811865471,-0.7071067811865479,0,0,0,0,0,0,1,0,0
367.2,23,0,0,37,1,37,5.908626268798978,-0.25881904510252157,0.9659258262890681,0,0,1,1,1,0,0,0,0
203.21,20,0,0,38,2,62,5.3191488761279695,-0.8660254037844386,0.5000000000000001,0,0,1,1,0,0,0,0,1
29.61,15,0,0,82,1,46,3.421326752957321,-0.7071067811865471,-0.7071067811865479,0,0,0,0,0,0,0,1,0
83.48,2,0,0,70,1,38,4.436514819957951,0.49999999999999994,0.8660254037844387,1,0,0,1,0,1,0,0,0
54.69,8,0,0,66,5,64,4.019800597601577,0.8660254037844387,-0.4999999999999998,0,1,0,1,0,0,0,0,1
32.86,19,0,0,80,2,59,3.522234376704989,-0.9659258262890684,0.2588190451025203,0,0,0,0,1,0,0,0,0
223.52,7,0,1,44,3,30,5.413964790073998,0.9659258262890683,-0.25881904510252063,0,0,0,1,0,0,1,0,0
553.93,11,0,0,31,1,67,6.31884197966574,0.258819045102521,-0.9659258262890682,0,0,1,1,0,0,0,1,0
22.36,20,1,0,31,3,59,3.151025157960026,-0.8660254037844386,0.5000000000000001,0,0,1,2,0,0,0,0,1
14.71,15,0,0,70,2,18,2.75429745226753,-0.7071067811865471,-0.7071067811865479,0,0,0,0,0,0,1,0,0
79.71,11,0,0,93,1,21,4.390862483336281,0.258819045102521,-0.9659258262890682,0,0,0,0,0,0,1,0,0
1009.55,2,0,0,37,0,27,6.918250016074778,0.49999999999999994,0.8660254037844387,1,0,1,2,0,0,0,1,0
244.07,3,0,0,85,3,27,5.5015438840218875,0.7071067811865476,0.7071067811865476,1,0,0,1,0,0,1,0,0
138.45,19,1,0,87,0,42,4.937706114073498,-0.9659258262890684,0.2588190451025203,0,0,0,1,0,0,0,0,1
60.77,22,0,0,49,1,35,4.123417809707808,-0.5000000000000004,0.8660254037844384,0,0,0,0,1,0,0,0,0
627.69,5,0,0,44,2,49,6.443638289425074,0.9659258262890683,0.25881904510252074,1,0,0,1,0,1,0,0,0
454.17,21,0,0,25,1,64,6.120670975543624,-0.7071067811865477,0.7071067811865474,0,0,1,1,0,0,0,0,1
235.47,22,1,0,77,3,53,5.465821349991567,-0.5000000000000004,0.8660254037844384,0,0,0,1,0,0,0,0,1
67.55,10,0,0,96,1,26,4.227563406008323,0.49999999999999994,-0.8660254037844387,0,0,0,0,1,0,0,0,0
172.92,2,0,0,71,5,48,5.1585954233728994,0.49999999999999994,0.8660254037844387,1,1,0,2,0,1,0,0,0
31.62,15,0,0,42,1,26,3.484925597192868,-0.7071067811865471,-0.7071067811865479,0,0,0,0,0,1,0,0,0
111.24,8,1,1,89,0,19,4.720639435794205,0.8660254037844387,-0.4999999999999998,0,0,0,2,0,0,1,0,0
792.92,21,0,0,88,0,31,6.676982700503436,-0.7071067811865477,0.7071067811865474,0,0,0,0,0,0,0,1,0
198.59,11,0,0,59,8,25,5.2962652624219055,0.258819045102521,-0.9659258262890682,0,1,0,1,0,0,0,0,1
21.6,2,0,0,44,2,53,3.1179499062782403,0.49999999999999994,0.8660254037844387,1,0,0,1,0,1,0,0,0
132.31,16,0,1,53,1,24,4.892677243125585,-0.8660254037844385,-0.5000000000000004,0,0,0,1,0,1,0,0,0
31.8,5,0,0,26,1,45,3.490428515390098,0.9659258262890683,0.25881904510252074,1,0,1,2,1,0,0,0,0
1056.93,18,1,0,63,2,35,6.964069447658517,-1.0,-1.8369701987210297e-16,0,0,0,1,1,0,0,0,0
170.78,14,0,0,68,2,53,5.146214588338078,-0.4999999999999997,-0.8660254037844388,0,0,0,0,1,0,0,0,0
189.39,6,0,1,74,2,41,5.249074599969585,1.0,6.123233995736766e-17,0,0,0,1,0,0,0,0,1
138.04,12,0,0,40,2,29,4.934761661517082,1.2246467991473532e-16,-1.0,0,0,0,0,1,0,0,0,0
306.64,4,0,0,53,2,44,5.728930268188853,0.8660254037844386,0.5000000000000001,1,0,0,1,0,0,0,1,0
15.83,16,0,0,97,2,62,2.8231630082027146,-0.8660254037844385,-0.5000000000000004,0,0,0,0,1,0,0,0,0
94.77,23,0,0,51,3,50,4.561949483533528,-0.25881904510252157,0.9659258262890681,0,0,0,0,0,0,0,0,1
18.57,4,0,0,26,2,20,2.9739977814079848,0.8660254037844386,0.5000000000000001,1,0,1,2,0,0,0,1,0
176.14,12,0,0,98,4,59,5.176940380381437,1.2246467991473532e-16,-1.0,0,1,0,1,0,0,0,1,0
40.57,13,0,0,47,2,29,3.727378753264546,-0.2588190451025208,-0.9659258262890683,0,0,0,0,0,0,0,0,1
68.27,8,0,0,67,0,66,4.238011912034514,0.8660254037844387,-0.4999999999999998,0,0,0,0,1,0,0,0,0
24.53,16,0,0,26,2,67,3.2398542312533927,-0.8660254037844385,-0.5000000000000004,0,0,1,1,0,0,0,0,1
246.28,2,0,0,77,1,57,5.5105212978238605,0.49999999999999994,0.8660254037844387,1,0,0,1,0,1,0,0,0
97.36,13,0,1,85,5,29,4.588634217347992,-0.2588190451025208,-0.9659258262890683,0,1,0,2,0,0,1,0,0
49.88,19,0,0,45,2,59,3.9294699190318667,-0.9659258262890684,0.2588190451025203,0,0,0,0,1,0,0,0,0
88.43,7,0,0,43,1,27,4.49345619635809,0.9659258262890683,-0.25881904510252063,0,0,0,0,0,0,0,0,1
579.45,3,0,0,39,1,39,6.363803664784045,0.7071067811865476,0.7071067811865476,1,0,1,2,0,0,1,0,0
164.53,23,0,0,27,3,26,5.109152447272074,-0.25881904510252157,0.9659258262890681,0,0,1,1,0,0,0,0,1
95.19,23,0,0,92,1,42,4.566325402164524,-0.25881904510252157,0.9659258262890681,0,0,0,0,1,0,0,0,0
451.06,14,0,0,30,6,69,6.113814914385443,-0.4999999999999997,-0.8660254037844388,0,1,1,2,0,0,0,1,0
168.53,9,0,0,60,2,59,5.133029902309862,0.7071067811865476,-0.7071067811865475,0,0,0,0,1,0,0,0,0
622.61,4,0,0,63,0,34,6.43552517297551,0.8660254037844386,0.5000000000000001,1,0,0,1,1,0,0,0,0
332.66,7,0,0,26,2,46,5.810122510427528,0.9659258262890683,-0.25881904510252063,0,0,1,1,0,0,1,0,0
294.66,19,0,0,65,2,50,5.689210145472944,-0.9659258262890684,0.2588190451025203,0,0,0,0,0,0,1,0,0
417.69,18,0,0,59,3,61,6.037130789291114,-1.0,-1.8369701987210297e-16,0,0,0,0,0,1,0,0,0
163.35,0,0,0,36,2,69,5.101998300110228,0.0,1.0,1,0,1,2,1,0,0,0,0
184.14,11,0,0,36,1,19,5.221112295639065,0.258819045102521,-0.9659258262890682,0,0,1,1,0,0,1,0,0
265.82,11,0,0,25,0,53,5.58657427375066,0.258819045102521,-0.9659258262890682,0,0,1,1,0,0,0,0,1
85.26,19,0,1,46,3,41,4.457365991219697,-0.9659258262890684,0.2588190451025203,0,0,0,1,1,0,0,0,0
132.66,3,0,0,45,2,59,4.895299262082924,0.7071067811865476,0.7071067811865476,1,0,0,1,0,0,1,0,0
98.89,11,1,1,95,0,34,4.604069580544058,0.258819045102521,-0.9659258262890682,0,0,0,2,0,0,0,0,1
916.39,9,0,0,90,4,68,6.82153268173305,0.7071067811865476,-0.7071067811865475,0,1,0,1,0,0,0,0,1
290.94,16,0,0,64,1,29,5.676548301702432,-0.8660254037844385,-0.5000000000000004,0,0,0,0,1,0,0,0,0
87.94,22,0,0,45,3,47,4.48796198508255,-0.5000000000000004,0.8660254037844384,0,0,0,0,1,0,0,0,0
82.13,10,0,0,95,2,53,4.420405647542997,0.49999999999999994,-0.8660254037844387,0,0,0,0,0,0,1,0,0
100.21,21,0,0,48,1,63,4.61719756620081,-0.7071067811865477,0.7071067811865474,0,0,0,0,1,0,0,0,0
31.15,8,1,1,67,2,69,3.4704124506836282,0.8660254037844387,-0.4999999999999998,0,0,0,2,1,0,0,0,0
3.58,21,0,0,81,1,69,1.5216989981260935,-0.7071067811865477,0.7071067811865474,0,0,0,0,0,0,0,1,0
342.87,1,1,1,55,2,65,5.840263678971818,0.25881904510252074,0.9659258262890683,1,0,0,3,0,0,1,0,0
586.28,20,0,0,71,2,62,6.375501707802526,-0.8660254037844386,0.5000000000000001,0,0,0,0,0,0,1,0,0
54.06,4,0,0,89,2,48,4.008423499714461,0.8660254037844386,0.5000000000000001,1,0,0,1,0,0,0,1,0
391.84,4,0,0,55,1,42,5.9734024042895735,0.8660254037844386,0.5000000000000001,1,0,0,1,0,0,0,1,0
180.13,18,1,0,62,2,44,5.199215005504826,-1.0,-1.8369701987210297e-16,0,0,0,1,0,0,1,0,0
66.74,21,0,0,31,4,42,4.215676847389625,-0.7071067811865477,0.7071067811865474,0,1,1,2,0,0,1,0,0
232.11,14,0,0,80,1,44,5.451510445164431,-0.4999999999999997,-0.8660254037844388,0,0,0,0,0,0,0,0,1
222.05,16,0,1,30,0,37,5.407395961574274,-0.8660254037844385,-0.5000000000000004,0,0,1,2,0,0,1,0,0
258.55,8,0,0,42,7,46,5.558949362273238,0.8660254037844387,-0.4999999999999998,0,1,0,1,0,0,1,0,0
95.29,1,0,0,93,1,60,4.567364471252192,0.25881904510252074,0.9659258262890683,1,0,0,1,0,1,0,0,0
93.64,22,1,0,75,0,39,4.550080219670131,-0.5000000000000004,0.8660254037844384,0,0,0,1,0,1,0,0,0
3.48,23,0,1,91,4,50,1.4996230464268938,-0.25881904510252157,0.9659258262890681,0,1,0,2,0,1,0,0,0
188.32,8,0,0,46,0,64,5.243438705038047,0.8660254037844387,-0.4999999999999998,0,0,0,0,1,0,0,0,0
89.78,7,1,0,54,1,22,4.508438997028319,0.9659258262890683,-0.25881904510252063,0,0,0,1,1,0,0,0,0
106.65,22,0,0,89,1,45,4.678885223810372,-0.5000000000000004,0.8660254037844384,0,0,0,0,0,0,0,0,1
119.93,14,0,0,91,1,32,4.795211865797184,-0.4999999999999997,-0.8660254037844388,0,0,0,0,1,0,0,0,0
334.28,21,0,0,27,1,51,5.814966003616816,-0.7071067811865477,0.7071067811865474,0,0,1,1,1,0,0,0,0
88.42,3,0,0,51,1,53,4.4933443708058345,0.7071067811865476,0.7071067811865476,1,0,0,1,0,0,0,1,0
443.85,10,0,0,57,2,39,6.097737146690776,0.49999999999999994,-0.8660254037844387,0,0,0,0,1,0,0,0,0
308.53,0,0,0,35,2,57,5.735055017960308,0.0,1.0,1,0,1,2,0,0,1,0,0
105.06,2,0,0,62,3,52,4.664004971708984,0.49999999999999994,0.8660254037844387,1,0,0,1,0,0,0,1,0
121.77,12,0,0,42,4,53,4.8103126861927485,1.2246467991473532e-16,-1.0,0,1,0,1,1,0,0,0,0
215.02,2,0,0,34,2,28,5.375370995990328,0.49999999999999994,0.8660254037844387,1,0,1,2,0,0,1,0,0
202.96,17,1,0,74,0,43,5.317923896186955,-0.9659258262890683,-0.25881904510252063,0,0,0,1,1,0,0,0,0
118.76,23,0,0,95,2,32,4.785489740111373,-0.25881904510252157,0.9659258262890681,0,0,0,0,0,0,0,0,1
113.03,11,0,0,86,4,28,4.736461571669267,0.258819045102521,-0.9659258262890682,0,1,0,1,0,0,1,0,0
13.74,10,0,0,56,1,63,2.6905648867611904,0.49999999999999994,-0.8660254037844387,0,0,0,0,0,0,0,1,0
131.49,1,0,0,40,3,64,4.886507170880032,0.25881904510252074,0.9659258262890683,1,0,0,1,0,0,1,0,0
225.76,6,1,0,62,5,37,5.423892189456103,1.0,6.123233995736766e-17,0,1,0,2,0,0,0,1,0
22.75,23,0,0,48,2,59,3.1675825304806504,-0.25881904510252157,0.9659258262890681,0,0,0,0,1,0,0,0,0
370.2,8,0,0,73,4,68,5.916741000912046,0.8660254037844387,-0.4999999999999998,0,1,0,1,0,0,0,1,0
3.74,16,0,0,58,2,28,1.556037135706985,-0.8660254037844385,-0.5000000000000004,0,0,0,0,0,0,0,1,0
33.91,14,1,0,62,1,63,3.5527733211169448,-0.4999999999999997,-0.8660254037844388,0,0,0,1,1,0,0,0,0
63.25,6,0,1,29,1,34,4.162781723775329,1.0,6.123233995736766e-17,0,0,1,2,0,0,0,0,1
40.07,23,0,0,45,2,61,3.7152779279684673,-0.25881904510252157,0.9659258262890681,0,0,0,0,0,0,0,0,1
46.73,13,0,0,40,1,28,3.865560131017805,-0.2588190451025208,-0.9659258262890683,0,0,0,0,0,1,0,0,0
41.12,7,0,0,72,1,63,3.740522687265775,0.9659258262890683,-0.25881904510252063,0,0,0,0,1,0,0,0,0
42.89,8,0,0,59,2,53,3.7816865037001426,0.8660254037844387,-0.4999999999999998,0,0,0,0,0,0,0,1,0
18.81,3,0,0,45,1,37,2.9861868607104594,0.7071067811865476,0.7071067811865476,1,0,0,1,0,0,1,0,0
159.97,18,0,0,33,3,36,5.081218012218138,-1.0,-1.8369701987210297e-16,0,0,1,1,0,1,0,0,0
128.55,0,0,0,72,1,69,4.8640669070081195,0.0,1.0,1,0,0,1,0,1,0,0,0
72.52,7,0,0,60,1,61,4.297557478047431,0.9659258262890683,-0.25881904510252063,0,0,0,0,1,0,0,0,0
311.1,16,0,0,99,0,51,5.743323649276734,-0.8660254037844385,-0.5000000000000004,0,0,0,0,0,0,0,0,1
76.71,15,0,0,89,1,18,4.352983949221151,-0.7071067811865471,-0.7071067811865479,0,0,0,0,0,0,0,1,0
202.19,11,0,0,46,1,44,5.314141501894922,0.258819045102521,-0.9659258262890682,0,0,0,0,1,0,0,0,0
123.61,0,1,0,89,2,54,4.8251888599547765,0.0,1.0,1,0,0,2,0,1,0,0,0
102.06,6,1,1,45,4,65,4.635311342900078,1.0,6.123233995736766e-17,0,1,0,3,1,0,0,0,0
7.23,7,0,0,78,1,66,2.1077860146889784,0.9659258262890683,-0.25881904510252063,0,0,0,0,0,0,0,1,0
95.61,0,0,0,69,2,20,4.570682255529419,0.0,1.0,1,0,0,1,1,0,0,0,0
52.34,0,0,0,76,0,43,3.9766865187538682,0.0,1.0,1,0,0,1,1,0,0,0,0
570.38,9,0,0,94,1,32,6.34805448743401,0.7071067811865476,-0.7071067811865475,0,0,0,0,1,0,0,0,0
169.78,18,1,0,97,5,48,5.14037617847946,-1.0,-1.8369701987210297e-16,0,1,0,2,0,0,0,1,0
82.86,17,0,0,91,0,44,4.429148741742616,-0.9659258262890683,-0.25881904510252063,0,0,0,0,0,0,0,0,1
64.44,18,0,0,42,0,67,4.181133692294492,-1.0,-1.8369701987210297e-16,0,0,0,0,0,0,1,0,0
59.95,2,0,0,82,4,26,4.110053855927281,0.49999999999999994,0.8660254037844387,1,1,0,2,0,1,0,0,0
44.14,17,1,0,45,1,59,3.8097687713893897,-0.9659258262890683,-0.25881904510252063,0,0,0,1,0,1,0,0,0
127.8,21,0,0,64,2,44,4.858260813670253,-0.7071067811865477,0.7071067811865474,0,0,0,0,0,0,1,0,0
95.82,20,0,0,94,1,27,4.572853584511548,-0.8660254037844386,0.5000000000000001,0,0,0,0,0,1,0,0,0
49.87,15,1,0,79,1,68,3.9292733588346738,-0.7071067811865471,-0.7071067811865479,0,0,0,1,0,1,0,0,0
138.6,1,0,1,69,0,54,4.938781190328272,0.25881904510252074,0.9659258262890683,1,0,0,2,1,0,0,0,0
236.02,12,0,0,71,3,61,5.4681445257603025,1.2246467991473532e-16,-1.0,0,0,0,0,0,0,0,0,1
214.93,23,0,0,92,1,43,5.37495428108674,-0.25881904510252157,0.9659258262890681,0,0,0,0,0,0,1,0,0
72.67,12,0,0,83,1,19,4.299595660694722,1.2246467991473532e-16,-1.0,0,0,0,0,0,0,0,0,1
38.14,21,0,0,42,3,33,3.66714496196793,-0.7071067811865477,0.7071067811865474,0,0,0,0,0,0,0,1,0
383.11,4,0,0,67,4,29,5.950928969899706,0.8660254037844386,0.5000000000000001,1,1,0,2,0,1,0,0,0
230.07,12,1,0,34,2,25,5.442720694920415,1.2246467991473532e-16,-1.0,0,0,1,2,0,0,0,1,0
134.77,22,0,0,84,1,66,4.91096227761219,-0.5000000000000004,0.8660254037844384,0,0,0,0,0,0,0,0,1
75.05,1,0,0,46,4,28,4.331391018705302,0.25881904510252074,0.9659258262890683,1,1,0,2,0,0,0,0,1
155.33,4,0,0,52,0,23,5.051969157589233,0.8660254037844386,0.5000000000000001,1,0,0,1,0,0,0,1,0
3.87,17,0,0,60,1,50,1.5830939370944985,-0.9659258262890683,-0.25881904510252063,0,0,0,0,0,0,1,0,0
199.03,22,1,0,32,2,59,5.298467355299161,-0.5000000000000004,0.8660254037844384,0,0,1,2,0,0,0,1,0
12.0,16,0,0,55,1,45,2.5649493574615367,-0.8660254037844385,-0.5000000000000004,0,0,0,0,0,0,1,0,0
128.31,3,0,0,41,1,23,4.86221262230776,0.7071067811865476,0.7071067811865476,1,0,0,1,0,0,0,0,1
211.92,13,0,0,87,1,69,5.360916508304556,-0.2588190451025208,-0.9659258262890683,0,0,0,0,0,0,0,1,0
317.04,6,0,0,46,1,58,5.762177161033283,1.0,6.123233995736766e-17,0,0,0,0,0,0,1,0,0
19.34,2,1,0,91,0,40,3.012589390620414,0.49999999999999994,0.8660254037844387,1,0,0,2,1,0,0,0,0
166.36,17,0,0,31,1,28,5.120147180876558,-0.9659258262890683,-0.25881904510252063,0,0,1,1,0,0,0,1,0
91.05,1,0,0,28,3,60,4.522331907679087,0.25881904510252074,0.9659258262890683,1,0,1,2,0,0,0,1,0
376.17,5,0,0,83,1,24,5.932696014192324,0.9659258262890683,0.25881904510252074,1,0,0,1,0,0,1,0,0
380.65,7,0,0,37,1,58,5.944503958244479,0.9659258262890683,-0.25881904510252063,0,0,1,1,0,0,1,0,0
519.14,12,0,0,73,2,43,6.254098006108604,1.2246467991473532e-16,-1.0,0,0,0,0,0,0,0,0,1
169.12,15,1,0,68,1,43,5.136504070385433,-0.7071067811865471,-0.7071067811865479,0,0,0,1,1,0,0,0,0
20.37,5,0,0,87,1,43,3.0619880693310564,0.9659258262890683,0.25881904510252074,1,0,0,1,0,0,1,0,0
312.49,11,0,0,77,1,42,5.747767461637591,0.258819045102521,-0.9659258262890682,0,0,0,0,0,0,0,0,1
470.1,13,0,0,91,2,56,6.155070385705995,-0.2588190451025208,-0.9659258262890683,0,0,0,0,0,0,0,1,0
370.18,2,0,0,56,2,68,5.916687120150159,0.49999999999999994,0.8660254037844387,1,0,0,1,1,0,0,0,0
29.34,14,0,0,66,1,29,3.4124669739203863,-0.4999999999999997,-0.8660254037844388,0,0,0,0,0,0,0,1,0
182.12,10,1,0,88,2,33,5.210141675644311,0.49999999999999994,-0.8660254037844387,0,0,0,1,0,0,1,0,0
55.47,17,0,0,45,1,66,4.033709523684745,-0.9659258262890683,-0.25881904510252063,0,0,0,0,0,0,0,0,1
66.19,15,0,0,73,0,42,4.207524426932059,-0.7071067811865471,-0.7071067811865479,0,0,0,0,0,1,0,0,0
46.95,1,1,1,55,2,50,3.8701588013294472,0.25881904510252074,0.9659258262890683,1,0,0,3,0,0,0,0,1
337.12,1,0,0,54,4,18,5.823400862060727,0.25881904510252074,0.9659258262890683,1,1,0,2,1,0,0,0,0
197.67,15,0,0,47,2,59,5.291645156779972,-0.7071067811865471,-0.7071067811865479,0,0,0,0,0,0,0,1,0
388.13,9,0,0,43,4,19,5.963913478020691,0.7071067811865476,-0.7071067811865475,0,1,0,1,0,0,0,0,1
96.64,23,1,0,40,2,36,4.581287245524759,-0.25881904510252157,0.9659258262890681,0,0,0,1,1,0,0,0,0
375.61,21,0,1,31,0,26,5.931210169242796,-0.7071067811865477,0.7071067811865474,0,0,1,2,0,1,0,0,0
126.99,5,0,0,57,3,24,4.8519521358677,0.9659258262890683,0.25881904510252074,1,0,0,1,0,1,0,0,0
221.35,15,1,1,69,2,59,5.404252716956705,-0.7071067811865471,-0.7071067811865479,0,0,0,2,0,0,0,0,1
22.7,8,0,0,59,1,44,3.1654750481410856,0.8660254037844387,-0.4999999999999998,0,0,0,0,0,0,0,0,1
35.68,16,0,0,32,2,42,3.602231647388264,-0.8660254037844385,-0.5000000000000004,0,0,1,1,1,0,0,0,0
218.08,11,0,0,86,3,25,5.38943695991552,0.258819045102521,-0.9659258262890682,0,0,0,0,0,0,1,0,0
181.46,17,0,0,73,3,57,5.206530970917329,-0.9659258262890683,-0.25881904510252063,0,0,0,0,1,0,0,0,0
267.6,0,0,0,67,2,46,5.593223284089137,0.0,1.0,1,0,0,1,0,0,0,1,0
53.29,0,0,0,33,5,58,3.9943400479173596,0.0,1.0,1,1,1,3,0,0,0,1,0
363.34,13,0,0,85,1,53,5.898087497602683,-0.2588190451025208,-0.9659258262890683,0,0,0,0,0,1,0,0,0
171.07,14,0,0,43,3,58,5.147901370765066,-0.4999999999999997,-0.8660254037844388,0,0,0,0,0,0,1,0,0
121.59,20,0,0,54,1,38,4.808845454106903,-0.8660254037844386,0.5000000000000001,0,0,0,0,0,0,0,0,1
49.82,13,0,0,26,1,62,3.928289977892018,-0.2588190451025208,-0.9659258262890683,0,0,1,1,0,0,0,1,0
556.0,6,0,0,90,4,61,6.322565239927284,1.0,6.123233995736766e-17,0,1,0,1,0,0,0,0,1
79.42,13,0,0,39,3,43,4.387262901469128,-0.2588190451025208,-0.9659258262890683,0,0,1,1,0,0,1,0,0
643.63,10,0,0,93,1,50,6.468676508788589,0.49999999999999994,-0.8660254037844387,0,0,0,0,0,0,0,0,1
531.41,11,0,0,79,1,40,6.277413869214583,0.258819045102521,-0.9659258262890682,0,0,0,0,1,0,0,0,0
339.06,12,1,0,90,1,28,5.82912207262934,1.2246467991473532e-16,-1.0,0,0,0,1,0,0,0,1,0
74.48,15,0,0,41,1,65,4.32386772050035,-0.7071067811865471,-0.7071067811865479,0,0,0,0,1,0,0,0,0
671.45,6,0,0,68,0,25,6.510927759269558,1.0,6.123233995736766e-17,0,0,0,0,0,0,1,0,0
344.55,6,1,0,93,2,41,5.845137350537404,1.0,6.123233995736766e-17,0,0,0,1,1,0,0,0,0
94.98,11,0,0,29,1,63,4.564139836430099,0.258819045102521,-0.9659258262890682,0,0,1,1,0,0,0,0,1
221.29,16,0,0,55,3,62,5.403982835702818,-0.8660254037844385,-0.5000000000000004,0,0,0,0,0,1,0,0,0
16.47,18,0,0,52,4,65,2.8604851241459652,-1.0,-1.8369701987210297e-16,0,1,0,1,1,0,0,0,0
146.91,17,0,0,91,1,38,4.996603980683279,-0.9659258262890683,-0.25881904510252063,0,0,0,0,0,0,0,0,1
100.89,2,0,0,61,2,47,4.6238937999861935,0.49999999999999994,0.8660254037844387,1,0,0,1,1,0,0,0,0
393.37,18,0,0,69,5,64,5.977289554926676,-1.0,-1.8369701987210297e-16,0,1,0,1,0,0,0,1,0
161.8,6,1,0,43,4,43,5.09252245356844,1.0,6.123233995736766e-17,0,1,0,2,0,0,1,0,0
36.7,0,0,0,79,3,60,3.629660094453965,0.0,1.0,1,0,0,1,0,0,0,0,1
111.68,9,0,0,79,4,40,4.724551943008172,0.7071067811865476,-0.7071067811865475,0,1,0,1,0,0,1,0,0
186.53,0,0,0,91,1,46,5.23393883261183,0.0,1.0,1,0,0,1,0,0,0,0,1
248.35,19,0,1,85,3,32,5.518857531992132,-0.9659258262890684,0.2588190451025203,0,0,0,1,0,1,0,0,0
166.51,14,0,0,87,3,40,5.1210430509755955,-0.4999999999999997,-0.8660254037844388,0,0,0,0,1,0,0,0,0
58.5,3,0,0,95,4,19,4.085976312551584,0.7071067811865476,0.7071067811865476,1,1,0,2,0,0,0,0,1
159.0,4,0,0,49,3,57,5.075173815233827,0.8660254037844386,0.5000000000000001,1,0,0,1,0,0,1,0,0
529.29,11,0,0,82,0,57,6.273424026714671,0.258819045102521,-0.9659258262890682,0,0,0,0,0,1,0,0,0
12.81,8,0,0,49,3,20,2.6253929674212007,0.8660254037844387,-0.4999999999999998,0,0,0,0,1,0,0,0,0
9.16,8,0,0,69,6,25,2.318458442150336,0.8660254037844387,-0.4999999999999998,0,1,0,1,1,0,0,0,0
24.15,2,0,0,93,2,36,3.224857896545748,0.49999999999999994,0.8660254037844387,1,0,0,1,0,0,0,1,0
65.22,3,0,0,36,3,37,4.1929825321191005,0.7071067811865476,0.7071067811865476,1,0,1,2,0,0,0,0,1
25.2,10,0,0,65,0,40,3.265759410767051,0.49999999999999994,-0.8660254037844387,0,0,0,0,0,0,1,0,0
204.63,21,0,1,79,2,68,5.326078437333427,-0.7071067811865477,0.7071067811865474,0,0,0,1,1,0,0,0,0
10.86,13,0,1,54,3,34,2.4731713935695794,-0.2588190451025208,-0.9659258262890683,0,0,0,1,0,0,0,1,0
158.68,23,0,0,68,2,42,5.073171812563154,-0.25881904510252157,0.9659258262890681,0,0,0,0,1,0,0,0,0
148.33,23,0,0,72,2,41,5.006158622069178,-0.25881904510252157,0.9659258262890681,0,0,0,0,0,1,0,0,0
122.83,19,0,0,77,2,61,4.818909657227008,-0.9659258262890684,0.2588190451025203,0,0,0,0,0,0,0,0,1
63.27,22,0,0,77,3,39,4.163092959383195,-0.5000000000000004,0.8660254037844384,0,0,0,0,1,0,0,0,0
213.76,21,0,0,49,1,51,5.3695211255543684,-0.7071067811865477,0.7071067811865474,0,0,0,0,0,0,0,0,1
242.18,18,0,0,94,2,52,5.493801909868272,-1.0,-1.8369701987210297e-16,0,0,0,0,0,0,0,1,0
28.72,1,0,0,39,3,48,3.391820219849558,0.25881904510252074,0.9659258262890683,1,0,1,2,0,0,0,1,0
281.54,16,1,0,41,2,40,5.643820133483518,-0.8660254037844385,-0.5000000000000004,0,0,0,1,0,0,0,1,0
20.05,17,0,0,79,2,63,3.0469005601283903,-0.9659258262890683,-0.25881904510252063,0,0,0,0,0,0,1,0,0
696.28,8,0,0,32,1,50,6.547187051756255,0.8660254037844387,-0.4999999999999998,0,0,1,1,0,0,1,0,0
326.76,17,0,0,39,2,62,5.792281633238615,-0.9659258262890683,-0.25881904510252063,0,0,1,1,0,0,0,1,0
202.94,0,0,0,68,4,33,5.317825832936079,0.0,1.0,1,1,0,2,1,0,0,0,0
180.56,22,0,0,61,1,46,5.201586177588265,-0.5000000000000004,0.8660254037844384,0,0,0,0,0,1,0,0,0
164.5,1,0,0,76,1,65,5.1089711948171175,0.25881904510252074,0.9659258262890683,1,0,0,1,0,0,1,0,0
172.42,6,0,0,56,0,30,5.155716397949014,1.0,6.123233995736766e-17,0,0,0,0,0,1,0,0,0
664.63,2,0,0,51,1,36,6.5007339606066665,0.49999999999999994,0.8660254037844387,1,0,0,1,0,0,1,0,0
39.6,12,0,0,37,0,29,3.703768066607687,1.2246467991473532e-16,-1.0,0,0,1,1,0,0,0,0,1
72.75,14,0,1,59,2,32,4.300680995219929,-0.4999999999999997,-0.8660254037844388,0,0,0,1,0,0,1,0,0
296.7,10,0,0,97,1,48,5.69608626802173,0.49999999999999994,-0.8660254037844387,0,0,0,0,0,1,0,0,0
139.03,2,0,0,91,5,27,4.941856685367686,0.49999999999999994,0.8660254037844387,1,1,0,2,0,0,0,0,1
191.36,12,0,0,71,1,48,5.259368616409462,1.2246467991473532e-16,-1.0,0,0,0,0,0,0,0,1,0
15.95,13,0,0,92,1,40,2.830267833826459,-0.2588190451025208,-0.9659258262890683,0,0,0,0,0,0,0,0,1
39.23,3,0,0,37,1,38,3.694612985961697,0.7071067811865476,0.7071067811865476,1,0,1,2,0,0,0,0,1
75.36,22,1,0,96,0,36,4.335458998857547,-0.5000000000000004,0.8660254037844384,0,0,0,1,1,0,0,0,0
54.86,17,0,0,51,0,68,4.022848560517031,-0.9659258262890683,-0.25881904510252063,0,0,0,0,1,0,0,0,0
168.1,21,0,0,51,2,50,5.130490255904535,-0.7071067811865477,0.7071067811865474,0,0,0,0,1,0,0,0,0
521.26,21,0,0,77,1,55,6.25816554817102,-0.7071067811865477,0.7071067811865474,0,0,0,0,1,0,0,0,0
233.02,0,0,1,98,2,54,5.455406581790812,0.0,1.0,1,0,0,2,0,0,0,1,0
125.64,8,0,0,66,0,34,4.841348415572757,0.8660254037844387,-0.4999999999999998,0,0,0,0,0,0,0,1,0
33.01,22,1,0,38,1,44,3.526654599019104,-0.5000000000000004,0.8660254037844384,0,0,1,2,0,1,0,0,0
636.69,18,0,0,28,2,30,6.457852271843403,-1.0,-1.8369701987210297e-16,0,0,1,1,1,0,0,0,0
57.14,15,0,0,48,4,40,4.06285389513073,-0.7071067811865471,-0.7071067811865479,0,1,0,1,0,0,1,0,0
19.56,2,0,0,78,1,57,3.0233474405869645,0.49999999999999994,0.8660254037844387,1,0,0,1,1,0,0,0,0
8.05,18,0,0,25,1,65,2.2027647577118348,-1.0,-1.8369701987210297e-16,0,0,1,1,1,0,0,0,0
17.34,18,0,0,98,3,30,2.9090844668283187,-1.0,-1.8369701987210297e-16,0,0,0,0,0,0,0,1,0
106.44,13,0,0,32,0,64,4.676932552214982,-0.2588190451025208,-0.9659258262890683,0,0,1,1,0,0,1,0,0
370.68,13,0,0,66,4,58,5.918033269022099,-0.2588190451025208,-0.9659258262890683,0,1,0,1,0,0,0,1,0
51.78,7,0,0,80,1,36,3.966132331075178,0.9659258262890683,-0.25881904510252063,0,0,0,0,0,0,1,0,0
111.79,18,0,0,31,2,35,4.725527682651825,-1.0,-1.8369701987210297e-16,0,0,1,1,1,0,0,0,0
138.04,6,0,0,70,1,35,4.934761661517082,1.0,6.123233995736766e-17,0,0,0,0,0,0,0,1,0
77.62,15,0,0,29,0,39,4.364626119993714,-0.7071067811865471,-0.7071067811865479,0,0,1,1,0,1,0,0,0
275.15,8,0,0,64,2,38,5.620944196347197,0.8660254037844387,-0.4999999999999998,0,0,0,0,0,0,0,0,1
29.67,11,0,1,72,1,22,3.4232849781261603,0.258819045102521,-0.9659258262890682,0,0,0,1,0,0,0,0,1
122.22,23,0,0,75,3,66,4.813971375586425,-0.25881904510252157,0.9659258262890681,0,0,0,0,1,0,0,0,0
9.16,9,0,0,40,1,22,2.318458442150336,0.7071067811865476,-0.7071067811865475,0,0,0,0,1,0,0,0,0
149.06,15,0,0,99,0,31,5.011035214117583,-0.7071067811865471,-0.7071067811865479,0,0,0,0,0,0,0,0,1
277.23,17,0,1,43,2,66,5.628448109764594,-0.9659258262890683,-0.25881904510252063,0,0,0,1,1,0,0,0,0
234.68,4,0,0,34,1,45,5.46247495271432,0.8660254037844386,0.5000000000000001,1,0,1,2,0,0,0,0,1
6.7,17,1,0,98,4,30,2.0412203288596382,-0.9659258262890683,-0.25881904510252063,0,1,0,2,1,0,0,0,0
5.94,5,1,0,96,1,56,1.937301774518713,0.9659258262890683,0.25881904510252074,1,0,0,2,0,1,0,0,0
19.53,19,1,0,39,6,40,3.0218872310308424,-0.9659258262890684,0.2588190451025203,0,1,1,3,0,1,0,0,0
14.15,11,0,0,74,1,57,2.7180005319553784,0.258819045102521,-0.9659258262890682,0,0,0,0,0,1,0,0,0
450.71,3,0,0,85,3,20,6.113040381003062,0.7071067811865476,0.7071067811865476,1,0,0,1,0,0,1,0,0
103.33,9,0,0,60,6,19,4.647558952479878,0.7071067811865476,-0.7071067811865475,0,1,0,1,0,0,0,0,1
569.72,12,0,0,41,1,52,6.346898721610581,1.2246467991473532e-16,-1.0,0,0,0,0,0,0,0,1,0
51.7,15,1,1,72,1,39,3.9646154555473165,-0.7071067811865471,-0.7071067811865479,0,0,0,2,0,0,0,0,1
244.92,16,0,0,34,3,18,5.505006279790286,-0.8660254037844385,-0.5000000000000004,0,0,1,1,0,1,0,0,0
214.8,10,0,0,82,2,62,5.374352052824034,0.49999999999999994,-0.8660254037844387,0,0,0,0,0,0,0,0,1
674.8,11,0,0,82,3,25,6.515897174280189,0.258819045102521,-0.9659258262890682,0,0,0,0,0,1,0,0,0
9.1,19,1,0,31,2,57,2.312535423847214,-0.9659258262890684,0.2588190451025203,0,0,1,2,0,0,0,1,0
83.31,14,0,0,48,3,58,4.434500481934585,-0.4999999999999997,-0.8660254037844388,0,0,0,0,0,0,1,0,0
150.79,22,0,1,85,2,29,5.022497986638768,-0.5000000000000004,0.8660254037844384,0,0,0,1,0,0,1,0,0
20.69,10,0,0,84,2,41,3.076851324838783,0.49999999999999994,-0.8660254037844387,0,0,0,0,0,1,0,0,0
320.28,22,0,0,30,0,50,5.7723130170633095,-0.5000000000000004,0.8660254037844384,0,0,1,1,1,0,0,0,0
70.57,10,0,0,99,1,47,4.270675991750506,0.49999999999999994,-0.8660254037844387,0,0,0,0,0,0,0,0,1
73.2,20,1,0,88,0,52,4.3067641501733345,-0.8660254037844386,0.5000000000000001,0,0,0,1,0,0,1,0,0
12.68,16,0,0,94,4,47,2.615934912194404,-0.8660254037844385,-0.5000000000000004,0,1,0,1,1,0,0,0,0
329.99,8,0,0,37,3,36,5.802088163440325,0.8660254037844387,-0.4999999999999998,0,0,1,1,1,0,0,0,0
16.38,20,0,0,67,3,22,2.8553201198372458,-0.8660254037844386,0.5000000000000001,0,0,0,0,1,0,0,0,0
270.35,18,0,0,64,2,36,5.6034095005094136,-1.0,-1.8369701987210297e-16,0,0,0,0,0,1,0,0,0
3.28,8,1,0,62,2,35,1.4539530095937052,0.8660254037844387,-0.4999999999999998,0,0,0,1,1,0,0,0,0
182.97,17,0,0,58,3,18,5.214772700837692,-0.9659258262890683,-0.25881904510252063,0,0,0,0,0,1,0,0,0
74.39,4,0,0,65,0,57,4.32267464022361,0.8660254037844386,0.5000000000000001,1,0,0,1,0,0,0,1,0
273.14,7,0,0,57,5,21,5.613638924803235,0.9659258262890683,-0.25881904510252063,0,1,0,1,0,0,1,0,0
42.84,18,0,0,68,3,19,3.7805466426397603,-1.0,-1.8369701987210297e-16,0,0,0,0,0,0,1,0,0
95.51,18,0,0,83,2,43,4.569646629919045,-1.0,-1.8369701987210297e-16,0,0,0,0,0,1,0,0,0
101.13,20,0,0,77,1,54,4.626246511590008,-0.8660254037844386,0.5000000000000001,0,0,0,0,0,0,1,0,0
399.18,17,0,0,59,0,39,5.991914445888347,-0.9659258262890683,-0.25881904510252063,0,0,0,0,0,0,1,0,0
92.86,0,0,0,92,2,38,4.541804310366271,0.0,1.0,1,0,0,1,0,1,0,0,0
68.49,0,0,0,33,1,50,4.241182857326236,0.0,1.0,1,0,1,2,1,0,0,0,0
376.62,18,0,0,31,2,54,5.933888398970386,-1.0,-1.8369701987210297e-16,0,0,1,1,0,0,0,0,1
435.11,0,0,0,55,3,50,6.077894505106343,0.0,1.0,1,0,0,1,0,0,1,0,0
327.04,12,0,1,25,1,41,5.79313555216821,1.2246467991473532e-16,-1.0,0,0,1,2,0,0,0,0,1
509.07,14,0,1,93,2,27,6.23454797120174,-0.4999999999999997,-0.8660254037844388,0,0,0,1,1,0,0,0,0
207.78,15,0,0,58,3,62,5.341281065980152,-0.7071067811865471,-0.7071067811865479,0,0,0,0,0,1,0,0,0
88.18,12,0,0,77,0,55,4.49065679919933,1.2246467991473532e-16,-1.0,0,0,0,0,0,0,0,0,1
33.29,2,0,0,57,1,47,3.534853766474829,0.49999999999999994,0.8660254037844387,1,0,0,1,0,1,0,0,0
147.73,9,0,0,60,2,49,5.002132581604506,0.7071067811865476,-0.7071067811865475,0,0,0,0,1,0,0,0,0
44.21,22,0,0,59,2,60,3.811318301306514,-0.5000000000000004,0.8660254037844384,0,0,0,0,0,1,0,0,0
419.12,8,1,1,82,6,18,6.040540384754575,0.8660254037844387,-0.4999999999999998,0,1,0,3,0,1,0,0,0
110.79,21,0,0,63,0,38,4.716622111282234,-0.7071067811865477,0.7071067811865474,0,0,0,0,0,0,0,1,0
89.8,4,0,0,44,3,45,4.508659285607248,0.8660254037844386,0.5000000000000001,1,0,0,1,0,1,0,0,0
116.15,16,0,0,86,1,59,4.763455164953805,-0.8660254037844385,-0.5000000000000004,0,0,0,0,0,0,1,0,0
50.78,0,1,0,53,4,28,3.947003974323392,0.0,1.0,1,1,0,3,0,0,1,0,0
39.15,14,0,0,39,1,59,3.6926224403927708,-0.4999999999999997,-0.8660254037844388,0,0,1,1,0,1,0,0,0
20.04,8,0,0,39,3,21,3.046425387869509,0.8660254037844387,-0.4999999999999998,0,0,1,1,0,0,0,1,0
75.4,15,0,0,29,1,57,4.335982696172475,-0.7071067811865471,-0.7071067811865479,0,0,1,1,1,0,0,0,0
75.6,15,0,0,45,1,40,4.338597076746545,-0.7071067811865471,-0.7071067811865479,0,0,0,0,1,0,0,0,0
324.3,13,0,0,57,0,26,5.784747833479305,-0.2588190451025208,-0.9659258262890683,0,0,0,0,0,0,1,0,0
175.79,22,1,0,57,3,61,5.174962587517932,-0.5000000000000004,0.8660254037844384,0,0,0,1,0,1,0,0,0
95.31,5,0,0,52,2,36,4.567572155572773,0.9659258262890683,0.25881904510252074,1,0,0,1,1,0,0,0,0
10.73,1,0,0,84,3,48,2.462149662665384,0.25881904510252074,0.9659258262890683,1,0,0,1,0,0,0,1,0
237.29,7,0,0,57,3,57,5.47348841931315,0.9659258262890683,-0.25881904510252063,0,0,0,0,0,0,0,1,0
19.44,3,1,0,85,3,34,3.017493765335504,0.7071067811865476,0.7071067811865476,1,0,0,2,1,0,0,0,0
109.36,10,0,0,68,4,28,4.703747749349085,0.49999999999999994,-0.8660254037844387,0,1,0,1,0,0,0,1,0
234.97,22,1,1,69,0,19,5.463704678301283,-0.5000000000000004,0.8660254037844384,0,0,0,2,0,1,0,0,0
108.96,9,0,0,51,3,23,4.700116663297045,0.7071067811865476,-0.7071067811865475,0,0,0,0,0,0,1,0,0
45.97,5,0,1,50,1,49,3.8495091000389037,0.9659258262890683,0.25881904510252074,1,0,0,2,0,0,0,0,1
272.42,13,0,0,62,3,67,5.611009074503846,-0.2588190451025208,-0.9659258262890683,0,0,0,0,0,0,1,0,0
101.95,17,0,0,83,2,63,4.634243433473799,-0.9659258262890683,-0.25881904510252063,0,0,0,0,0,0,1,0,0
501.82,19,0,0,64,2,59,6.220232253172413,-0.9659258262890684,0.2588190451025203,0,0,0,0,0,0,0,1,0
87.36,14,1,0,86,0,25,4.481419378551917,-0.4999999999999997,-0.8660254037844388,0,0,0,1,1,0,0,0,0
13.2,4,1,0,47,1,30,2.653241964607215,0.8660254037844386,0.5000000000000001,1,0,0,2,0,0,1,0,0
173.97,14,0,0,78,4,68,5.164614530656529,-0.4999999999999997,-0.8660254037844388,0,1,0,1,1,0,0,0,0
31.43,7,0,0,84,4,59,3.4790839203192268,0.9659258262890683,-0.25881904510252063,0,1,0,1,0,0,0,1,0
554.76,7,0,0,62,0,63,6.320336546384626,0.9659258262890683,-0.25881904510252063,0,0,0,0,0,1,0,0,0
13.59,13,0,0,94,3,63,2.6803363625346943,-0.2588190451025208,-0.9659258262890683,0,0,0,0,0,0,0,1,0
116.67,7,0,0,96,2,68,4.7678840964758376,0.9659258262890683,-0.25881904510252063,0,0,0,0,0,0,0,0,1
34.89,15,0,0,59,2,57,3.580458705159516,-0.7071067811865471,-0.7071067811865479,0,0,0,0,0,0,0,1,0
147.12,18,0,0,30,4,60,4.998022756045412,-1.0,-1.8369701987210297e-16,0,1,1,2,0,0,1,0,0
54.79,8,0,0,99,2,51,4.021594641857437,0.8660254037844387,-0.4999999999999998,0,0,0,0,0,0,1,0,0
99.72,9,1,1,62,1,29,4.612344389736092,0.7071067811865476,-0.7071067811865475,0,0,0,2,0,0,1,0,0
93.94,18,0,1,51,1,62,4.553245113123172,-1.0,-1.8369701987210297e-16,0,0,0,1,0,0,0,0,1
187.96,11,0,0,45,1,67,5.241535352449052,0.258819045102521,-0.9659258262890682,0,0,0,0,0,0,1,0,0
94.77,10,1,0,56,1,31,4.561949483533528,0.49999999999999994,-0.8660254037844387,0,0,0,1,0,0,0,1,0
4.95,6,0,0,41,1,58,1.7833912195575383,1.0,6.123233995736766e-17,0,0,0,0,0,1,0,0,0
125.72,16,0,1,80,3,20,4.841979928066116,-0.8660254037844385,-0.5000000000000004,0,0,0,1,0,0,1,0,0
505.91,11,0,0,29,1,52,6.228333473040668,0.258819045102521,-0.9659258262890682,0,0,1,1,1,0,0,0,0
213.95,5,0,0,91,4,18,5.370405442942291,0.9659258262890683,0.25881904510252074,1,1,0,2,0,0,1,0,0
91.12,4,0,0,56,7,41,4.523092074952484,0.8660254037844386,0.5000000000000001,1,1,0,2,1,0,0,0,0
162.46,4,0,0,82,2,26,5.096568312087983,0.8660254037844386,0.5000000000000001,1,0,0,1,0,0,0,1,0
90.77,12,0,0,64,1,23,4.519285446830922,1.2246467991473532e-16,-1.0,0,0,0,0,0,0,0,0,1
380.57,1,0,0,81,3,49,5.944294320131503,0.25881904510252074,0.9659258262890683,1,0,0,1,0,0,1,0,0
471.12,8,0,0,30,2,29,6.157233190560868,0.8660254037844387,-0.4999999999999998,0,0,1,1,1,0,0,0,0
185.68,0,0,0,88,2,29,5.229395921081615,0.0,1.0,1,0,0,1,0,1,0,0,0
60.43,23,0,0,55,1,60,4.117898315175836,-0.25881904510252157,0.9659258262890681,0,0,0,0,1,0,0,0,0
186.54,12,0,1,52,0,28,5.233992155991479,1.2246467991473532e-16,-1.0,0,0,0,1,0,0,1,0,0
331.49,20,0,0,91,2,52,5.806609784455671,-0.8660254037844386,0.5000000000000001,0,0,0,0,1,0,0,0,0
16.84,6,0,0,72,6,52,2.8814431271518632,1.0,6.123233995736766e-17,0,1,0,1,0,0,0,0,1
27.78,8,0,0,94,4,35,3.359680701459222,0.8660254037844387,-0.4999999999999998,0,1,0,1,1,0,0,0,0
129.39,3,0,0,64,0,51,4.87052995943538,0.7071067811865476,0.7071067811865476,1,0,0,1,1,0,0,0,0
252.83,9,0,0,83,4,18,5.536664751604519,0.7071067811865476,-0.7071067811865475,0,1,0,1,0,0,0,0,1
138.81,23,1,0,69,2,49,4.940284357999733,-0.25881904510252157,0.9659258262890681,0,0,0,1,0,1,0,0,0
73.54,12,0,0,98,2,38,4.311335894051113,1.2246467991473532e-16,-1.0,0,0,0,0,0,0,1,0,0
175.57,3,0,0,38,3,35,5.1737173983147065,0.7071067811865476,0.7071067811865476,1,0,1,2,0,0,0,1,0
628.71,4,0,0,30,4,45,6.445259395946655,0.8660254037844386,0.5000000000000001,1,1,1,3,1,0,0,0,0
271.22,4,1,0,35,1,63,5.606610562903928,0.8660254037844386,0.5000000000000001,1,0,1,3,1,0,0,0,0
7.44,15,0,0,51,2,62,2.132982308607866,-0.7071067811865471,-0.7071067811865479,0,0,0,0,1,0,0,0,0
210.86,15,0,0,49,1,60,5.35592567916835,-0.7071067811865471,-0.7071067811865479,0,0,0,0,0,0,0,0,1
95.32,12,0,0,98,1,52,4.567675981560511,1.2246467991473532e-16,-1.0,0,0,0,0,0,0,1,0,0
162.12,3,0,0,28,0,41,5.0944861262662,0.7071067811865476,0.7071067811865476,1,0,1,2,0,1,0,0,0
195.48,13,0,0,60,3,39,5.280560644958777,-0.2588190451025208,-0.9659258262890683,0,0,0,0,0,0,1,0,0
9.55,6,0,0,92,0,46,2.3561258599220753,1.0,6.123233995736766e-17,0,0,0,0,0,0,0,0,1
283.15,14,0,0,81,1,41,5.649502267743131,-0.4999999999999997,-0.8660254037844388,0,0,0,0,0,0,1,0,0
47.88,23,0,0,31,2,41,3.88936831486334,-0.25881904510252157,0.9659258262890681,0,0,1,1,0,0,0,1,0
100.91,1,0,0,72,0,44,4.6240900708406025,0.25881904510252074,0.9659258262890683,1,0,0,1,0,1,0,0,0
33.94,8,0,0,45,1,45,3.5536323047059106,0.8660254037844387,-0.4999999999999998,0,0,0,0,0,0,0,1,0
8.64,18,0,0,86,4,23,2.265921108622454,-1.0,-1.8369701987210297e-16,0,1,0,1,0,1,0,0,0
124.0,14,0,0,32,6,51,4.8283137373023015,-0.4999999999999997,-0.8660254037844388,0,1,1,2,0,0,1,0,0
240.0,6,0,0,84,6,49,5.484796933490655,1.0,6.123233995736766e-17,0,1,0,1,1,0,0,0,0
52.32,16,0,0,63,1,20,3.976311495310508,-0.8660254037844385,-0.5000000000000004,0,0,0,0,1,0,0,0,0
227.81,7,0,0,97,6,50,5.432891964844257,0.9659258262890683,-0.25881904510252063,0,1,0,1,0,0,0,0,1
156.19,18,0,0,65,1,69,5.057455264740146,-1.0,-1.8369701987210297e-16,0,0,0,0,0,0,0,0,1
239.09,18,0,0,40,4,41,5.481013853047065,-1.0,-1.8369701987210297e-16,0,1,0,1,0,0,1,0,0
222.44,15,0,0,48,2,44,5.409142921636922,-0.7071067811865471,-0.7071067811865479,0,0,0,0,0,0,0,1,0
163.46,20,0,0,79,1,58,5.1026673795427495,-0.8660254037844386,0.5000000000000001,0,0,0,0,0,1,0,0,0
199.22,3,0,0,87,3,37,5.2994167619913375,0.7071067811865476,0.7071067811865476,1,0,0,1,0,0,0,0,1
70.36,7,0,0,81,3,31,4.267737488271754,0.9659258262890683,-0.25881904510252063,0,0,0,0,1,0,0,0,0
337.27,18,0,0,55,1,41,5.82384439316692,-1.0,-1.8369701987210297e-16,0,0,0,0,1,0,0,0,0
1321.02,0,0,0,54,2,64,7.186916148890236,0.0,1.0,1,0,0,1,0,1,0,0,0
317.13,5,0,0,36,2,22,5.762460104273613,0.9659258262890683,0.25881904510252074,1,0,1,2,0,0,0,0,1
131.16,9,0,0,36,2,31,4.884013309772668,0.7071067811865476,-0.7071067811865475,0,0,1,1,0,0,1,0,0
396.52,7,1,0,71,2,47,5.985245247294065,0.9659258262890683,-0.25881904510252063,0,0,0,1,0,1,0,0,0
118.15,10,0,0,46,1,54,4.780383203544751,0.49999999999999994,-0.8660254037844387,0,0,0,0,0,0,0,0,1
203.44,11,0,1,66,3,18,5.320274533900079,0.258819045102521,-0.9659258262890682,0,0,0,1,0,0,0,1,0
305.98,23,0,0,82,2,29,5.726782598885262,-0.25881904510252157,0.9659258262890681,0,0,0,0,0,1,0,0,0
25.78,13,0,0,82,2,41,3.2876553402630266,-0.2588190451025208,-0.9659258262890683,0,0,0,0,0,0,0,1,0
120.28,7,0,0,55,0,49,4.7981019218940615,0.9659258262890683,-0.25881904510252063,0,0,0,0,0,1,0,0,0
86.46,15,0,0,60,0,24,4.471181545984774,-0.7071067811865471,-0.7071067811865479,0,0,0,0,0,0,0,0,1
47.6,22,0,0,80,0,46,3.883623530906448,-0.5000000000000004,0.8660254037844384,0,0,0,0,0,1,0,0,0
341.64,19,0,0,39,2,57,5.8366803333071156,-0.9659258262890684,0.2588190451025203,0,0,1,1,0,1,0,0,0
0.12,17,1,0,87,1,21,0.11332868530700317,-0.9659258262890683,-0.25881904510252063,0,0,0,1,0,0,1,0,0
780.15,15,0,0,75,3,27,6.660767192857912,-0.7071067811865471,-0.7071067811865479,0,0,0,0,0,1,0,0,0
417.16,9,0,0,39,1,37,6.035864134404666,0.7071067811865476,-0.7071067811865475,0,0,1,1,0,0,0,1,0
83.5,17,0,0,27,2,19,4.436751534363128,-0.9659258262890683,-0.25881904510252063,0,0,1,1,0,0,1,0,0
11.65,17,0,0,65,2,30,2.5376572151735295,-0.9659258262890683,-0.25881904510252063,0,0,0,0,0,0,0,1,0
180.63,2,0,0,70,1,27,5.201971650761352,0.49999999999999994,0.8660254037844387,1,0,0,1,0,0,0,1,0
163.22,12,0,0,52,2,39,5.101206992280643,1.2246467991473532e-16,-1.0,0,0,0,0,0,0,1,0,0
3.49,15,0,0,73,2,63,1.501852701754163,-0.7071067811865471,-0.7071067811865479,0,0,0,0,0,0,0,1,0
78.87,0,0,0,31,1,18,4.380400312929297,0.0,1.0,1,0,1,2,0,0,0,0,1
33.2,16,0,0,29,2,53,3.5322256440685598,-0.8660254037844385,-0.5000000000000004,0,0,1,1,0,1,0,0,0
139.45,10,0,0,83,3,48,4.944851553550253,0.49999999999999994,-0.8660254037844387,0,0,0,0,0,0,0,0,1
9.96,22,0,0,94,1,63,2.3942522815198695,-0.5000000000000004,0.8660254037844384,0,0,0,0,0,0,0,0,1
47.53,18,0,0,51,1,64,3.882182163417125,-1.0,-1.8369701987210297e-16,0,0,0,0,1,0,0,0,0
330.36,21,0,0,40,1,29,5.803205397647274,-0.7071067811865477,0.7071067811865474,0,0,0,0,0,0,0,1,0
95.13,16,0,0,41,1,61,4.565701442077724,-0.8660254037844385,-0.5000000000000004,0,0,0,0,0,0,1,0,0
131.72,16,0,0,67,3,41,4.888241645882189,-0.8660254037844385,-0.5000000000000004,0,0,0,0,0,1,0,0,0
143.68,23,0,0,33,2,38,4.974524407083897,-0.25881904510252157,0.9659258262890681,0,0,1,1,0,0,0,1,0
152.2,0,0,0,59,4,28,5.0317442573064906,0.0,1.0,1,1,0,2,0,0,0,0,1
63.6,11,0,0,90,2,38,4.168214410788556,0.258819045102521,-0.9659258262890682,0,0,0,0,0,0,0,1,0
220.95,12,1,0,75,4,57,5.402452131280044,1.2246467991473532e-16,-1.0,0,1,0,2,0,0,1,0,0
82.16,3,0,0,47,1,35,4.420766462989812,0.7071067811865476,0.7071067811865476,1,0,0,1,0,0,1,0,0
111.7,23,0,0,53,2,49,4.724729421045731,-0.25881904510252157,0.9659258262890681,0,0,0,0,0,0,1,0,0
182.43,15,0,1,50,2,51,5.21183312332626,-0.7071067811865471,-0.7071067811865479,0,0,0,1,0,1,0,0,0
31.64,23,0,0,86,2,34,3.4855385300959063,-0.25881904510252157,0.9659258262890681,0,0,0,0,0,1,0,0,0
838.26,12,0,0,94,2,38,6.732520551189812,1.2246467991473532e-16,-1.0,0,0,0,0,1,0,0,0,0
212.86,21,0,0,66,0,48,5.365321595328511,-0.7071067811865477,0.7071067811865474,0,0,0,0,0,0,1,0,0
56.2,18,0,0,89,2,30,4.046553898385752,-1.0,-1.8369701987210297e-16,0,0,0,0,0,1,0,0,0
352.29,18,0,0,61,0,28,5.867289249407484,-1.0,-1.8369701987210297e-16,0,0,0,0,0,0,0,0,1
41.81,5,0,0,77,2,22,3.7567717201568547,0.9659258262890683,0.25881904510252074,1,0,0,1,0,1,0,0,0
46.6,18,0,0,90,0,20,3.8628327612373745,-1.0,-1.8369701987210297e-16,0,0,0,0,0,0,0,1,0
186.27,7,1,1,98,1,54,5.232551425772417,0.9659258262890683,-0.25881904510252063,0,0,0,2,0,0,1,0,0
46.56,14,0,0,36,4,67,3.861992071822581,-0.4999999999999997,-0.8660254037844388,0,1,1,2,1,0,0,0,0
31.07,20,0,0,79,1,48,3.4679210137050633,-0.8660254037844386,0.5000000000000001,0,0,0,0,0,0,0,0,1
126.38,7,0,0,98,2,21,4.84717474494322,0.9659258262890683,-0.25881904510252063,0,0,0,0,0,0,1,0,0
144.82,1,0,0,27,1,55,4.9823729843782845,0.25881904510252074,0.9659258262890683,1,0,1,2,1,0,0,0,0
430.33,10,0,0,65,2,56,6.0668734583876045,0.49999999999999994,-0.8660254037844387,0,0,0,0,0,0,1,0,0
63.7,19,0,0,48,0,38,4.169761201506855,-0.9659258262890684,0.2588190451025203,0,0,0,0,0,1,0,0,0
233.34,20,0,0,84,2,25,5.45677305224001,-0.8660254037844386,0.5000000000000001,0,0,0,0,1,0,0,0,0
4.31,23,0,0,79,3,48,1.6695918352538475,-0.25881904510252157,0.9659258262890681,0,0,0,0,0,0,1,0,0
68.48,9,0,0,90,2,31,4.241038941372905,0.7071067811865476,-0.7071067811865475,0,0,0,0,0,1,0,0,0
145.41,21,0,0,76,1,65,4.986410905205391,-0.7071067811865477,0.7071067811865474,0,0,0,0,0,0,1,0,0
324.25,14,0,0,58,1,26,5.784594117392615,-0.4999999999999997,-0.8660254037844388,0,0,0,0,0,0,1,0,0
97.26,5,0,0,89,1,46,4.587617026740502,0.9659258262890683,0.25881904510252074,1,0,0,1,0,0,1,0,0
6.69,3,0,0,73,2,66,2.0399207835175526,0.7071067811865476,0.7071067811865476,1,0,0,1,0,1,0,0,0
141.91,14,0,0,49,0,51,4.962215061493703,-0.4999999999999997,-0.8660254037844388,0,0,0,0,0,1,0,0,0
483.2,10,0,0,97,2,23,6.182498044503958,0.49999999999999994,-0.8660254037844387,0,0,0,0,0,0,1,0,0
200.49,10,0,0,54,2,37,5.3057397523636745,0.49999999999999994,-0.8660254037844387,0,0,0,0,0,0,0,1,0
198.37,12,0,0,86,3,47,5.295162394854736,1.2246467991473532e-16,-1.0,0,0,0,0,1,0,0,0,0
96.06,6,0,0,88,1,44,4.57532934397707,1.0,6.123233995736766e-17,0,0,0,0,0,0,1,0,0
261.71,14,1,0,79,3,65,5.571050762202242,-0.4999999999999997,-0.8660254037844388,0,0,0,1,0,0,1,0,0
63.26,18,0,0,50,1,51,4.162937353687712,-1.0,-1.8369701987210297e-16,0,0,0,0,0,1,0,0,0
76.32,7,0,0,56,0,36,4.34795265434013,0.9659258262890683,-0.25881904510252063,0,0,0,0,0,1,0,0,0
99.96,20,0,1,98,3,28,4.6147243987929025,-0.8660254037844386,0.5000000000000001,0,0,0,1,0,0,0,0,1
456.88,15,0,0,82,0,48,6.126607141050275,-0.7071067811865471,-0.7071067811865479,0,0,0,0,0,1,0,0,0
185.32,7,0,0,81,3,65,5.227465625576086,0.9659258262890683,-0.25881904510252063,0,0,0,0,0,0,0,1,0
68.61,23,0,0,69,1,49,4.242908235180575,-0.25881904510252157,0.9659258262890681,0,0,0,0,0,1,0,0,0
88.81,9,0,0,74,1,57,4.497696327682858,0.7071067811865476,-0.7071067811865475,0,0,0,0,0,0,0,1,0
88.38,21,0,0,51,5,62,4.492896943505305,-0.7071067811865477,0.7071067811865474,0,1,0,1,0,0,0,1,0
113.52,7,0,0,61,2,45,4.740749480229915,0.9659258262890683,-0.25881904510252063,0,0,0,0,0,0,0,0,1
381.05,17,1,0,86,2,27,5.9455514900935755,-0.9659258262890683,-0.25881904510252063,0,0,0,1,1,0,0,0,0
47.01,23,1,0,70,4,48,3.8714093225428488,-0.25881904510252157,0.9659258262890681,0,1,0,2,0,0,0,1,0
260.95,8,0,0,79,3,43,5.5681536458542285,0.8660254037844387,-0.4999999999999998,0,0,0,0,0,1,0,0,0
214.35,5,0,1,97,2,38,5.372264611500119,0.9659258262890683,0.25881904510252074,1,0,0,2,0,1,0,0,0
60.85,21,0,0,45,2,28,4.124712098838497,-0.7071067811865477,0.7071067811865474,0,0,0,0,0,0,1,0,0
9.45,19,0,0,46,2,19,2.34660197841082,-0.9659258262890684,0.2588190451025203,0,0,0,0,0,1,0,0,0
34.06,23,0,1,31,5,41,3.5570608794930885,-0.25881904510252157,0.9659258262890681,0,1,1,3,0,0,0,0,1
328.63,20,0,0,47,3,51,5.797970813310776,-0.8660254037844386,0.5000000000000001,0,0,0,0,0,0,0,0,1
612.15,6,0,0,78,3,59,6.418609604208035,1.0,6.123233995736766e-17,0,0,0,0,0,1,0,0,0
140.37,1,0,0,27,2,39,4.9513805668789415,0.25881904510252074,0.9659258262890683,1,0,1,2,0,0,0,1,0
89.85,12,1,0,76,2,48,4.50920979484218,1.2246467991473532e-16,-1.0,0,0,0,1,0,1,0,0,0
100.05,9,0,0,68,4,50,4.61561544384963,0.7071067811865476,-0.7071067811865475,0,1,0,1,0,0,0,1,0
314.83,23,0,0,99,1,50,5.7552040941430676,-0.25881904510252157,0.9659258262890681,0,0,0,0,1,0,0,0,0
79.5,0,0,0,70,1,69,4.388257184424518,0.0,1.0,1,0,0,1,1,0,0,0,0
52.47,12,0,0,72,3,20,3.97912074896064,1.2246467991473532e-16,-1.0,0,0,0,0,0,0,0,1,0
160.02,8,0,0,84,3,69,5.081528580871835,0.8660254037844387,-0.4999999999999998,0,0,0,0,0,0,0,1,0
55.02,12,0,0,30,0,44,4.0257087698319625,1.2246467991473532e-16,-1.0,0,0,1,1,0,0,0,1,0
26.54,11,0,0,66,0,53,3.315639493300509,0.258819045102521,-0.9659258262890682,0,0,0,0,0,1,0,0,0
45.78,14,0,0,33,2,38,3.845455761156033,-0.4999999999999997,-0.8660254037844388,0,0,1,1,0,0,0,1,0
157.07,10,0,0,65,1,52,5.063037972889304,0.49999999999999994,-0.8660254037844387,0,0,0,0,0,1,0,0,0
112.66,11,0,0,76,1,51,4.733211535868976,0.258819045102521,-0.9659258262890682,0,0,0,0,0,1,0,0,0
114.54,21,0,0,96,1,34,4.7496167903531195,-0.7071067811865477,0.7071067811865474,0,0,0,0,0,0,0,1,0
161.79,19,1,0,83,3,22,5.092461026620419,-0.9659258262890684,0.2588190451025203,0,0,0,1,0,0,1,0,0
22.05,4,0,0,56,5,42,3.1376657694426577,0.8660254037844386,0.5000000000000001,1,1,0,2,0,0,0,1,0
11.63,23,1,0,41,1,65,2.5360749363624,-0.25881904510252157,0.9659258262890681,0,0,0,1,0,0,0,0,1
689.93,22,0,0,52,1,66,6.538038516176027,-0.5000000000000004,0.8660254037844384,0,0,0,0,0,0,1,0,0
150.02,21,0,0,63,1,41,5.0174122783752795,-0.7071067811865477,0.7071067811865474,0,0,0,0,0,0,0,0,1
82.24,5,0,0,55,1,38,4.421728001525434,0.9659258262890683,0.25881904510252074,1,0,0,1,0,0,1,0,0
133.39,4,0,1,61,2,48,4.900746020558973,0.8660254037844386,0.5000000000000001,1,0,0,2,1,0,0,0,0
56.81,17,0,0,94,1,36,4.057161771094385,-0.9659258262890683,-0.25881904510252063,0,0,0,0,0,0,1,0,0
440.03,10,0,0,70,2,33,6.089112900343984,0.49999999999999994,-0.8660254037844387,0,0,0,0,0,0,1,0,0
48.0,4,1,0,85,0,34,3.8918202981106265,0.8660254037844386,0.5000000000000001,1,0,0,2,0,1,0,0,0
404.92,8,0,0,52,0,45,6.006156095850971,0.8660254037844387,-0.4999999999999998,0,0,0,0,0,1,0,0,0
181.1,1,0,0,31,3,59,5.2045559867335625,0.25881904510252074,0.9659258262890683,1,0,1,2,0,0,1,0,0
131.65,15,0,0,40,4,32,4.8877140805837485,-0.7071067811865471,-0.7071067811865479,0,1,0,1,0,0,0,0,1
22.28,5,1,0,83,2,18,3.147594622863237,0.9659258262890683,0.25881904510252074,1,0,0,2,0,0,0,1,0
97.24,23,0,1,47,2,36,4.587413464398832,-0.25881904510252157,0.9659258262890681,0,0,0,1,1,0,0,0,0
56.17,5,0,0,91,3,55,4.04602928527588,0.9659258262890683,0.25881904510252074,1,0,0,1,0,0,1,0,0
90.03,3,0,0,33,4,18,4.511189122517197,0.7071067811865476,0.7071067811865476,1,1,1,3,0,0,1,0,0
64.88,13,0,0,42,1,38,4.1878349053094395,-0.2588190451025208,-0.9659258262890683,0,0,0,0,1,0,0,0,0
82.76,8,1,0,90,1,63,4.427955566562281,0.8660254037844387,-0.4999999999999998,0,0,0,1,1,0,0,0,0
91.5,20,0,0,91,3,26,4.52720864451838,-0.8660254037844386,0.5000000000000001,0,0,0,0,1,0,0,0,0
50.15,6,0,0,67,0,49,3.9347624923976356,1.0,6.123233995736766e-17,0,0,0,0,0,0,0,0,1
229.35,17,0,0,39,0,25,5.439599891381926,-0.9659258262890683,-0.25881904510252063,0,0,1,1,0,0,0,1,0
126.13,19,1,0,53,1,29,4.845210184962031,-0.9659258262890684,0.2588190451025203,0,0,0,1,0,0,0,0,1
208.95,11,0,0,79,2,55,5.346869407130202,0.258819045102521,-0.9659258262890682,0,0,0,0,0,0,0,0,1
128.96,10,0,0,77,0,69,4.8672267108008995,0.49999999999999994,-0.8660254037844387,0,0,0,0,0,0,1,0,0
251.28,18,0,0,79,0,51,5.53053958179545,-1.0,-1.8369701987210297e-16,0,0,0,0,1,0,0,0,0
88.63,0,0,0,37,2,47,4.4956900853692705,0.0,1.0,1,0,1,2,0,0,1,0,0
51.72,9,0,0,32,2,38,3.9649948901942516,0.7071067811865476,-0.7071067811865475,0,0,1,1,0,0,1,0,0
43.34,20,0,0,79,2,52,3.7918872041881655,-0.8660254037844386,0.5000000000000001,0,0,0,0,0,1,0,0,0
216.5,4,0,0,82,1,48,5.382198850528739,0.8660254037844386,0.5000000000000001,1,0,0,1,0,0,0,1,0
264.36,6,0,0,68,4,28,5.581087394638797,1.0,6.123233995736766e-17,0,1,0,1,0,1,0,0,0
188.72,14,0,0,64,2,33,5.2455493010093805,-0.4999999999999997,-0.8660254037844388,0,0,0,0,0,0,0,1,0
95.94,2,0,0,49,1,63,4.57409223041723,0.49999999999999994,0.8660254037844387,1,0,0,1,0,0,0,1,0
16.86,17,0,0,67,1,47,2.882563575448353,-0.9659258262890683,-0.25881904510252063,0,0,0,0,1,0,0,0,0
10.32,0,0,0,72,1,18,2.4265710727750367,0.0,1.0,1,0,0,1,0,0,0,1,0
63.33,9,0,1,64,1,24,4.1640260854229085,0.7071067811865476,-0.7071067811865475,0,0,0,1,1,0,0,0,0
405.39,12,0,0,53,0,39,6.00731328966232,1.2246467991473532e-16,-1.0,0,0,0,0,0,0,0,1,0
311.22,6,0,0,57,2,27,5.74370806752852,1.0,6.123233995736766e-17,0,0,0,0,1,0,0,0,0
136.72,14,0,0,49,1,59,4.925222638470323,-0.4999999999999997,-0.8660254037844388,0,0,0,0,1,0,0,0,0
150.5,4,0,0,42,3,58,5.020585624949423,0.8660254037844386,0.5000000000000001,1,0,0,1,0,0,0,0,1
11.53,9,0,0,95,0,69,2.528125768907977,0.7071067811865476,-0.7071067811865475,0,0,0,0,0,1,0,0,0
16.55,15,0,0,49,4,34,2.865053949911875,-0.7071067811865471,-0.7071067811865479,0,1,0,1,0,1,0,0,0
385.95,4,0,0,33,1,21,5.9582954857164685,0.8660254037844386,0.5000000000000001,1,0,1,2,0,0,1,0,0
42.82,5,1,0,62,1,56,3.7800903341673204,0.9659258262890683,0.25881904510252074,1,0,0,2,0,0,1,0,0
485.61,11,0,0,55,2,25,6.187462980898636,0.258819045102521,-0.9659258262890682,0,0,0,0,0,0,0,1,0
182.87,1,0,0,29,0,58,5.21422898616575,0.25881904510252074,0.9659258262890683,1,0,1,2,0,0,0,0,1
35.17,7,0,0,33,1,28,3.5882300459640066,0.9659258262890683,-0.25881904510252063,0,0,1,1,0,0,0,1,0
225.58,1,1,0,62,1,24,5.423098083445343,0.25881904510252074,0.9659258262890683,1,0,0,2,0,0,0,1,0
89.3,2,0,0,84,1,24,4.5031374604229395,0.49999999999999994,0.8660254037844387,1,0,0,1,0,0,0,0,1
137.66,3,0,0,69,2,44,4.9320248935143445,0.7071067811865476,0.7071067811865476,1,0,0,1,0,0,1,0,0
209.68,16,0,0,91,2,62,5.350340394615189,-0.8660254037844385,-0.5000000000000004,0,0,0,0,0,0,0,1,0
319.96,19,1,0,94,3,67,5.771316504773571,-0.9659258262890684,0.2588190451025203,0,0,0,1,0,0,0,1,0
208.72,14,0,0,40,2,22,5.345773307704332,-0.4999999999999997,-0.8660254037844388,0,0,0,0,0,0,0,0,1
273.6,10,0,0,40,3,44,5.6153154933338705,0.49999999999999994,-0.8660254037844387,0,0,0,0,0,0,0,0,1
134.05,13,0,0,58,3,48,4.9056450802386244,-0.2588190451025208,-0.9659258262890683,0,0,0,0,0,0,1,0,0
15.58,4,0,0,54,1,33,2.8081971497071487,0.8660254037844386,0.5000000000000001,1,0,0,1,0,0,0,1,0
37.5,10,0,0,87,2,45,3.6506582412937387,0.49999999999999994,-0.8660254037844387,0,0,0,0,0,0,1,0,0
75.46,13,0,0,59,4,23,4.336767728268267,-0.2588190451025208,-0.9659258262890683,0,1,0,1,0,1,0,0,0
284.4,9,0,0,75,1,26,5.653891705042736,0.7071067811865476,-0.7071067811865475,0,0,0,0,0,0,1,0,0
23.09,0,0,0,98,2,24,3.18179681662678,0.0,1.0,1,0,0,1,0,0,0,0,1
24.84,7,0,0,68,3,44,3.2519236789144013,0.9659258262890683,-0.25881904510252063,0,0,0,0,0,0,0,0,1
165.63,9,0,0,95,2,44,5.115775785550532,0.7071067811865476,-0.7071067811865475,0,0,0,0,0,1,0,0,0
39.98,18,0,0,45,1,51,3.7130841428107537,-1.0,-1.8369701987210297e-16,0,0,0,0,1,0,0,0,0
160.97,19,0,0,44,0,60,5.087411132898305,-0.9659258262890684,0.2588190451025203,0,0,0,0,0,0,0,1,0
24.17,2,0,0,31,1,27,3.2256528091472245,0.49999999999999994,0.8660254037844387,1,0,1,2,1,0,0,0,0
67.13,19,0,0,75,1,24,4.221417644785577,-0.9659258262890684,0.2588190451025203,0,0,0,0,1,0,0,0,0
159.52,12,0,0,48,0,23,5.078418545398716,1.2246467991473532e-16,-1.0,0,0,0,0,1,0,0,0,0
5.55,10,0,0,37,3,36,1.8794650496471605,0.49999999999999994,-0.8660254037844387,0,0,1,1,0,0,0,0,1
95.29,6,0,0,58,3,53,4.567364471252192,1.0,6.123233995736766e-17,0,0,0,0,1,0,0,0,0
403.15,7,0,0,83,5,39,6.0017860961798535,0.9659258262890683,-0.25881904510252063,0,1,0,1,0,0,0,0,1
80.28,19,0,0,33,1,32,4.397899983830172,-0.9659258262890684,0.2588190451025203,0,0,1,1,0,0,1,0,0
27.08,15,0,0,96,2,41,3.3350575791576103,-0.7071067811865471,-0.7071067811865479,0,0,0,0,0,0,1,0,0
75.47,6,0,0,75,4,56,4.336898507056134,1.0,6.123233995736766e-17,0,1,0,1,0,1,0,0,0
85.19,16,0,0,26,0,30,4.456554161659308,-0.8660254037844385,-0.5000000000000004,0,0,1,1,0,0,0,1,0
86.98,19,0,1,82,1,61,4.477109515920573,-0.9659258262890684,0.2588190451025203,0,0,0,1,0,0,0,0,1
252.05,23,0,0,60,2,27,5.533587097660087,-0.25881904510252157,0.9659258262890681,0,0,0,0,0,0,0,1,0
91.02,21,0,0,74,3,41,4.522005944727322,-0.7071067811865477,0.7071067811865474,0,0,0,0,0,0,0,0,1
20.27,19,0,0,78,3,18,3.0572976292121457,-0.9659258262890684,0.2588190451025203,0,0,0,0,0,0,0,0,1
307.77,1,0,0,47,0,28,5.732596663172162,0.25881904510252074,0.9659258262890683,1,0,0,1,0,0,1,0,0
123.52,10,0,0,30,1,67,4.824466345573407,0.49999999999999994,-0.8660254037844387,0,0,1,1,0,0,0,1,0
268.21,17,0,0,79,0,25,5.595491744183162,-0.9659258262890683,-0.25881904510252063,0,0,0,0,1,0,0,0,0
94.18,7,0,0,69,0,52,4.555769835692964,0.9659258262890683,-0.25881904510252063,0,0,0,0,0,0,0,1,0
118.77,1,0,0,98,0,37,4.785573236959415,0.25881904510252074,0.9659258262890683,1,0,0,1,0,1,0,0,0
77.05,20,0,0,27,1,34,4.357349646961441,-0.8660254037844386,0.5000000000000001,0,0,1,1,0,0,1,0,0
130.6,0,0,0,91,2,58,4.879767018891217,0.0,1.0,1,0,0,1,0,0,1,0,0
145.41,19,1,0,84,2,47,4.986410905205391,-0.9659258262890684,0.2588190451025203,0,0,0,1,0,0,1,0,0
49.68,15,0,0,59,2,18,3.925531355452938,-0.7071067811865471,-0.7071067811865479,0,0,0,0,0,0,0,0,1
78.91,7,0,0,50,4,19,4.380901001386372,0.9659258262890683,-0.25881904510252063,0,1,0,1,0,0,0,1,0
243.09,11,0,0,62,1,46,5.4975370097428735,0.258819045102521,-0.9659258262890682,0,0,0,0,0,0,0,0,1
83.44,22,0,0,44,1,18,4.43604122298012,-0.5000000000000004,0.8660254037844384,0,0,0,0,0,0,1,0,0
110.39,19,0,0,52,2,61,4.713037556857098,-0.9659258262890684,0.2588190451025203,0,0,0,0,1,0,0,0,0
10.45,20,0,0,25,5,28,2.4379897300002487,-0.8660254037844386,0.5000000000000001,0,1,1,2,0,1,0,0,0
809.18,9,0,0,52,1,57,6.697256445201006,0.7071067811865476,-0.7071067811865475,0,0,0,0,1,0,0,0,0
395.89,2,0,0,35,0,36,5.983659164208323,0.49999999999999994,0.8660254037844387,1,0,1,2,1,0,0,0,0
50.83,15,0,0,51,1,25,3.947969132201615,-0.7071067811865471,-0.7071067811865479,0,0,0,0,1,0,0,0,0
19.65,19,0,0,70,0,25,3.027715319407042,-0.9659258262890684,0.2588190451025203,0,0,0,0,0,1,0,0,0
526.65,23,0,0,28,1,26,6.268433185117099,-0.25881904510252157,0.9659258262890681,0,0,1,1,0,0,0,1,0
387.75,17,0,0,66,3,37,5.962936463493444,-0.9659258262890683,-0.25881904510252063,0,0,0,0,0,1,0,0,0
110.67,2,1,0,43,5,21,4.7155480934577,0.49999999999999994,0.8660254037844387,1,1,0,3,0,0,0,0,1
131.71,16,0,0,63,2,62,4.888166296449158,-0.8660254037844385,-0.5000000000000004,0,0,0,0,0,0,0,0,1
118.95,20,0,0,41,0,38,4.787074989285704,-0.8660254037844386,0.5000000000000001,0,0,0,0,1,0,0,0,0
184.02,8,0,0,95,6,35,5.2204639273431725,0.8660254037844387,-0.4999999999999998,0,1,0,1,0,0,0,1,0
41.25,8,0,0,78,4,20,3.7436043538031827,0.8660254037844387,-0.4999999999999998,0,1,0,1,0,0,1,0,0
0.07,5,0,0,32,0,44,0.06765864847381481,0.9659258262890683,0.25881904510252074,1,0,1,2,0,0,0,0,1
76.26,17,0,0,92,4,53,4.347176357238135,-0.9659258262890683,-0.25881904510252063,0,1,0,1,0,1,0,0,0
256.12,7,0,0,75,0,60,5.549542901989202,0.9659258262890683,-0.25881904510252063,0,0,0,0,0,1,0,0,0
376.69,22,0,0,53,1,38,5.93407375332873,-0.5000000000000004,0.8660254037844384,0,0,0,0,0,0,1,0,0
169.24,22,0,0,98,3,66,5.13720920615328,-0.5000000000000004,0.8660254037844384,0,0,0,0,0,0,1,0,0
145.22,6,0,0,77,6,60,4.9851123368651695,1.0,6.123233995736766e-17,0,1,0,1,0,0,0,1,0
46.9,21,0,0,54,4,24,3.8691155044168695,-0.7071067811865477,0.7071067811865474,0,1,0,1,1,0,0,0,0
101.24,12,0,0,44,2,21,4.627322990629224,1.2246467991473532e-16,-1.0,0,0,0,0,0,0,0,0,1
16.68,16,0,0,34,1,35,2.8724340572094973,-0.8660254037844385,-0.5000000000000004,0,0,1,1,0,0,0,1,0
136.67,14,0,0,66,0,23,4.924859517074852,-0.4999999999999997,-0.8660254037844388,0,0,0,0,0,1,0,0,0
22.38,9,0,0,30,2,47,3.1518809560439225,0.7071067811865476,-0.7071067811865475,0,0,1,1,0,0,1,0,0
16.68,10,0,0,25,3,47,2.8724340572094973,0.49999999999999994,-0.8660254037844387,0,0,1,1,0,0,0,1,0
68.61,15,0,0,36,2,68,4.242908235180575,-0.7071067811865471,-0.7071067811865479,0,0,1,1,1,0,0,0,0
4.02,10,0,0,64,2,40,1.6134299337036377,0.49999999999999994,-0.8660254037844387,0,0,0,0,1,0,0,0,0
377.5,21,0,0,41,3,33,5.936216072877503,-0.7071067811865477,0.7071067811865474,0,0,0,0,0,0,0,0,1
112.68,18,0,0,48,4,25,4.733387483788845,-1.0,-1.8369701987210297e-16,0,1,0,1,0,0,1,0,0
744.08,4,0,0,65,0,51,6.613491595164802,0.8660254037844386,0.5000000000000001,1,0,0,1,0,1,0,0,0
18.04,7,0,0,83,3,24,2.9465420293632194,0.9659258262890683,-0.25881904510252063,0,0,0,0,0,0,0,0,1
319.61,21,0,0,69,3,69,5.770225431204915,-0.7071067811865477,0.7071067811865474,0,0,0,0,0,0,0,0,1
19.72,17,0,0,41,1,53,3.031099417391282,-0.9659258262890683,-0.25881904510252063,0,0,0,0,0,0,0,0,1
77.59,23,0,0,31,4,39,4.364244464878084,-0.25881904510252157,0.9659258262890681,0,1,1,2,1,0,0,0,0
309.7,3,0,0,45,3,65,5.738827816399001,0.7071067811865476,0.7071067811865476,1,0,0,1,1,0,0,0,0
77.32,13,0,0,88,3,55,4.360802998222255,-0.2588190451025208,-0.9659258262890683,0,0,0,0,0,0,0,0,1
131.37,21,0,0,67,0,57,4.885601031725679,-0.7071067811865477,0.7071067811865474,0,0,0,0,0,0,0,0,1
118.83,5,0,0,51,2,64,4.786074071694426,0.9659258262890683,0.25881904510252074,1,0,0,1,0,0,0,1,0
351.05,23,0,0,56,3,42,5.863773210965142,-0.25881904510252157,0.9659258262890681,0,0,0,0,0,0,0,1,0
29.52,21,0,0,31,1,42,3.4183822064162563,-0.7071067811865477,0.7071067811865474,0,0,1,1,0,0,0,0,1
68.16,17,1,0,38,4,47,4.23642266081509,-0.9659258262890683,-0.25881904510252063,0,1,1,3,0,1,0,0,0
173.13,13,0,0,86,4,62,5.159802146691291,-0.2588190451025208,-0.9659258262890683,0,1,0,1,0,0,0,0,1
60.27,20,1,0,74,2,33,4.115290326737563,-0.8660254037844386,0.5000000000000001,0,0,0,1,0,0,0,0,1
101.71,3,0,0,85,3,20,4.631909483177713,0.7071067811865476,0.7071067811865476,1,0,0,1,0,0,0,0,1
18.66,13,0,0,54,3,45,2.9785861147190205,-0.2588190451025208,-0.9659258262890683,0,0,0,0,0,0,1,0,0
22.73,21,0,0,52,4,44,3.166740070447672,-0.7071067811865477,0.7071067811865474,0,1,0,1,0,0,1,0,0
237.56,14,0,0,95,1,37,5.474620851016429,-0.4999999999999997,-0.8660254037844388,0,0,0,0,0,0,0,1,0
13.75,9,0,0,91,2,23,2.691243082785829,0.7071067811865476,-0.7071067811865475,0,0,0,0,0,0,0,0,1
119.65,17,1,0,62,3,63,4.792893792071041,-0.9659258262890683,-0.25881904510252063,0,0,0,1,0,0,1,0,0
414.3,20,0,0,52,3,33,6.029001150636708,-0.8660254037844386,0.5000000000000001,0,0,0,0,0,0,0,0,1
56.37,20,0,0,49,5,19,4.04952151861378,-0.8660254037844386,0.5000000000000001,0,1,0,1,1,0,0,0,0
267.7,2,0,0,39,2,54,5.593595515621446,0.49999999999999994,0.8660254037844387,1,0,1,2,1,0,0,0,0
132.6,18,0,0,65,1,62,4.894850261102546,-1.0,-1.8369701987210297e-16,0,0,0,0,1,0,0,0,0
428.63,18,0,0,58,2,57,6.062924373158721,-1.0,-1.8369701987210297e-16,0,0,0,0,0,0,0,1,0
105.89,11,0,0,88,6,40,4.671800268285854,0.258819045102521,-0.9659258262890682,0,1,0,1,1,0,0,0,0
140.96,12,0,0,27,3,61,4.955545327778296,1.2246467991473532e-16,-1.0,0,0,1,1,0,1,0,0,0
509.42,2,0,0,56,2,67,6.235233916215848,0.49999999999999994,0.8660254037844387,1,0,0,1,1,0,0,0,0
138.15,1,0,1,59,1,50,4.9355524879719,0.25881904510252074,0.9659258262890683,1,0,0,2,0,0,0,1,0
30.57,20,1,0,66,3,37,3.4522073025699003,-0.8660254037844386,0.5000000000000001,0,0,0,1,0,0,0,0,1
432.62,14,0,0,38,2,67,6.072168574522944,-0.4999999999999997,-0.8660254037844388,0,0,1,1,0,0,0,1,0
4.52,12,0,0,86,2,46,1.7083778602890038,1.2246467991473532e-16,-1.0,0,0,0,0,0,1,0,0,0
23.09,22,0,0,61,1,47,3.18179681662678,-0.5000000000000004,0.8660254037844384,0,0,0,0,0,0,0,0,1
108.98,18,0,0,79,2,57,4.700298531079668,-1.0,-1.8369701987210297e-16,0,0,0,0,0,0,0,0,1
410.84,7,0,0,77,3,57,6.020634924407762,0.9659258262890683,-0.25881904510252063,0,0,0,0,0,0,0,0,1
56.83,1,0,0,28,3,29,4.057507672170127,0.25881904510252074,0.9659258262890683,1,0,1,2,0,0,0,0,1
19.48,10,0,0,31,1,46,3.019448800171307,0.49999999999999994,-0.8660254037844387,0,0,1,1,1,0,0,0,0
10.79,12,0,0,93,4,24,2.4672517145492794,1.2246467991473532e-16,-1.0,0,1,0,1,0,0,1,0,0
311.22,17,0,1,37,1,20,5.74370806752852,-0.9659258262890683,-0.25881904510252063,0,0,1,2,1,0,0,0,0
159.8,13,0,0,30,3,69,5.080161356744866,-0.2588190451025208,-0.9659258262890683,0,0,1,1,0,0,1,0,0
369.91,16,0,0,44,3,52,5.915959445577226,-0.8660254037844385,-0.5000000000000004,0,0,0,0,0,0,0,1,0
42.65,5,0,0,87,0,40,3.776203282285611,0.9659258262890683,0.25881904510252074,1,0,0,1,0,0,0,0,1
17.75,8,0,0,55,3,30,2.9311937524164198,0.8660254037844387,-0.4999999999999998,0,0,0,0,0,0,0,1,0
217.49,20,0,0,92,2,20,5.386740246897934,-0.8660254037844386,0.5000000000000001,0,0,0,0,0,1,0,0,0
180.78,16,0,0,69,1,34,5.202797164690624,-0.8660254037844385,-0.5000000000000004,0,0,0,0,0,0,0,0,1
0.14,2,0,0,83,1,47,0.13102826240640408,0.49999999999999994,0.8660254037844387,1,0,0,1,0,0,0,0,1
226.83,9,0,1,86,1,58,5.428599736810959,0.7071067811865476,-0.7071067811865475,0,0,0,1,1,0,0,0,0
19.19,9,0,0,70,0,60,3.005187432324746,0.7071067811865476,-0.7071067811865475,0,0,0,0,0,0,0,1,0
143.17,22,0,0,62,1,20,4.970993158823812,-0.5000000000000004,0.8660254037844384,0,0,0,0,0,0,0,1,0
106.74,8,0,0,35,5,56,4.6797209172523875,0.8660254037844387,-0.4999999999999998,0,1,1,2,0,1,0,0,0
148.28,21,0,0,64,1,64,5.005823737099034,-0.7071067811865477,0.7071067811865474,0,0,0,0,1,0,0,0,0
125.75,22,0,0,88,5,29,4.842216642471293,-0.5000000000000004,0.8660254037844384,0,1,0,1,0,0,0,1,0
47.74,7,0,0,50,1,69,3.8865000481970604,0.9659258262890683,-0.25881904510252063,0,0,0,0,1,0,0,0,0
20.16,7,0,0,83,0,53,3.052112606990099,0.9659258262890683,-0.25881904510252063,0,0,0,0,0,0,0,0,1
25.27,9,0,0,36,4,25,3.2684276036974484,0.7071067811865476,-0.7071067811865475,0,1,1,2,0,1,0,0,0
126.64,5,0,0,37,4,34,4.849213801410043,0.9659258262890683,0.25881904510252074,1,1,1,3,0,0,0,0,1
27.88,20,0,0,55,3,24,3.3631493140246254,-0.8660254037844386,0.5000000000000001,0,0,0,0,1,0,0,0,0
120.72,0,0,0,83,4,45,4.80172332502877,0.0,1.0,1,1,0,2,0,0,0,0,1
39.04,12,0,0,62,4,69,3.68987895444702,1.2246467991473532e-16,-1.0,0,1,0,1,0,1,0,0,0
241.78,8,0,0,66,1,55,5.492155683469657,0.8660254037844387,-0.4999999999999998,0,0,0,0,0,0,1,0,0
141.91,3,0,0,30,1,27,4.962215061493703,0.7071067811865476,0.7071067811865476,1,0,1,2,0,0,0,0,1
32.1,9,0,0,52,3,54,3.4995332823830174,0.7071067811865476,-0.7071067811865475,0,0,0,0,1,0,0,0,0
539.99,2,0,0,64,4,26,6.29340079438729,0.49999999999999994,0.8660254037844387,1,1,0,2,0,0,0,1,0
213.23,8,0,0,84,4,20,5.367050204229129,0.8660254037844387,-0.4999999999999998,0,1,0,1,0,1,0,0,0
153.08,18,0,0,76,1,34,5.037471948049816,-1.0,-1.8369701987210297e-16,0,0,0,0,0,1,0,0,0
170.85,1,0,0,71,3,25,5.1466220032958425,0.25881904510252074,0.9659258262890683,1,0,0,1,0,0,0,1,0
100.83,11,0,0,70,1,34,4.623304756183574,0.258819045102521,-0.9659258262890682,0,0,0,0,0,0,0,1,0
16.4,10,0,0,61,3,28,2.856470206220483,0.49999999999999994,-0.8660254037844387,0,0,0,0,0,1,0,0,0
397.47,2,0,0,75,2,56,5.987632213087757,0.49999999999999994,0.8660254037844387,1,0,0,1,0,0,1,0,0
9.68,0,0,0,65,1,46,2.3683728335320486,0.0,1.0,1,0,0,1,0,1,0,0,0
243.38,2,0,0,31,0,18,5.498724390888376,0.49999999999999994,0.8660254037844387,1,0,1,2,0,0,1,0,0
234.93,14,1,0,58,2,59,5.463535150858622,-0.4999999999999997,-0.8660254037844388,0,0,0,1,0,0,1,0,0
387.26,7,0,0,48,0,66,5.96167521829723,0.9659258262890683,-0.25881904510252063,0,0,0,0,0,0,0,0,1
506.95,22,0,0,59,2,22,6.230383017537554,-0.5000000000000004,0.8660254037844384,0,0,0,0,0,1,0,0,0
21.63,11,0,0,40,2,69,3.119276459645446,0.258819045102521,-0.9659258262890682,0,0,0,0,0,0,0,0,1
206.86,3,0,0,81,0,26,5.336864776160276,0.7071067811865476,0.7071067811865476,1,0,0,1,0,1,0,0,0
351.17,21,0,0,37,5,23,5.864114013558541,-0.7071067811865477,0.7071067811865474,0,1,1,2,0,0,0,0,1
186.89,6,0,0,90,0,59,5.235856685205431,1.0,6.123233995736766e-17,0,0,0,0,0,1,0,0,0
212.19,16,0,0,99,2,50,5.362183786876451,-0.8660254037844385,-0.5000000000000004,0,0,0,0,1,0,0,0,0
315.5,2,0,1,48,2,53,5.757323241584231,0.49999999999999994,0.8660254037844387,1,0,0,2,0,0,0,1,0
93.95,18,0,0,55,2,32,4.553350437258295,-1.0,-1.8369701987210297e-16,0,0,0,0,0,1,0,0,0
10.09,11,0,0,58,3,51,2.4060438013622756,0.258819045102521,-0.9659258262890682,0,0,0,0,1,0,0,0,0
255.67,19,0,1,25,5,44,5.547791213108276,-0.9659258262890684,0.2588190451025203,0,1,1,3,0,0,1,0,0
229.38,12,1,0,81,4,67,5.4397301194983605,1.2246467991473532e-16,-1.0,0,1,0,2,0,1,0,0,0
94.5,0,0,0,54,4,38,4.5591262474866845,0.0,1.0,1,1,0,2,0,0,0,0,1
31.27,18,0,0,35,2,39,3.4741380060638702,-1.0,-1.8369701987210297e-16,0,0,1,1,0,0,0,1,0
229.41,3,0,0,68,0,41,5.43986033065764,0.7071067811865476,0.7071067811865476,1,0,0,1,0,1,0,0,0
860.84,15,1,0,82,3,52,6.759069638585937,-0.7071067811865471,-0.7071067811865479,0,0,0,1,0,0,0,1,0
1009.57,14,0,0,33,1,48,6.918269807081746,-0.4999999999999997,-0.8660254037844388,0,0,1,1,1,0,0,0,0
225.76,4,0,0,35,3,66,5.423892189456103,0.8660254037844386,0.5000000000000001,1,0,1,2,1,0,0,0,0
204.28,1,0,0,55,2,50,5.324374900867326,0.25881904510252074,0.9659258262890683,1,0,0,1,1,0,0,0,0
150.32,19,0,0,30,1,69,5.019396799764828,-0.9659258262890684,0.2588190451025203,0,0,1,1,0,0,0,1,0
730.15,19,0,0,60,2,55,6.594618637057888,-0.9659258262890684,0.2588190451025203,0,0,0,0,1,0,0,0,0
1.28,17,0,0,79,3,45,0.8241754429663494,-0.9659258262890683,-0.25881904510252063,0,0,0,0,0,0,0,1,0
22.13,22,0,0,47,0,20,3.141130476243348,-0.5000000000000004,0.8660254037844384,0,0,0,0,1,0,0,0,0
102.4,19,0,0,35,4,59,4.638604962074329,-0.9659258262890684,0.2588190451025203,0,1,1,2,0,0,1,0,0
22.96,21,0,0,62,2,32,3.1763857732472487,-0.7071067811865477,0.7071067811865474,0,0,0,0,0,0,1,0,0
393.67,21,0,0,58,1,51,5.9780499726861205,-0.7071067811865477,0.7071067811865474,0,0,0,0,0,1,0,0,0
285.49,17,0,0,61,3,53,5.657703631531674,-0.9659258262890683,-0.25881904510252063,0,0,0,0,0,0,0,0,1
136.87,6,0,0,52,1,60,4.9263112121835375,1.0,6.123233995736766e-17,0,0,0,0,0,0,1,0,0
0.99,4,0,0,60,2,54,0.688134638736401,0.8660254037844386,0.5000000000000001,1,0,0,1,1,0,0,0,0
450.35,11,0,1,65,0,56,6.112243091744164,0.258819045102521,-0.9659258262890682,0,0,0,1,0,0,0,0,1
198.23,21,1,0,40,1,28,5.294459936220732,-0.7071067811865477,0.7071067811865474,0,0,0,1,0,0,0,0,1
83.11,12,0,0,79,1,60,4.432125465974346,1.2246467991473532e-16,-1.0,0,0,0,0,0,0,0,1,0
222.97,23,1,0,50,0,62,5.411512114314379,-0.25881904510252157,0.9659258262890681,0,0,0,1,1,0,0,0,0
3.81,3,0,0,40,1,35,1.57069708411767,0.7071067811865476,0.7071067811865476,1,0,0,1,0,0,1,0,0
84.09,15,0,0,54,0,38,4.443709519861466,-0.7071067811865471,-0.7071067811865479,0,0,0,0,0,0,0,1,0
681.21,7,1,0,81,1,57,6.525337528335042,0.9659258262890683,-0.25881904510252063,0,0,0,1,0,1,0,0,0
6.93,23,0,0,98,0,26,2.0706530356467567,-0.25881904510252157,0.9659258262890681,0,0,0,0,0,1,0,0,0
56.92,3,0,0,32,0,37,4.059062748077461,0.7071067811865476,0.7071067811865476,1,0,1,2,0,0,1,0,0
214.18,17,0,0,98,0,43,5.371474887165763,-0.9659258262890683,-0.25881904510252063,0,0,0,0,0,0,1,0,0
1036.82,0,0,0,28,0,20,6.944877638283887,0.0,1.0,1,0,1,2,0,1,0,0,0
11.79,5,0,0,91,0,24,2.548663615590751,0.9659258262890683,0.25881904510252074,1,0,0,1,0,1,0,0,0
47.9,7,0,0,49,3,38,3.8897773964808264,0.9659258262890683,-0.25881904510252063,0,0,0,0,0,0,1,0,0
476.78,4,0,0,74,1,22,6.169150375497408,0.8660254037844386,0.5000000000000001,1,0,0,1,0,0,0,1,0
192.71,3,0,0,68,4,20,5.266362195306486,0.7071067811865476,0.7071067811865476,1,1,0,2,0,0,1,0,0
369.73,15,0,0,81,0,24,5.915474034856298,-0.7071067811865471,-0.7071067811865479,0,0,0,0,0,0,0,1,0
65.68,5,0,0,29,1,47,4.199905057882593,0.9659258262890683,0.25881904510252074,1,0,1,2,1,0,0,0,0
222.95,0,1,0,41,3,61,5.411422812653309,0.0,1.0,1,0,0,2,1,0,0,0,0
76.92,1,0,0,28,1,53,4.3556826593342794,0.25881904510252074,0.9659258262890683,1,0,1,2,0,0,1,0,0
99.78,11,0,1,54,4,63,4.612939923252452,0.258819045102521,-0.9659258262890682,0,1,0,2,0,0,0,0,1
34.26,7,0,0,60,3,47,3.562749176969724,0.9659258262890683,-0.25881904510252063,0,0,0,0,0,0,0,1,0
139.64,1,0,0,92,2,21,4.946203433936867,0.25881904510252074,0.9659258262890683,1,0,0,1,0,1,0,0,0
141.14,9,0,0,87,3,33,4.956812487398749,0.7071067811865476,-0.7071067811865475,0,0,0,0,1,0,0,0,0
91.6,14,0,0,29,4,35,4.528289141652134,-0.4999999999999997,-0.8660254037844388,0,1,1,2,0,0,1,0,0
110.36,4,0,0,60,4,37,4.71276819658611,0.8660254037844386,0.5000000000000001,1,1,0,2,0,0,0,0,1
5.35,6,0,0,43,1,69,1.8484548129046001,1.0,6.123233995736766e-17,0,0,0,0,0,0,0,0,1
182.25,18,0,0,63,2,22,5.2108513407667605,-1.0,-1.8369701987210297e-16,0,0,0,0,0,0,0,1,0
144.8,23,0,0,47,2,29,4.982235819574558,-0.25881904510252157,0.9659258262890681,0,0,0,0,0,0,1,0,0
88.17,8,0,0,34,3,36,4.490544660146788,0.8660254037844387,-0.4999999999999998,0,0,1,1,0,0,0,0,1
58.0,10,0,0,35,0,33,4.07753744390572,0.49999999999999994,-0.8660254037844387,0,0,1,1,1,0,0,0,0
76.79,16,0,0,95,3,23,4.354012888218683,-0.8660254037844385,-0.5000000000000004,0,0,0,0,0,0,0,1,0
71.27,14,0,0,27,1,34,4.28040910529489,-0.4999999999999997,-0.8660254037844388,0,0,1,1,0,0,0,0,1
93.51,3,0,1,40,2,57,4.548705649006965,0.7071067811865476,0.7071067811865476,1,0,0,2,0,0,0,1,0
100.38,11,0,1,26,3,50,4.6188758330442035,0.258819045102521,-0.9659258262890682,0,0,1,2,1,0,0,0,0
76.38,18,0,0,34,2,57,4.348728349272367,-1.0,-1.8369701987210297e-16,0,0,1,1,0,0,1,0,0
15.81,20,0,0,95,2,64,2.8219739474205245,-0.8660254037844386,0.5000000000000001,0,0,0,0,0,0,0,0,1
133.08,6,0,0,91,3,54,4.898436636733773,1.0,6.123233995736766e-17,0,0,0,0,0,0,0,1,0
140.57,5,0,0,41,2,18,4.952794294406406,0.9659258262890683,0.25881904510252074,1,0,0,1,0,0,0,1,0
994.44,15,0,0,68,0,36,6.903184850467376,-0.7071067811865471,-0.7071067811865479,0,0,0,0,0,0,1,0,0
23.63,21,0,0,56,2,56,3.2039652121324464,-0.7071067811865477,0.7071067811865474,0,0,0,0,0,1,0,0,0
126.67,1,0,0,43,2,52,4.84944880983226,0.25881904510252074,0.9659258262890683,1,0,0,1,0,1,0,0,0
291.18,16,0,0,76,4,34,5.677370050704368,-0.8660254037844385,-0.5000000000000004,0,1,0,1,0,0,1,0,0
134.02,7,0,0,97,1,42,4.905422915613724,0.9659258262890683,-0.25881904510252063,0,0,0,0,0,0,0,0,1
22.99,1,0,0,44,2,34,3.177637076851603,0.25881904510252074,0.9659258262890683,1,0,0,1,0,0,1,0,0
21.55,1,0,0,37,3,40,3.1157350659486873,0.25881904510252074,0.9659258262890683,1,0,1,2,0,0,0,0,1
530.87,6,1,0,42,3,58,6.276399098578398,1.0,6.123233995736766e-17,0,0,0,1,0,0,1,0,0
53.79,15,0,0,45,2,28,4.003507695550324,-0.7071067811865471,-0.7071067811865479,0,0,0,0,0,1,0,0,0
729.77,9,0,0,47,2,68,6.59409877275812,0.7071067811865476,-0.7071067811865475,0,0,0,0,1,0,0,0,0
55.66,20,0,0,97,1,28,4.03706849440237,-0.8660254037844386,0.5000000000000001,0,0,0,0,0,0,0,1,0
17.86,12,0,0,77,0,20,2.937043277205311,1.2246467991473532e-16,-1.0,0,0,0,0,0,0,0,1,0
470.09,15,0,0,46,2,26,6.155049158564972,-0.7071067811865471,-0.7071067811865479,0,0,0,0,1,0,0,0,0
220.83,11,0,1,69,0,29,5.401911322758143,0.258819045102521,-0.9659258262890682,0,0,0,1,0,1,0,0,0
265.98,8,0,0,40,3,52,5.587173749227587,0.8660254037844387,-0.4999999999999998,0,0,0,0,0,0,1,0,0
262.09,9,0,0,87,1,27,5.572496178962071,0.7071067811865476,-0.7071067811865475,0,0,0,0,0,1,0,0,0
202.56,15,0,0,32,2,19,5.315960801720632,-0.7071067811865471,-0.7071067811865479,0,0,1,1,0,1,0,0,0
102.95,16,0,0,66,3,18,4.643910014304022,-0.8660254037844385,-0.5000000000000004,0,0,0,0,1,0,0,0,0
1.66,6,0,0,46,1,61,0.9783261227936076,1.0,6.123233995736766e-17,0,0,0,0,1,0,0,0,0
560.3,14,1,0,39,1,23,6.330255521948153,-0.4999999999999997,-0.8660254037844388,0,0,1,2,0,0,1,0,0
86.31,13,0,0,76,6,49,4.469465003822716,-0.2588190451025208,-0.9659258262890683,0,1,0,1,0,1,0,0,0
24.3,12,0,0,67,1,54,3.2308043957334744,1.2246467991473532e-16,-1.0,0,0,0,0,0,0,0,0,1
38.76,21,0,0,27,0,33,3.6828613817883733,-0.7071067811865477,0.7071067811865474,0,0,1,1,0,0,0,0,1
7.15,16,0,0,40,2,55,2.0980179272527715,-0.8660254037844385,-0.5000000000000004,0,0,0,0,0,1,0,0,0
65.43,10,0,0,48,0,18,4.19614876167715,0.49999999999999994,-0.8660254037844387,0,0,0,0,0,0,1,0,0
161.58,1,0,0,62,1,48,5.091170188318427,0.25881904510252074,0.9659258262890683,1,0,0,1,0,1,0,0,0
329.86,23,0,1,45,3,20,5.80169532517887,-0.25881904510252157,0.9659258262890681,0,0,0,1,0,0,0,0,1
293.49,16,0,0,71,3,33,5.685245046657743,-0.8660254037844385,-0.5000000000000004,0,0,0,0,0,1,0,0,0
443.39,0,0,1,93,3,37,6.096702555262071,0.0,1.0,1,0,0,2,0,0,0,1,0
261.49,2,0,0,68,2,64,5.570212986067941,0.49999999999999994,0.8660254037844387,1,0,0,1,0,0,0,1,0
138.55,20,1,0,60,3,67,4.938422959982331,-0.8660254037844386,0.5000000000000001,0,0,0,1,0,0,0,1,0
484.24,14,0,0,71,4,47,6.184643613902718,-0.4999999999999997,-0.8660254037844388,0,1,0,1,1,0,0,0,0
279.24,2,0,0,81,1,44,5.6356463788892315,0.49999999999999994,0.8660254037844387,1,0,0,1,0,0,1,0,0
70.62,3,0,0,49,1,19,4.271374364570287,0.7071067811865476,0.7071067811865476,1,0,0,1,0,0,0,1,0
57.96,9,0,0,27,5,45,4.076859247881081,0.7071067811865476,-0.7071067811865475,0,1,1,2,1,0,0,0,0
681.43,23,0,0,78,1,58,6.525659957696494,-0.25881904510252157,0.9659258262890681,0,0,0,0,0,0,0,1,0
186.95,10,0,1,92,3,37,5.236175970010187,0.49999999999999994,-0.8660254037844387,0,0,0,1,0,0,1,0,0
7.24,9,0,0,69,2,48,2.1090003439213802,0.7071067811865476,-0.7071067811865475,0,0,0,0,1,0,0,0,0
107.31,1,0,1,66,1,52,4.684997485847646,0.25881904510252074,0.9659258262890683,1,0,0,2,1,0,0,0,0
191.21,11,0,0,51,0,32,5.25858852431904,0.258819045102521,-0.9659258262890682,0,0,0,0,0,1,0,0,0
61.46,1,0,0,29,3,53,4.134526351854933,0.25881904510252074,0.9659258262890683,1,0,1,2,0,0,1,0,0
28.33,18,0,0,47,3,46,3.3786108829893595,-1.0,-1.8369701987210297e-16,0,0,0,0,0,0,0,1,0
30.28,0,0,0,34,5,38,3.4429789156771102,0.0,1.0,1,1,1,3,1,0,0,0,0
114.52,15,0,0,52,1,32,4.749443675144516,-0.7071067811865471,-0.7071067811865479,0,0,0,0,0,0,0,1,0
20.29,17,0,0,95,0,44,3.058237478905388,-0.9659258262890683,-0.25881904510252063,0,0,0,0,1,0,0,0,0
181.21,20,0,0,96,5,37,5.205159868061787,-0.8660254037844386,0.5000000000000001,0,1,0,1,0,0,0,0,1
331.4,22,0,0,55,6,35,5.806339062981293,-0.5000000000000004,0.8660254037844384,0,1,0,1,1,0,0,0,0
15.12,13,0,0,92,0,64,2.780060737078482,-0.2588190451025208,-0.9659258262890683,0,0,0,0,0,1,0,0,0
369.27,3,1,0,75,1,39,5.914232469244718,0.7071067811865476,0.7071067811865476,1,0,0,2,0,1,0,0,0
638.65,2,0,0,60,4,51,6.460921151763044,0.49999999999999994,0.8660254037844387,1,1,0,2,0,0,1,0,0
121.67,18,0,0,25,2,65,4.80949782304466,-1.0,-1.8369701987210297e-16,0,0,1,1,0,0,0,0,1
12.6,12,0,0,42,1,38,2.6100697927420065,1.2246467991473532e-16,-1.0,0,0,0,0,0,1,0,0,0
119.12,19,0,0,87,4,35,4.788491243115129,-0.9659258262890684,0.2588190451025203,0,1,0,1,0,0,1,0,0
212.23,0,0,0,59,2,23,5.362371395338142,0.0,1.0,1,0,0,1,0,0,1,0,0
85.8,15,0,0,85,1,54,4.463606621666305,-0.7071067811865471,-0.7071067811865479,0,0,0,0,0,1,0,0,0
74.04,8,0,1,50,3,63,4.318021304697969,0.8660254037844387,-0.4999999999999998,0,0,0,1,1,0,0,0,0
71.34,7,1,0,45,2,57,4.281377226523952,0.9659258262890683,-0.25881904510252063,0,0,0,1,0,0,0,0,1
54.81,18,0,0,89,0,19,4.021953064800342,-1.0,-1.8369701987210297e-16,0,0,0,0,1,0,0,0,0
469.6,12,0,0,63,2,55,6.154008476293262,1.2246467991473532e-16,-1.0,0,0,0,0,0,0,0,0,1
138.82,15,0,0,29,2,41,4.940355881083839,-0.7071067811865471,-0.7071067811865479,0,0,1,1,1,0,0,0,0
33.34,3,1,1,33,4,64,3.5363108554693294,0.7071067811865476,0.7071067811865476,1,1,1,5,0,0,1,0,0
263.43,17,0,0,48,2,66,5.577576565988734,-0.9659258262890683,-0.25881904510252063,0,0,0,0,0,1,0,0,0
119.86,20,0,0,54,7,52,4.794632850933413,-0.8660254037844386,0.5000000000000001,0,1,0,1,0,0,1,0,0
19.17,5,0,0,68,2,62,3.0041963519661206,0.9659258262890683,0.25881904510252074,1,0,0,1,0,1,0,0,0
193.18,9,0,0,89,1,45,5.268785563941999,0.7071067811865476,-0.7071067811865475,0,0,0,0,0,1,0,0,0
47.94,11,0,0,95,3,52,3.8905950580145254,0.258819045102521,-0.9659258262890682,0,0,0,0,0,0,0,0,1
68.54,6,0,0,74,2,50,4.241902126579715,1.0,6.123233995736766e-17,0,0,0,0,1,0,0,0,0
192.84,16,0,0,80,2,46,5.2670330765082705,-0.8660254037844385,-0.5000000000000004,0,0,0,0,0,0,1,0,0
107.1,0,0,0,38,1,22,4.683056724645162,0.0,1.0,1,0,1,2,0,0,0,1,0
424.27,4,0,0,55,3,65,6.0527242613281835,0.8660254037844386,0.5000000000000001,1,0,0,1,0,0,0,1,0
211.04,9,0,0,44,4,66,5.3567749361196055,0.7071067811865476,-0.7071067811865475,0,1,0,1,1,0,0,0,0
426.86,13,0,0,95,5,27,6.058796039268267,-0.2588190451025208,-0.9659258262890683,0,1,0,1,1,0,0,0,0
21.1,15,0,1,81,2,57,3.095577608523707,-0.7071067811865471,-0.7071067811865479,0,0,0,1,0,0,1,0,0
266.53,5,0,0,81,1,19,5.589231709580483,0.9659258262890683,0.25881904510252074,1,0,0,1,0,1,0,0,0
58.39,15,0,0,89,1,27,4.0841258620277685,-0.7071067811865471,-0.7071067811865479,0,0,0,0,1,0,0,0,0
127.63,20,0,0,46,0,69,4.856940066090624,-0.8660254037844386,0.5000000000000001,0,0,0,0,0,0,1,0,0
431.94,7,0,0,58,0,63,6.070599150271709,0.9659258262890683,-0.25881904510252063,0,0,0,0,1,0,0,0,0
22.86,5,0,0,64,4,68,3.17220341666977,0.9659258262890683,0.25881904510252074,1,1,0,2,0,0,1,0,0
250.46,21,1,0,86,1,69,5.5272839311650355,-0.7071067811865477,0.7071067811865474,0,0,0,1,0,0,0,0,1
255.92,19,1,0,28,4,59,5.548764752389592,-0.9659258262890684,0.2588190451025203,0,1,1,3,0,0,0,1,0
137.28,18,0,1,30,1,19,4.929280615053424,-1.0,-1.8369701987210297e-16,0,0,1,2,0,0,0,1,0
148.05,13,1,0,70,2,28,5.00428182012408,-0.2588190451025208,-0.9659258262890683,0,0,0,1,0,0,1,0,0
36.11,1,0,0,73,5,47,3.613886475072506,0.25881904510252074,0.9659258262890683,1,1,0,2,0,0,1,0,0
5.3,7,0,0,55,1,56,1.840549633397487,0.9659258262890683,-0.25881904510252063,0,0,0,0,0,0,0,1,0
44.24,16,0,0,93,3,63,3.81198165124792,-0.8660254037844385,-0.5000000000000004,0,0,0,0,1,0,0,0,0
20.21,4,0,0,50,1,33,3.0544727685765913,0.8660254037844386,0.5000000000000001,1,0,0,1,1,0,0,0,0
436.13,22,0,0,41,0,31,6.080230633693873,-0.5000000000000004,0.8660254037844384,0,0,0,0,0,0,1,0,0
36.12,15,0,0,37,2,69,3.6141559079179997,-0.7071067811865471,-0.7071067811865479,0,0,1,1,0,1,0,0,0
23.22,17,0,0,47,3,29,3.1871787381249463,-0.9659258262890683,-0.25881904510252063,0,0,0,0,0,0,1,0,0
56.37,22,0,0,49,2,68,4.04952151861378,-0.5000000000000004,0.8660254037844384,0,0,0,0,0,0,1,0,0
385.53,23,1,0,74,2,53,5.957209484678875,-0.25881904510252157,0.9659258262890681,0,0,0,1,0,0,0,1,0
324.86,3,0,0,35,2,39,5.786467841274809,0.7071067811865476,0.7071067811865476,1,0,1,2,0,1,0,0,0
82.72,9,1,0,71,3,19,4.427477897577799,0.7071067811865476,-0.7071067811865475,0,0,0,1,0,0,0,0,1
159.65,4,0,0,54,1,49,5.0792280855618674,0.8660254037844386,0.5000000000000001,1,0,0,1,0,0,0,1,0
60.54,14,0,0,56,3,33,4.119687369893896,-0.4999999999999997,-0.8660254037844388,0,0,0,0,0,0,0,1,0
77.79,4,0,0,61,6,37,4.366786085257597,0.8660254037844386,0.5000000000000001,1,1,0,2,1,0,0,0,0
222.92,16,0,0,60,1,24,5.411288845207198,-0.8660254037844385,-0.5000000000000004,0,0,0,0,0,0,0,0,1
33.73,5,1,0,33,2,32,3.5476038667559826,0.9659258262890683,0.25881904510252074,1,0,1,3,0,0,0,0,1
210.84,3,0,0,98,6,45,5.3558312727486435,0.7071067811865476,0.7071067811865476,1,1,0,2,1,0,0,0,0
293.58,21,0,0,29,1,66,5.685550613061397,-0.7071067811865477,0.7071067811865474,0,0,1,1,0,0,0,0,1
206.34,17,0,0,77,5,29,5.334359957894966,-0.9659258262890683,-0.25881904510252063,0,1,0,1,1,0,0,0,0
120.93,20,0,0,61,2,23,4.803447109572174,-0.8660254037844386,0.5000000000000001,0,0,0,0,0,1,0,0,0
212.14,13,0,0,88,1,61,5.36194922679281,-0.2588190451025208,-0.9659258262890683,0,0,0,0,1,0,0,0,0
614.22,8,0,0,37,3,46,6.421979927415929,0.8660254037844387,-0.4999999999999998,0,0,1,1,1,0,0,0,0
237.8,19,0,0,95,3,42,5.475626381518447,-0.9659258262890684,0.2588190451025203,0,0,0,0,1,0,0,0,0
151.59,13,0,1,46,3,48,5.0277545859036445,-0.2588190451025208,-0.9659258262890683,0,0,0,1,0,0,1,0,0
79.38,20,0,0,77,0,32,4.386765389021055,-0.8660254037844386,0.5000000000000001,0,0,0,0,0,0,0,1,0
38.01,3,0,0,87,2,61,3.663818023518565,0.7071067811865476,0.7071067811865476,1,0,0,1,0,0,0,0,1
8.56,20,0,0,85,1,20,2.25758772706331,-0.8660254037844386,0.5000000000000001,0,0,0,0,0,0,0,1,0
539.46,3,0,0,34,3,18,6.292420628790301,0.7071067811865476,0.7071067811865476,1,0,1,2,1,0,0,0,0
169.74,4,0,0,25,1,64,5.140141931582161,0.8660254037844386,0.5000000000000001,1,0,1,2,0,0,0,0,1
164.12,22,0,0,79,3,62,5.106672482293198,-0.5000000000000004,0.8660254037844384,0,0,0,0,1,0,0,0,0
92.81,17,1,0,72,1,46,4.541271460137859,-0.9659258262890683,-0.25881904510252063,0,0,0,1,0,0,0,0,1
5.08,16,0,0,38,2,59,1.8050046959780757,-0.8660254037844385,-0.5000000000000004,0,0,1,1,1,0,0,0,0
285.95,15,0,0,32,0,31,5.6593079845543715,-0.7071067811865471,-0.7071067811865479,0,0,1,1,0,0,0,0,1
91.02,13,0,0,38,3,21,4.522005944727322,-0.2588190451025208,-0.9659258262890683,0,0,1,1,0,0,0,0,1
138.03,7,0,0,69,0,31,4.9346897371814515,0.9659258262890683,-0.25881904510252063,0,0,0,0,0,1,0,0,0
235.61,6,1,0,65,1,47,5.466413216078009,1.0,6.123233995736766e-17,0,0,0,1,0,0,0,1,0
73.79,9,0,0,36,5,31,4.314684186203576,0.7071067811865476,-0.7071067811865475,0,1,1,2,1,0,0,0,0
397.66,9,0,1,76,2,42,5.98810892329462,0.7071067811865476,-0.7071067811865475,0,0,0,1,0,1,0,0,0
13.26,9,0,0,79,2,40,2.65745841498615,0.7071067811865476,-0.7071067811865475,0,0,0,0,0,1,0,0,0
197.88,10,0,0,87,1,62,5.292701627762401,0.49999999999999994,-0.8660254037844387,0,0,0,0,0,1,0,0,0
248.56,20,0,0,50,0,24,5.519699367242586,-0.8660254037844386,0.5000000000000001,0,0,0,0,0,0,0,1,0
48.8,11,0,0,63,1,44,3.9080149840306073,0.258819045102521,-0.9659258262890682,0,0,0,0,0,0,0,1,0
70.62,12,1,0,93,2,45,4.271374364570287,1.2246467991473532e-16,-1.0,0,0,0,1,0,1,0,0,0
105.99,9,0,0,50,2,19,4.672735372150515,0.7071067811865476,-0.7071067811865475,0,0,0,0,0,0,0,0,1
32.33,20,0,0,29,6,63,3.506457892319648,-0.8660254037844386,0.5000000000000001,0,1,1,2,0,0,1,0,0
23.05,10,0,1,72,1,54,3.1801349965517702,0.49999999999999994,-0.8660254037844387,0,0,0,1,0,1,0,0,0
124.98,17,1,0,88,1,33,4.836123164193783,-0.9659258262890683,-0.25881904510252063,0,0,0,1,0,0,0,1,0
881.06,11,0,0,56,2,29,6.78226008090393,0.258819045102521,-0.9659258262890682,0,0,0,0,1,0,0,0,0
56.29,17,0,1,65,2,64,4.048126088420487,-0.9659258262890683,-0.25881904510252063,0,0,0,1,0,0,0,0,1
530.67,5,0,0,55,2,33,6.2760229961236575,0.9659258262890683,0.25881904510252074,1,0,0,1,0,1,0,0,0
190.14,14,1,0,72,1,34,5.253006143838033,-0.4999999999999997,-0.8660254037844388,0,0,0,1,0,0,0,1,0
282.08,19,0,0,97,1,48,5.645729543207584,-0.9659258262890684,0.2588190451025203,0,0,0,0,0,1,0,0,0
303.41,1,0,1,88,1,64,5.7183754769591015,0.25881904510252074,0.9659258262890683,1,0,0,2,0,0,0,0,1
186.29,1,0,0,69,1,52,5.232658217741762,0.25881904510252074,0.9659258262890683,1,0,0,1,0,0,0,1,0
171.02,23,0,0,62,1,42,5.147610749123333,-0.25881904510252157,0.9659258262890681,0,0,0,0,1,0,0,0,0
117.19,17,0,0,60,4,39,4.7722934990241495,-0.9659258262890683,-0.25881904510252063,0,1,0,1,0,0,0,0,1
158.39,8,0,0,67,1,55,5.071354029130961,0.8660254037844387,-0.4999999999999998,0,0,0,0,0,0,1,0,0
163.56,12,0,0,53,1,27,5.103275245344702,1.2246467991473532e-16,-1.0,0,0,0,0,1,0,0,0,0
74.47,10,0,0,33,2,64,4.323735226296777,0.49999999999999994,-0.8660254037844387,0,0,1,1,0,0,0,0,1
5.49,7,0,0,57,4,65,1.8702625307159986,0.9659258262890683,-0.25881904510252063,0,1,0,1,0,1,0,0,0
671.88,9,0,0,95,2,44,6.511567007654182,0.7071067811865476,-0.7071067811865475,0,0,0,0,0,0,1,0,0
159.11,5,0,1,33,1,49,5.075861079013963,0.9659258262890683,0.25881904510252074,1,0,1,3,0,1,0,0,0
102.08,18,0,0,72,1,22,4.635505385784164,-1.0,-1.8369701987210297e-16,0,0,0,0,0,0,0,1,0
33.51,22,0,0,54,2,46,3.541249137109912,-0.5000000000000004,0.8660254037844384,0,0,0,0,0,0,1,0,0
261.53,4,1,0,42,3,39,5.570365361215849,0.8660254037844386,0.5000000000000001,1,0,0,2,0,1,0,0,0
0.17,16,0,0,84,1,58,0.15700374880966478,-0.8660254037844385,-0.5000000000000004,0,0,0,0,0,0,1,0,0
440.01,9,0,0,88,4,47,6.089067550926717,0.7071067811865476,-0.7071067811865475,0,1,0,1,1,0,0,0,0
127.78,21,0,0,49,1,40,4.858105522110037,-0.7071067811865477,0.7071067811865474,0,0,0,0,1,0,0,0,0
514.78,7,0,0,91,2,42,6.2456803179766025,0.9659258262890683,-0.25881904510252063,0,0,0,0,0,0,0,0,1
13.49,5,1,0,38,6,30,2.673458756332591,0.9659258262890683,0.25881904510252074,1,1,1,4,0,0,0,1,0
9.19,2,0,0,75,2,51,2.321406847234633,0.49999999999999994,0.8660254037844387,1,0,0,1,0,0,0,0,1
338.56,1,0,0,31,1,44,5.827650661869767,0.25881904510252074,0.9659258262890683,1,0,1,2,0,1,0,0,0
456.19,11,1,0,81,1,56,6.125099059415487,0.258819045102521,-0.9659258262890682,0,0,0,1,0,0,0,0,1
615.19,22,0,0,44,1,69,6.423555357533643,-0.5000000000000004,0.8660254037844384,0,0,0,0,0,0,0,1,0
395.68,12,0,0,34,0,46,5.983129910317924,1.2246467991473532e-16,-1.0,0,0,1,1,1,0,0,0,0
377.92,4,0,0,76,3,24,5.937325101007334,0.8660254037844386,0.5000000000000001,1,0,0,1,1,0,0,0,0
16.11,9,0,0,93,3,32,2.839663087904102,0.7071067811865476,-0.7071067811865475,0,0,0,0,0,1,0,0,0
108.07,20,0,0,53,1,34,4.691989877940651,-0.8660254037844386,0.5000000000000001,0,0,0,0,0,1,0,0,0
152.19,16,0,0,92,0,51,5.031678981024605,-0.8660254037844385,-0.5000000000000004,0,0,0,0,0,0,1,0,0
31.85,23,0,0,45,1,35,3.4919517449306197,-0.25881904510252157,0.9659258262890681,0,0,0,0,0,0,0,0,1
67.79,14,1,0,41,1,19,4.2310583855379225,-0.4999999999999997,-0.8660254037844388,0,0,0,1,0,1,0,0,0
92.49,17,0,0,49,1,38,4.537854478703224,-0.9659258262890683,-0.25881904510252063,0,0,0,0,1,0,0,0,0
7.66,14,0,0,44,1,51,2.1587147225743437,-0.4999999999999997,-0.8660254037844388,0,0,0,0,0,0,0,1,0
422.49,14,0,0,39,0,50,6.048529901062438,-0.4999999999999997,-0.8660254037844388,0,0,1,1,1,0,0,0,0
125.72,14,0,0,46,4,26,4.841979928066116,-0.4999999999999997,-0.8660254037844388,0,1,0,1,0,0,0,0,1
92.79,7,1,0,92,2,61,4.541058240520847,0.9659258262890683,-0.25881904510252063,0,0,0,1,0,0,1,0,0
84.49,22,0,0,57,0,64,4.448399410038142,-0.5000000000000004,0.8660254037844384,0,0,0,0,0,1,0,0,0
5.15,13,0,0,34,3,42,1.8164520818184267,-0.2588190451025208,-0.9659258262890683,0,0,1,1,0,1,0,0,0
229.34,4,0,0,48,3,49,5.439556478240761,0.8660254037844386,0.5000000000000001,1,0,0,1,0,0,1,0,0
8.68,16,0,0,35,2,55,2.2700619012884857,-0.8660254037844385,-0.5000000000000004,0,0,1,1,0,0,1,0,0
97.47,23,0,0,41,3,42,4.589751933259711,-0.25881904510252157,0.9659258262890681,0,0,0,0,0,1,0,0,0
167.02,4,0,0,42,3,44,5.124083019936701,0.8660254037844386,0.5000000000000001,1,0,0,1,0,0,1,0,0
25.94,11,0,0,38,1,32,3.293612170982218,0.258819045102521,-0.9659258262890682,0,0,1,1,0,0,1,0,0
25.2,21,0,0,68,3,56,3.265759410767051,-0.7071067811865477,0.7071067811865474,0,0,0,0,0,1,0,0,0
239.4,9,0,0,65,1,22,5.4823042026610525,0.7071067811865476,-0.7071067811865475,0,0,0,0,1,0,0,0,0
59.51,9,0,0,92,2,20,4.10280864063423,0.7071067811865476,-0.7071067811865475,0,0,0,0,0,0,0,1,0
446.75,20,0,1,53,2,47,6.1042350409408215,-0.8660254037844386,0.5000000000000001,0,0,0,1,0,1,0,0,0
101.23,1,0,0,69,1,65,4.627225176768922,0.25881904510252074,0.9659258262890683,1,0,0,1,0,1,0,0,0
41.72,2,0,0,99,2,23,3.7546671946519394,0.49999999999999994,0.8660254037844387,1,0,0,1,1,0,0,0,0
154.23,14,0,0,88,2,65,5.0449078880383516,-0.4999999999999997,-0.8660254037844388,0,0,0,0,0,0,0,0,1
68.89,9,0,0,45,0,36,4.246922577489038,0.7071067811865476,-0.7071067811865475,0,0,0,0,0,0,1,0,0
161.28,5,0,0,59,0,66,5.089323238338246,0.9659258262890683,0.25881904510252074,1,0,0,1,0,0,0,0,1
28.41,20,0,0,84,2,32,3.3813347525659037,-0.8660254037844386,0.5000000000000001,0,0,0,0,0,1,0,0,0
122.19,3,1,0,77,1,54,4.813727878973883,0.7071067811865476,0.7071067811865476,1,0,0,2,0,1,0,0,0
151.65,23,0,0,47,3,67,5.028147719180887,-0.25881904510252157,0.9659258262890681,0,0,0,0,0,0,0,0,1
105.44,20,0,0,44,4,62,4.667581446109488,-0.8660254037844386,0.5000000000000001,0,1,0,1,1,0,0,0,0
121.95,1,0,0,41,2,49,4.811777768662202,0.25881904510252074,0.9659258262890683,1,0,0,1,0,0,1,0,0
2.32,7,0,0,30,3,43,1.199964782928397,0.9659258262890683,-0.25881904510252063,0,0,1,1,1,0,0,0,0
106.27,13,0,0,80,0,60,4.675349020609338,-0.2588190451025208,-0.9659258262890683,0,0,0,0,1,0,0,0,0
153.8,18,0,0,64,1,50,5.042133961155627,-1.0,-1.8369701987210297e-16,0,0,0,0,1,0,0,0,0
455.84,14,0,0,54,1,51,6.124333220182407,-0.4999999999999997,-0.8660254037844388,0,0,0,0,0,0,1,0,0
18.86,9,0,0,45,2,36,2.9887076586170265,0.7071067811865476,-0.7071067811865475,0,0,0,0,1,0,0,0,0
46.74,12,0,0,62,1,19,3.865769620910684,1.2246467991473532e-16,-1.0,0,0,0,0,0,0,1,0,0
391.15,21,0,0,30,1,47,5.971644419658675,-0.7071067811865477,0.7071067811865474,0,0,1,1,1,0,0,0,0
379.6,0,1,0,90,1,33,5.9417489548620495,0.0,1.0,1,0,0,2,1,0,0,0,0
89.96,2,0,0,43,2,55,4.510419849442281,0.49999999999999994,0.8660254037844387,1,0,0,1,0,0,0,0,1
149.86,14,0,0,97,6,42,5.016352254425485,-0.4999999999999997,-0.8660254037844388,0,1,0,1,0,0,0,0,1
16.78,0,0,0,32,0,42,2.8780742300857587,0.0,1.0,1,0,1,2,0,0,1,0,0
163.3,10,0,0,80,6,68,5.101694025043223,0.49999999999999994,-0.8660254037844387,0,1,0,1,0,0,1,0,0
128.62,5,0,0,74,4,50,4.86460709299957,0.9659258262890683,0.25881904510252074,1,1,0,2,0,0,0,1,0
343.28,23,0,0,50,1,64,5.8414552797812735,-0.25881904510252157,0.9659258262890681,0,0,0,0,0,0,0,1,0
6.53,5,0,0,27,0,24,2.018895041811802,0.9659258262890683,0.25881904510252074,1,0,1,2,0,0,0,0,1
84.74,4,0,0,90,2,63,4.451319461169831,0.8660254037844386,0.5000000000000001,1,0,0,1,1,0,0,0,0
270.69,6,0,1,71,1,60,5.604661710455007,1.0,6.123233995736766e-17,0,0,0,1,0,1,0,0,0
59.3,6,0,0,58,3,37,4.09933210373314,1.0,6.123233995736766e-17,0,0,0,0,0,0,0,1,0
207.48,12,0,0,79,3,37,5.339843113376535,1.2246467991473532e-16,-1.0,0,0,0,0,0,0,1,0,0
53.7,11,0,0,55,7,62,4.001863709427935,0.258819045102521,-0.9659258262890682,0,1,0,1,0,0,0,1,0
31.86,6,0,0,70,1,39,3.492256112609122,1.0,6.123233995736766e-17,0,0,0,0,0,1,0,0,0
42.9,3,0,0,70,2,57,3.7819143200811256,0.7071067811865476,0.7071067811865476,1,0,0,1,1,0,0,0,0
79.48,4,0,0,40,2,44,4.388008706351429,0.8660254037844386,0.5000000000000001,1,0,0,1,0,1,0,0,0
90.18,2,0,0,36,1,23,4.512835574785296,0.49999999999999994,0.8660254037844387,1,0,1,2,0,0,0,1,0
185.06,22,1,0,99,0,35,5.226069202340413,-0.5000000000000004,0.8660254037844384,0,0,0,1,0,0,1,0,0
292.91,11,1,0,78,4,45,5.683273598024661,0.258819045102521,-0.9659258262890682,0,1,0,2,0,0,0,1,0
287.73,13,0,0,50,1,54,5.665491995367873,-0.2588190451025208,-0.9659258262890683,0,0,0,0,0,0,0,0,1
377.75,8,0,0,61,2,58,5.9368763568235785,0.8660254037844387,-0.4999999999999998,0,0,0,0,1,0,0,0,0
90.75,20,0,0,39,2,45,4.51906748693468,-0.8660254037844386,0.5000000000000001,0,0,1,1,0,0,0,0,1
141.75,18,0,0,31,4,47,4.96109484853612,-1.0,-1.8369701987210297e-16,0,1,1,2,0,0,1,0,0
220.5,14,0,0,46,1,60,5.40042258948519,-0.4999999999999997,-0.8660254037844388,0,0,0,0,0,1,0,0,0
126.91,21,0,1,47,3,40,4.8513268916113015,-0.7071067811865477,0.7071067811865474,0,0,0,1,0,0,1,0,0
5.94,12,0,0,69,3,19,1.937301774518713,1.2246467991473532e-16,-1.0,0,0,0,0,0,0,1,0,0
82.11,14,0,0,49,2,27,4.420165031564935,-0.4999999999999997,-0.8660254037844388,0,0,0,0,0,0,1,0,0
19.32,4,0,0,86,4,63,3.011605622710281,0.8660254037844386,0.5000000000000001,1,1,0,2,0,0,0,0,1
76.53,22,0,0,49,3,32,4.350664958230868,-0.5000000000000004,0.8660254037844384,0,0,0,0,1,0,0,0,0
47.88,17,0,0,89,3,20,3.88936831486334,-0.9659258262890683,-0.25881904510252063,0,0,0,0,0,0,0,0,1
112.05,1,0,0,78,1,19,4.727830198723979,0.25881904510252074,0.9659258262890683,1,0,0,1,0,0,0,0,1
739.53,0,0,0,71,1,38,6.607366146053996,0.0,1.0,1,0,0,1,0,0,0,0,1
41.13,15,1,0,55,2,68,3.7407600759909254,-0.7071067811865471,-0.7071067811865479,0,0,0,1,0,0,0,0,1
164.17,3,0,0,91,1,22,5.106975246532999,0.7071067811865476,0.7071067811865476,1,0,0,1,0,0,0,0,1
6.66,10,0,0,33,1,60,2.0360119837525,0.49999999999999994,-0.8660254037844387,0,0,1,1,0,0,1,0,0
116.62,16,0,0,86,1,33,4.76745908903181,-0.8660254037844385,-0.5000000000000004,0,0,0,0,0,0,0,1,0
529.71,14,1,0,83,0,54,6.274215732693819,-0.4999999999999997,-0.8660254037844388,0,0,0,1,0,0,1,0,0
33.07,5,0,0,26,2,35,3.5284172316728752,0.9659258262890683,0.25881904510252074,1,0,1,2,0,0,1,0,0
326.57,19,0,0,82,2,19,5.7917017726940845,-0.9659258262890684,0.2588190451025203,0,0,0,0,1,0,0,0,0
97.93,6,0,0,86,1,55,4.5944125293351314,1.0,6.123233995736766e-17,0,0,0,0,0,0,0,0,1
437.1,13,0,0,57,0,27,6.082447194819853,-0.2588190451025208,-0.9659258262890683,0,0,0,0,1,0,0,0,0
248.81,16,0,0,44,1,21,5.520700628915837,-0.8660254037844385,-0.5000000000000004,0,0,0,0,1,0,0,0,0
72.16,5,0,0,25,0,59,4.292648823522665,0.9659258262890683,0.25881904510252074,1,0,1,2,0,0,0,0,1
195.8,9,0,0,56,2,55,5.282187984618153,0.7071067811865476,-0.7071067811865475,0,0,0,0,1,0,0,0,0
134.88,0,1,0,73,2,68,4.911772143292383,0.0,1.0,1,0,0,2,0,0,1,0,0
704.63,19,0,0,90,2,60,6.559091020795562,-0.9659258262890684,0.2588190451025203,0,0,0,0,0,1,0,0,0
197.61,17,0,0,81,4,42,5.2913431028107,-0.9659258262890683,-0.25881904510252063,0,1,0,1,0,1,0,0,0
303.91,21,0,0,45,0,38,5.720016651094949,-0.7071067811865477,0.7071067811865474,0,0,0,0,0,1,0,0,0
431.51,8,0,0,88,2,64,6.069605447491922,0.8660254037844387,-0.4999999999999998,0,0,0,0,0,1,0,0,0
8.48,16,0,0,46,4,66,2.2491843162669305,-0.8660254037844385,-0.5000000000000004,0,1,0,1,0,0,0,1,0
27.17,18,0,0,69,0,40,3.338257581888281,-1.0,-1.8369701987210297e-16,0,0,0,0,0,0,1,0,0
23.4,9,0,0,58,2,34,3.1945831322991562,0.7071067811865476,-0.7071067811865475,0,0,0,0,0,0,0,0,1
217.08,20,0,0,90,2,52,5.384861967948223,-0.8660254037844386,0.5000000000000001,0,0,0,0,0,1,0,0,0
79.08,12,0,0,49,4,62,4.383026135006965,1.2246467991473532e-16,-1.0,0,1,0,1,0,0,0,1,0
107.53,1,0,1,46,2,55,4.687026632457924,0.25881904510252074,0.9659258262890683,1,0,0,2,0,0,1,0,0
182.9,6,0,0,72,2,31,5.214392131610276,1.0,6.123233995736766e-17,0,0,0,0,0,0,1,0,0
89.97,13,0,0,39,2,62,4.510529781833971,-0.2588190451025208,-0.9659258262890683,0,0,1,1,0,1,0,0,0
72.82,6,0,0,56,4,30,4.301629697601852,1.0,6.123233995736766e-17,0,1,0,1,0,0,1,0,0
416.6,0,0,0,37,1,19,6.034524036568429,0.0,1.0,1,0,1,2,0,0,0,0,1
16.07,23,0,0,34,0,69,2.837322536806349,-0.25881904510252157,0.9659258262890681,0,0,1,1,0,0,0,1,0
327.45,13,0,0,98,1,51,5.794384619338482,-0.2588190451025208,-0.9659258262890683,0,0,0,0,0,1,0,0,0
91.37,18,0,0,27,3,47,4.525802250604519,-1.0,-1.8369701987210297e-16,0,0,1,1,0,1,0,0,0
317.77,13,0,0,81,2,18,5.764469839602284,-0.2588190451025208,-0.9659258262890683,0,0,0,0,1,0,0,0,0
247.7,7,0,0,76,1,25,5.516247350809359,0.9659258262890683,-0.25881904510252063,0,0,0,0,0,0,0,1,0
459.7,14,0,0,45,2,43,6.132747071941871,-0.4999999999999997,-0.8660254037844388,0,0,0,0,0,0,1,0,0
92.71,23,0,0,74,0,25,4.540204907135732,-0.25881904510252157,0.9659258262890681,0,0,0,0,0,0,0,0,1
252.02,11,0,0,88,3,57,5.533468536986524,0.258819045102521,-0.9659258262890682,0,0,0,0,0,0,0,0,1
650.66,23,1,0,47,2,62,6.47952295352,-0.25881904510252157,0.9659258262890681,0,0,0,1,0,0,1,0,0
33.49,6,0,0,85,2,20,3.5406694269487495,1.0,6.123233995736766e-17,0,0,0,0,0,0,0,1,0
18.95,18,0,0,98,5,30,2.9932291433358724,-1.0,-1.8369701987210297e-16,0,1,0,1,0,0,0,0,1
45.95,11,0,0,30,5,37,3.849083205654272,0.258819045102521,-0.9659258262890682,0,1,1,2,1,0,0,0,0
156.14,12,0,0,81,4,55,5.0571371277476755,1.2246467991473532e-16,-1.0,0,1,0,1,0,0,1,0,0
179.81,5,0,0,25,0,36,5.197446756163062,0.9659258262890683,0.25881904510252074,1,0,1,2,0,0,1,0,0
209.24,0,1,0,49,2,38,5.348249735296246,0.0,1.0,1,0,0,2,1,0,0,0,0
170.93,15,0,0,36,5,21,5.147087417231756,-0.7071067811865471,-0.7071067811865479,0,1,1,2,0,0,0,1,0
138.67,15,1,0,89,1,53,4.93928249731768,-0.7071067811865471,-0.7071067811865479,0,0,0,1,0,1,0,0,0
43.55,5,0,0,51,3,25,3.796612153916818,0.9659258262890683,0.25881904510252074,1,0,0,1,1,0,0,0,0
80.83,6,0,0,99,6,21,4.4046439245392905,1.0,6.123233995736766e-17,0,1,0,1,0,1,0,0,0
13.62,6,0,0,37,2,62,2.6823904543216326,1.0,6.123233995736766e-17,0,0,1,1,0,0,1,0,0
694.15,6,1,0,61,2,21,6.544127649615552,1.0,6.123233995736766e-17,0,0,0,1,0,1,0,0,0
311.28,3,0,0,40,0,42,5.74390022125209,0.7071067811865476,0.7071067811865476,1,0,0,1,1,0,0,0,0
166.51,12,0,0,65,5,60,5.1210430509755955,1.2246467991473532e-16,-1.0,0,1,0,1,0,1,0,0,0
41.18,8,0,0,38,3,61,3.7419461750506287,0.8660254037844387,-0.4999999999999998,0,0,1,1,0,0,0,0,1
777.09,7,0,0,87,5,40,6.656842198721767,0.9659258262890683,-0.25881904510252063,0,1,0,1,1,0,0,0,0
383.89,6,0,0,73,1,62,5.952957579177967,1.0,6.123233995736766e-17,0,0,0,0,1,0,0,0,0
328.91,22,0,0,58,1,24,5.798819889990953,-0.5000000000000004,0.8660254037844384,0,0,0,0,0,0,0,1,0
2.28,8,0,0,55,7,33,1.1878434223960523,0.8660254037844387,-0.4999999999999998,0,1,0,1,1,0,0,0,0
162.79,17,0,0,61,0,46,5.098585119494288,-0.9659258262890683,-0.25881904510252063,0,0,0,0,0,0,0,0,1
7.22,19,1,0,95,3,61,2.1065702090680882,-0.9659258262890684,0.2588190451025203,0,0,0,1,1,0,0,0,0
175.74,9,0,0,33,1,34,5.174679726089859,0.7071067811865476,-0.7071067811865475,0,0,1,1,0,0,1,0,0
59.8,7,0,0,95,1,53,4.107589788972121,0.9659258262890683,-0.25881904510252063,0,0,0,0,0,0,1,0,0
36.08,12,0,0,25,3,43,3.6130777406976544,1.2246467991473532e-16,-1.0,0,0,1,1,0,0,1,0,0
80.35,22,0,0,66,2,61,4.3987608336650466,-0.5000000000000004,0.8660254037844384,0,0,0,0,0,1,0,0,0
198.82,1,0,0,33,2,39,5.297416961304872,0.25881904510252074,0.9659258262890683,1,0,1,2,0,0,1,0,0
160.37,5,0,0,81,0,21,5.083699864953261,0.9659258262890683,0.25881904510252074,1,0,0,1,1,0,0,0,0
203.49,21,0,0,28,4,22,5.320519074531723,-0.7071067811865477,0.7071067811865474,0,1,1,2,0,0,0,1,0
155.46,3,0,0,51,3,61,5.052800386256934,0.7071067811865476,0.7071067811865476,1,0,0,1,0,0,1,0,0
20.71,17,0,0,92,2,35,3.0777729838902004,-0.9659258262890683,-0.25881904510252063,0,0,0,0,0,0,0,1,0
115.8,12,0,0,70,1,32,4.760463070394127,1.2246467991473532e-16,-1.0,0,0,0,0,0,0,1,0,0
302.96,16,0,0,36,0,22,5.716896113801584,-0.8660254037844385,-0.5000000000000004,0,0,1,1,1,0,0,0,0
362.94,16,0,0,37,3,43,5.896989018885097,-0.8660254037844385,-0.5000000000000004,0,0,1,1,0,0,0,0,1
6.72,9,0,0,45,4,30,2.0438143640366846,0.7071067811865476,-0.7071067811865475,0,1,0,1,0,0,1,0,0
242.11,17,0,1,88,6,66,5.493514015811296,-0.9659258262890683,-0.25881904510252063,0,1,0,2,0,1,0,0,0
203.64,11,1,0,63,1,44,5.321252337830533,0.258819045102521,-0.9659258262890682,0,0,0,1,1,0,0,0,0
3.27,16,0,0,50,1,37,1.451613827240533,-0.8660254037844385,-0.5000000000000004,0,0,0,0,0,0,0,1,0
21.39,6,0,1,87,3,19,3.1086144306106633,1.0,6.123233995736766e-17,0,0,0,1,0,0,1,0,0
6.52,14,0,0,73,2,42,2.017566137961748,-0.4999999999999997,-0.8660254037844388,0,0,0,0,1,0,0,0,0
49.46,18,0,0,34,0,23,3.921180943212912,-1.0,-1.8369701987210297e-16,0,0,1,1,0,0,1,0,0
6.08,6,0,0,79,3,26,1.9572739077056285,1.0,6.123233995736766e-17,0,0,0,0,0,1,0,0,0
53.34,0,0,0,59,3,65,3.9952606039982017,0.0,1.0,1,0,0,1,1,0,0,0,0
12.88,9,0,0,95,3,40,2.6304489550786583,0.7071067811865476,-0.7071067811865475,0,0,0,0,0,0,1,0,0
589.51,17,0,0,43,2,38,6.380986570295041,-0.9659258262890683,-0.25881904510252063,0,0,0,0,0,1,0,0,0
206.8,11,0,0,36,3,24,5.336576078665127,0.258819045102521,-0.9659258262890682,0,0,1,1,0,0,1,0,0
75.69,16,0,0,59,2,42,4.339771321776768,-0.8660254037844385,-0.5000000000000004,0,0,0,0,0,0,1,0,0
171.82,21,0,0,26,1,33,5.152250590413253,-0.7071067811865477,0.7071067811865474,0,0,1,1,1,0,0,0,0
7.64,2,0,0,62,6,46,2.1564025828159643,0.49999999999999994,0.8660254037844387,1,1,0,2,0,1,0,0,0
314.29,23,0,0,33,2,28,5.7534928502218605,-0.25881904510252157,0.9659258262890681,0,0,1,1,0,0,0,1,0
107.98,2,0,1,99,0,52,4.691164379154952,0.49999999999999994,0.8660254037844387,1,0,0,2,1,0,0,0,0
580.01,23,0,0,82,1,64,6.36476796840775,-0.25881904510252157,0.9659258262890681,0,0,0,0,1,0,0,0,0
96.1,21,0,0,89,4,48,4.575741375297279,-0.7071067811865477,0.7071067811865474,0,1,0,1,0,0,1,0,0
183.16,2,0,0,36,2,24,5.215804944973573,0.49999999999999994,0.8660254037844387,1,0,1,2,0,0,0,1,0
75.24,21,0,0,49,1,49,4.333886259345946,-0.7071067811865477,0.7071067811865474,0,0,0,0,0,0,0,1,0
253.49,5,1,0,69,1,44,5.539261542487753,0.9659258262890683,0.25881904510252074,1,0,0,2,0,1,0,0,0
5.26,7,0,0,30,0,56,1.8341801851120072,0.9659258262890683,-0.25881904510252063,0,0,1,1,1,0,0,0,0
240.5,12,0,0,88,4,49,5.486869473092628,1.2246467991473532e-16,-1.0,0,1,0,1,0,0,0,0,1
320.76,13,1,0,27,2,33,5.773805926024342,-0.2588190451025208,-0.9659258262890683,0,0,1,2,0,0,0,0,1
88.74,20,0,1,89,0,29,4.496916600547837,-0.8660254037844386,0.5000000000000001,0,0,0,1,1,0,0,0,0
260.78,10,0,0,98,2,38,5.567504456363573,0.49999999999999994,-0.8660254037844387,0,0,0,0,1,0,0,0,0
33.9,9,0,0,48,1,52,3.5524868292083815,0.7071067811865476,-0.7071067811865475,0,0,0,0,0,0,1,0,0
486.86,12,0,0,27,5,63,6.190028479447801,1.2246467991473532e-16,-1.0,0,1,1,2,1,0,0,0,0
13.69,18,0,0,93,2,32,2.6871669901857858,-1.0,-1.8369701987210297e-16,0,0,0,0,0,1,0,0,0
123.46,17,0,1,68,0,50,4.823984379141072,-0.9659258262890683,-0.25881904510252063,0,0,0,1,1,0,0,0,0
72.89,22,0,0,29,1,61,4.302577500800556,-0.5000000000000004,0.8660254037844384,0,0,1,1,0,1,0,0,0
5.48,9,0,0,79,2,48,1.8687205103641833,0.7071067811865476,-0.7071067811865475,0,0,0,0,0,0,1,0,0
106.72,17,0,0,26,2,53,4.679535267943399,-0.9659258262890683,-0.25881904510252063,0,0,1,1,0,0,0,1,0
100.45,1,0,0,90,1,68,4.619566066271823,0.25881904510252074,0.9659258262890683,1,0,0,1,0,0,0,0,1
28.14,4,0,0,93,2,31,3.3721118007670587,0.8660254037844386,0.5000000000000001,1,0,0,1,0,0,0,0,1
118.94,3,0,0,27,5,20,4.786991617740363,0.7071067811865476,0.7071067811865476,1,1,1,3,0,0,1,0,0
302.73,23,0,0,69,0,63,5.716139148865572,-0.25881904510252157,0.9659258262890681,0,0,0,0,1,0,0,0,0
171.21,21,0,1,43,2,23,5.1487146623168085,-0.7071067811865477,0.7071067811865474,0,0,0,1,0,0,0,0,1
454.31,17,0,0,55,3,40,6.120978505640064,-0.9659258262890683,-0.25881904510252063,0,0,0,0,0,0,0,1,0
526.26,8,0,0,99,4,50,6.2676937855137815,0.8660254037844387,-0.4999999999999998,0,1,0,1,1,0,0,0,0
97.72,8,0,0,81,1,54,4.592287560157078,0.8660254037844387,-0.4999999999999998,0,0,0,0,0,0,1,0,0
100.86,20,0,0,44,1,19,4.623599321456458,-0.8660254037844386,0.5000000000000001,0,0,0,0,0,0,1,0,0
44.75,12,0,1,41,1,43,3.82319179172153,1.2246467991473532e-16,-1.0,0,0,0,1,0,1,0,0,0
126.99,11,0,0,78,5,41,4.8519521358677,0.258819045102521,-0.9659258262890682,0,1,0,1,0,0,0,1,0
380.74,10,0,0,62,0,27,5.944739748601746,0.49999999999999994,-0.8660254037844387,0,0,0,0,0,1,0,0,0
163.17,15,0,0,82,4,41,5.100902476306427,-0.7071067811865471,-0.7071067811865479,0,1,0,1,0,0,0,1,0
221.41,9,0,0,40,1,67,5.404522525394353,0.7071067811865476,-0.7071067811865475,0,0,0,0,1,0,0,0,0
2.8,8,0,0,75,1,37,1.33500106673234,0.8660254037844387,-0.4999999999999998,0,0,0,0,1,0,0,0,0
133.28,11,0,0,77,3,38,4.899927172111834,0.258819045102521,-0.9659258262890682,0,0,0,0,0,1,0,0,0
72.96,19,0,1,45,1,51,4.303524406518924,-0.9659258262890684,0.2588190451025203,0,0,0,1,0,0,0,1,0
26.2,23,1,0,80,2,54,3.3032169733019514,-0.25881904510252157,0.9659258262890681,0,0,0,1,0,0,1,0,0
193.84,11,0,0,35,2,21,5.272178708938342,0.258819045102521,-0.9659258262890682,0,0,1,1,1,0,0,0,0
24.27,3,0,0,46,2,36,3.2296179214001026,0.7071067811865476,0.7071067811865476,1,0,0,1,0,1,0,0,0
240.03,20,0,0,65,7,35,5.484921407071298,-0.8660254037844386,0.5000000000000001,0,1,0,1,0,0,0,1,0
65.96,21,0,0,65,2,20,4.20409542618122,-0.7071067811865477,0.7071067811865474,0,0,0,0,1,0,0,0,0
17.95,21,1,0,29,1,68,2.9418039315284354,-0.7071067811865477,0.7071067811865474,0,0,1,2,0,0,0,0,1
24.81,10,1,0,66,0,66,3.2507620137305224,0.49999999999999994,-0.8660254037844387,0,0,0,1,0,0,0,0,1
10.86,3,0,0,83,0,50,2.4731713935695794,0.7071067811865476,0.7071067811865476,1,0,0,1,0,0,1,0,0
73.49,14,0,0,54,2,30,4.310664888188185,-0.4999999999999997,-0.8660254037844388,0,0,0,0,1,0,0,0,0
485.22,18,0,0,76,1,37,6.186661196371241,-1.0,-1.8369701987210297e-16,0,0,0,0,0,1,0,0,0
72.99,17,0,0,53,1,35,4.303929948937459,-0.9659258262890683,-0.25881904510252063,0,0,0,0,1,0,0,0,0
215.56,17,0,0,99,3,29,5.377867645306046,-0.9659258262890683,-0.25881904510252063,0,0,0,0,0,1,0,0,0
169.29,9,0,0,64,3,57,5.137502866038513,0.7071067811865476,-0.7071067811865475,0,0,0,0,0,0,0,0,1
206.83,7,0,0,68,1,34,5.336720437830982,0.9659258262890683,-0.25881904510252063,0,0,0,0,0,1,0,0,0
6.28,9,0,0,96,4,45,1.9851308622085946,0.7071067811865476,-0.7071067811865475,0,1,0,1,0,1,0,0,0
49.11,5,0,0,64,0,43,3.914220588971633,0.9659258262890683,0.25881904510252074,1,0,0,1,1,0,0,0,0
94.79,21,0,1,34,0,31,4.5621582953948,-0.7071067811865477,0.7071067811865474,0,0,1,2,0,1,0,0,0
50.89,17,0,0,32,1,33,3.949126093379648,-0.9659258262890683,-0.25881904510252063,0,0,1,1,0,0,0,1,0
321.56,11,0,0,73,4,68,5.776289165442949,0.258819045102521,-0.9659258262890682,0,1,0,1,1,0,0,0,0
184.81,19,0,0,74,4,63,5.224724646244663,-0.9659258262890684,0.2588190451025203,0,1,0,1,0,0,1,0,0
562.32,23,1,0,84,2,29,6.33384785032985,-0.25881904510252157,0.9659258262890681,0,0,0,1,0,1,0,0,0
369.81,7,0,0,88,2,50,5.91568980204434,0.9659258262890683,-0.25881904510252063,0,0,0,0,0,0,1,0,0
142.02,13,0,1,43,0,28,4.96298448062025,-0.2588190451025208,-0.9659258262890683,0,0,0,1,0,0,0,1,0
10.0,3,0,0,46,2,68,2.3978952727983707,0.7071067811865476,0.7071067811865476,1,0,0,1,0,0,1,0,0
36.61,20,0,0,51,3,60,3.627269972482245,-0.8660254037844386,0.5000000000000001,0,0,0,0,0,0,1,0,0
456.54,20,0,0,97,4,65,6.1258643125876375,-0.8660254037844386,0.5000000000000001,0,1,0,1,0,1,0,0,0
94.11,19,0,0,93,2,30,4.555034116494294,-0.9659258262890684,0.2588190451025203,0,0,0,0,0,0,0,1,0
198.23,20,0,1,77,5,31,5.294459936220732,-0.8660254037844386,0.5000000000000001,0,1,0,2,0,0,1,0,0
98.16,19,0,0,42,2,52,4.5967347071669895,-0.9659258262890684,0.2588190451025203,0,0,0,0,0,0,1,0,0
88.58,13,0,0,56,0,54,4.495132080779154,-0.2588190451025208,-0.9659258262890683,0,0,0,0,0,0,1,0,0
111.2,9,0,0,48,3,69,4.720282993088596,0.7071067811865476,-0.7071067811865475,0,0,0,0,1,0,0,0,0
206.53,9,0,0,78,1,60,5.3352759075335685,0.7071067811865476,-0.7071067811865475,0,0,0,0,0,0,1,0,0
1339.51,3,0,0,89,0,26,7.20080541755121,0.7071067811865476,0.7071067811865476,1,0,0,1,0,0,0,1,0
151.28,8,0,0,27,0,50,5.0257209315142966,0.8660254037844387,-0.4999999999999998,0,0,1,1,0,0,1,0,0
416.56,15,0,0,79,3,29,6.034428246540098,-0.7071067811865471,-0.7071067811865479,0,0,0,0,0,0,0,1,0
95.26,21,0,0,45,3,41,4.567052863874963,-0.7071067811865477,0.7071067811865474,0,0,0,0,0,0,0,0,1
9.77,7,0,0,61,1,21,2.3767644911682972,0.9659258262890683,-0.25881904510252063,0,0,0,0,0,0,0,1,0
84.94,15,1,0,69,0,18,4.453649378346849,-0.7071067811865471,-0.7071067811865479,0,0,0,1,0,0,1,0,0
238.67,20,0,1,91,1,24,5.47926297716206,-0.8660254037844386,0.5000000000000001,0,0,0,1,1,0,0,0,0
73.4,17,0,0,41,3,32,4.309455941839047,-0.9659258262890683,-0.25881904510252063,0,0,0,0,1,0,0,0,0
122.44,3,0,0,74,1,29,4.815755208054905,0.7071067811865476,0.7071067811865476,1,0,0,1,0,0,1,0,0
113.55,10,0,0,72,1,24,4.741011408899505,0.49999999999999994,-0.8660254037844387,0,0,0,0,0,0,1,0,0
314.65,20,0,0,97,5,67,5.754634004813634,-0.8660254037844386,0.5000000000000001,0,1,0,1,0,0,0,1,0
23.04,18,1,0,74,3,31,3.179719109667007,-1.0,-1.8369701987210297e-16,0,0,0,1,0,0,1,0,0
340.4,22,0,0,38,1,67,5.83305481036034,-0.5000000000000004,0.8660254037844384,0,0,1,1,0,0,1,0,0
64.18,10,0,0,49,2,67,4.177152673409416,0.49999999999999994,-0.8660254037844387,0,0,0,0,1,0,0,0,0
241.04,17,0,0,81,2,37,5.4891030017541205,-0.9659258262890683,-0.25881904510252063,0,0,0,0,1,0,0,0,0
23.12,8,0,0,93,0,50,3.1830413718589847,0.8660254037844387,-0.4999999999999998,0,0,0,0,1,0,0,0,0
168.81,19,0,0,83,2,41,5.13468016495821,-0.9659258262890684,0.2588190451025203,0,0,0,0,0,0,1,0,0
65.81,15,0,0,99,5,59,4.2018527699373855,-0.7071067811865471,-0.7071067811865479,0,1,0,1,0,0,0,1,0
25.38,19,0,0,68,0,40,3.2726061472891685,-0.9659258262890684,0.2588190451025203,0,0,0,0,1,0,0,0,0
115.79,10,0,0,37,5,18,4.760377450290474,0.49999999999999994,-0.8660254037844387,0,1,1,2,1,0,0,0,0
33.64,12,0,0,70,3,53,3.5450090836942345,1.2246467991473532e-16,-1.0,0,0,0,0,0,1,0,0,0
301.14,20,0,0,99,0,40,5.710890486115579,-0.8660254037844386,0.5000000000000001,0,0,0,0,1,0,0,0,0
26.99,13,0,0,61,1,19,3.331847303527362,-0.2588190451025208,-0.9659258262890683,0,0,0,0,0,0,0,1,0
87.67,9,0,0,36,1,65,4.484921613391916,0.7071067811865476,-0.7071067811865475,0,0,1,1,1,0,0,0,0
160.87,19,0,0,75,3,59,5.086793543945869,-0.9659258262890684,0.2588190451025203,0,0,0,0,1,0,0,0,0
351.76,8,0,0,62,0,24,5.86578793901998,0.8660254037844387,-0.4999999999999998,0,0,0,0,0,0,0,1,0
75.52,11,0,0,45,4,19,4.337552144572052,0.258819045102521,-0.9659258262890682,0,1,0,1,1,0,0,0,0
54.03,18,0,0,68,4,57,4.007878491071668,-1.0,-1.8369701987210297e-16,0,1,0,1,0,0,1,0,0
20.38,5,0,0,85,2,62,3.062455905596899,0.9659258262890683,0.25881904510252074,1,0,0,1,0,0,0,0,1
27.79,4,1,0,25,0,61,3.3600281046240843,0.8660254037844386,0.5000000000000001,1,0,1,3,1,0,0,0,0
46.18,2,0,0,79,1,42,3.853970073979529,0.49999999999999994,0.8660254037844387,1,0,0,1,0,0,1,0,0
32.4,14,0,0,33,0,22,3.5085558999826545,-0.4999999999999997,-0.8660254037844388,0,0,1,1,0,0,0,1,0
65.1,13,0,0,70,4,61,4.191168746857641,-0.2588190451025208,-0.9659258262890683,0,1,0,1,1,0,0,0,0
112.33,4,0,0,86,3,45,4.730303916744857,0.8660254037844386,0.5000000000000001,1,0,0,1,1,0,0,0,0
115.7,6,0,0,82,3,54,4.75960653929251,1.0,6.123233995736766e-17,0,0,0,0,0,0,1,0,0
233.47,22,0,0,88,2,55,5.457327647932645,-0.5000000000000004,0.8660254037844384,0,0,0,0,0,0,1,0,0
50.14,2,0,0,63,2,29,3.9345669698630408,0.49999999999999994,0.8660254037844387,1,0,0,1,0,1,0,0,0
529.79,22,0,0,50,0,39,6.274366462793021,-0.5000000000000004,0.8660254037844384,0,0,0,0,0,0,1,0,0
68.21,20,0,0,82,3,57,4.237145360853772,-0.8660254037844386,0.5000000000000001,0,0,0,0,0,0,0,0,1
105.46,21,0,1,53,0,67,4.667769327744611,-0.7071067811865477,0.7071067811865474,0,0,0,1,0,1,0,0,0
186.33,15,0,0,95,1,18,5.232871767472967,-0.7071067811865471,-0.7071067811865479,0,0,0,0,0,0,1,0,0
715.85,1,0,0,67,2,61,6.574866613692277,0.25881904510252074,0.9659258262890683,1,0,0,1,1,0,0,0,0
319.61,20,0,0,76,5,36,5.770225431204915,-0.8660254037844386,0.5000000000000001,0,1,0,1,0,0,0,0,1
360.08,16,0,0,53,2,50,5.889099540429954,-0.8660254037844385,-0.5000000000000004,0,0,0,0,0,0,1,0,0
108.1,22,0,0,60,1,31,4.692264892839025,-0.5000000000000004,0.8660254037844384,0,0,0,0,0,0,1,0,0
336.17,8,0,0,90,1,36,5.820587254198285,0.8660254037844387,-0.4999999999999998,0,0,0,0,0,0,0,0,1
182.6,3,0,1,71,1,59,5.21275947818639,0.7071067811865476,0.7071067811865476,1,0,0,2,0,0,0,0,1
3.31,5,0,0,61,4,69,1.4609379041156565,0.9659258262890683,0.25881904510252074,1,1,0,2,0,1,0,0,0
237.32,3,0,0,25,2,59,5.473614308405026,0.7071067811865476,0.7071067811865476,1,0,1,2,0,0,0,0,1
80.45,2,0,0,81,3,18,4.399989335048054,0.49999999999999994,0.8660254037844387,1,0,0,1,0,0,1,0,0
307.54,20,0,0,29,2,63,5.731851494583793,-0.8660254037844386,0.5000000000000001,0,0,1,1,0,1,0,0,0
1.51,21,0,0,78,0,48,0.9202827531436926,-0.7071067811865477,0.7071067811865474,0,0,0,0,0,0,0,0,1
191.68,4,0,0,68,3,31,5.26103078176202,0.8660254037844386,0.5000000000000001,1,0,0,1,0,0,1,0,0
453.27,23,0,1,47,4,48,6.118691734925651,-0.25881904510252157,0.9659258262890681,0,1,0,2,0,0,0,0,1
37.29,10,0,1,76,0,25,3.6451887654892032,0.49999999999999994,-0.8660254037844387,0,0,0,1,1,0,0,0,0
171.27,5,0,0,70,0,58,5.149063013458278,0.9659258262890683,0.25881904510252074,1,0,0,1,1,0,0,0,0
578.78,2,1,0,99,0,36,6.362648721239272,0.49999999999999994,0.8660254037844387,1,0,0,2,0,0,0,0,1
9.46,9,0,0,99,0,42,2.347558458636777,0.7071067811865476,-0.7071067811865475,0,0,0,0,0,0,0,0,1
292.44,17,0,1,83,2,52,5.6816731890681,-0.9659258262890683,-0.25881904510252063,0,0,0,1,0,0,0,1,0
541.16,20,0,0,45,2,66,6.295561160827858,-0.8660254037844386,0.5000000000000001,0,0,0,0,0,1,0,0,0
5.66,20,0,0,78,4,69,1.8961194845522977,-0.8660254037844386,0.5000000000000001,0,1,0,1,1,0,0,0,0
429.01,8,0,0,37,4,66,6.063808464231149,0.8660254037844387,-0.4999999999999998,0,1,1,2,0,1,0,0,0
204.63,0,0,1,51,2,51,5.326078437333427,0.0,1.0,1,0,0,2,1,0,0,0,0
35.58,11,0,0,55,3,33,3.5995016429627196,0.258819045102521,-0.9659258262890682,0,0,0,0,0,1,0,0,0
212.07,5,0,0,53,3,59,5.361620750217275,0.9659258262890683,0.25881904510252074,1,0,0,1,0,1,0,0,0
373.87,23,0,0,80,4,44,5.926579299200965,-0.25881904510252157,0.9659258262890681,0,1,0,1,1,0,0,0,0
42.82,12,0,0,53,1,18,3.7800903341673204,1.2246467991473532e-16,-1.0,0,0,0,0,0,0,0,1,0
14.41,6,0,0,67,0,32,2.7350166493320245,1.0,6.123233995736766e-17,0,0,0,0,0,1,0,0,0
226.35,17,0,0,51,1,40,5.426490680271019,-0.9659258262890683,-0.25881904510252063,0,0,0,0,0,1,0,0,0
10.57,16,0,0,42,0,32,2.448415541205585,-0.8660254037844385,-0.5000000000000004,0,0,0,0,0,1,0,0,0
139.77,5,0,0,25,4,41,4.947127352839874,0.9659258262890683,0.25881904510252074,1,1,1,3,0,0,1,0,0
75.64,15,0,0,44,1,69,4.339119133662605,-0.7071067811865471,-0.7071067811865479,0,0,0,0,0,0,0,1,0
566.35,0,0,0,37,0,48,6.340976397236998,0.0,1.0,1,0,1,2,0,1,0,0,0
1.26,6,0,0,74,1,22,0.8153648132841945,1.0,6.123233995736766e-17,0,0,0,0,1,0,0,0,0
52.28,2,0,0,48,2,57,3.9755610262321337,0.49999999999999994,0.8660254037844387,1,0,0,1,1,0,0,0,0
117.75,11,0,0,97,3,55,4.7770204429147505,0.258819045102521,-0.9659258262890682,0,0,0,0,0,1,0,0,0
404.15,23,0,1,76,2,22,6.0042573689067344,-0.25881904510252157,0.9659258262890681,0,0,0,1,0,0,0,0,1
48.57,12,0,0,99,0,45,3.9033858120324827,1.2246467991473532e-16,-1.0,0,0,0,0,0,0,0,0,1
35.04,0,0,0,77,3,62,3.584629432740137,0.0,1.0,1,0,0,1,1,0,0,0,0
222.65,13,0,0,95,2,58,5.410082329878857,-0.2588190451025208,-0.9659258262890683,0,0,0,0,0,0,0,1,0
80.73,15,0,0,30,1,67,4.403421131528038,-0.7071067811865471,-0.7071067811865479,0,0,1,1,0,0,0,1,0
36.23,18,0,0,82,1,66,3.6171148878846253,-1.0,-1.8369701987210297e-16,0,0,0,0,1,0,0,0,0
191.51,10,0,0,74,1,63,5.260148100430533,0.49999999999999994,-0.8660254037844387,0,0,0,0,0,0,0,1,0
28.0,19,1,0,46,1,31,3.367295829986474,-0.9659258262890684,0.2588190451025203,0,0,0,1,0,0,0,1,0
220.02,18,0,0,36,1,22,5.3982531951606365,-1.0,-1.8369701987210297e-16,0,0,1,1,0,0,0,0,1
40.68,2,0,0,62,0,45,3.7300213974451113,0.49999999999999994,0.8660254037844387,1,0,0,1,0,1,0,0,0
94.65,2,0,0,37,0,55,4.560695695886262,0.49999999999999994,0.8660254037844387,1,0,1,2,0,0,0,0,1
44.83,20,0,0,94,3,49,3.8249388985210326,-0.8660254037844386,0.5000000000000001,0,0,0,0,0,1,0,0,0
572.03,9,0,0,80,2,50,6.350938071365153,0.7071067811865476,-0.7071067811865475,0,0,0,0,0,1,0,0,0
19.86,0,0,1,78,7,29,3.0378334495726262,0.0,1.0,1,1,0,3,0,0,0,1,0
33.48,3,0,0,62,0,51,3.5403794457954922,0.7071067811865476,0.7071067811865476,1,0,0,1,0,1,0,0,0
76.97,1,0,0,41,3,22,4.356324137321509,0.25881904510252074,0.9659258262890683,1,0,0,1,0,0,0,0,1
31.79,7,0,0,63,1,44,3.4901235908565567,0.9659258262890683,-0.25881904510252063,0,0,0,0,0,1,0,0,0
197.85,6,0,0,57,1,57,5.2925507716536995,1.0,6.123233995736766e-17,0,0,0,0,0,0,0,1,0
131.68,7,1,0,64,3,32,4.887940214078852,0.9659258262890683,-0.25881904510252063,0,0,0,1,0,1,0,0,0
189.07,20,0,1,84,0,37,5.247392425362746,-0.8660254037844386,0.5000000000000001,0,0,0,1,1,0,0,0,0
159.34,18,0,0,74,0,51,5.077296560614806,-1.0,-1.8369701987210297e-16,0,0,0,0,0,1,0,0,0
47.04,2,0,0,42,3,63,3.872033997211783,0.49999999999999994,0.8660254037844387,1,0,0,1,0,0,0,1,0
619.97,17,0,1,83,2,64,6.431282771587809,-0.9659258262890683,-0.25881904510252063,0,0,0,1,0,0,0,1,0
48.79,19,0,0,45,2,37,3.9078141606540915,-0.9659258262890684,0.2588190451025203,0,0,0,0,1,0,0,0,0
250.53,16,0,0,43,1,61,5.527562266720222,-0.8660254037844385,-0.5000000000000004,0,0,0,0,1,0,0,0,0
35.94,18,0,0,37,1,43,3.609294974771094,-1.0,-1.8369701987210297e-16,0,0,1,1,1,0,0,0,0
61.98,13,0,0,34,2,58,4.142817215672879,-0.2588190451025208,-0.9659258262890683,0,0,1,1,1,0,0,0,0
7.41,2,0,0,76,3,23,2.1294214739848565,0.49999999999999994,0.8660254037844387,1,0,0,1,0,0,0,1,0
31.07,5,0,0,81,1,29,3.4679210137050633,0.9659258262890683,0.25881904510252074,1,0,0,1,0,0,1,0,0
192.58,19,0,0,72,4,44,5.265690863720943,-0.9659258262890684,0.2588190451025203,0,1,0,1,1,0,0,0,0
143.09,22,0,0,26,3,45,4.970438104344843,-0.5000000000000004,0.8660254037844384,0,0,1,1,0,0,1,0,0
39.81,11,0,0,43,1,52,3.7089271494177143,0.258819045102521,-0.9659258262890682,0,0,0,0,0,0,0,1,0
632.73,21,0,0,74,1,62,6.451622996222018,-0.7071067811865477,0.7071067811865474,0,0,0,0,0,0,0,0,1
9.68,10,0,0,84,5,57,2.3683728335320486,0.49999999999999994,-0.8660254037844387,0,1,0,1,0,0,1,0,0
127.6,9,0,0,89,2,68,4.856706811803519,0.7071067811865476,-0.7071067811865475,0,0,0,0,0,0,0,0,1
177.76,20,0,0,50,3,34,5.18604412406525,-0.8660254037844386,0.5000000000000001,0,0,0,0,0,1,0,0,0
142.4,4,1,0,95,4,38,4.96563792816552,0.8660254037844386,0.5000000000000001,1,1,0,3,0,0,0,1,0
131.55,12,0,1,79,3,49,4.886959932735035,1.2246467991473532e-16,-1.0,0,0,0,1,0,0,1,0,0
536.63,4,0,0,34,1,62,6.287170591223407,0.8660254037844386,0.5000000000000001,1,0,1,2,0,0,1,0,0
276.74,2,0,1,53,2,68,5.626685424271234,0.49999999999999994,0.8660254037844387,1,0,0,2,0,0,1,0,0
66.21,12,1,0,74,4,64,4.2078220459818745,1.2246467991473532e-16,-1.0,0,1,0,2,0,1,0,0,0
146.87,20,0,0,88,1,43,4.996333509385396,-0.8660254037844386,0.5000000000000001,0,0,0,0,0,0,1,0,0
203.12,2,0,0,33,0,50,5.318708056195771,0.49999999999999994,0.8660254037844387,1,0,1,2,0,1,0,0,0
285.09,15,0,1,64,2,37,5.656306446631499,-0.7071067811865471,-0.7071067811865479,0,0,0,1,0,1,0,0,0
359.6,23,0,0,85,0,67,5.887769310769217,-0.25881904510252157,0.9659258262890681,0,0,0,0,1,0,0,0,0
259.61,7,0,0,26,4,39,5.563025036939939,0.9659258262890683,-0.25881904510252063,0,1,1,2,1,0,0,0,0
309.65,15,0,0,49,4,18,5.738666876509702,-0.7071067811865471,-0.7071067811865479,0,1,0,1,0,0,0,0,1
437.9,16,0,0,54,2,20,6.0842715966941885,-0.8660254037844385,-0.5000000000000004,0,0,0,0,0,0,0,1,0
184.14,15,0,0,36,2,18,5.221112295639065,-0.7071067811865471,-0.7071067811865479,0,0,1,1,1,0,0,0,0
219.04,11,0,0,35,3,57,5.393809348007257,0.258819045102521,-0.9659258262890682,0,0,1,1,0,0,0,1,0
107.73,18,0,0,39,3,61,4.6888677450096585,-1.0,-1.8369701987210297e-16,0,0,1,1,0,0,1,0,0
19.2,21,0,0,52,4,50,3.005682604407159,-0.7071067811865477,0.7071067811865474,0,1,0,1,0,0,0,0,1
296.21,22,0,0,64,1,61,5.6944389596530485,-0.5000000000000004,0.8660254037844384,0,0,0,0,1,0,0,0,0
287.86,5,0,1,83,0,36,5.665942141673021,0.9659258262890683,0.25881904510252074,1,0,0,2,0,1,0,0,0
317.07,17,0,0,71,4,66,5.7622714843422145,-0.9659258262890683,-0.25881904510252063,0,1,0,1,0,0,1,0,0
76.94,9,0,1,91,0,51,4.355939299910563,0.7071067811865476,-0.7071067811865475,0,0,0,1,0,0,0,0,1
407.99,9,0,0,52,5,63,6.013690705866148,0.7071067811865476,-0.7071067811865475,0,1,0,1,0,1,0,0,0
485.36,4,0,0,78,1,49,6.186949090428217,0.8660254037844386,0.5000000000000001,1,0,0,1,0,0,1,0,0
316.44,13,0,0,58,3,19,5.7602888240965076,-0.2588190451025208,-0.9659258262890683,0,0,0,0,1,0,0,0,0
203.08,0,0,0,36,4,36,5.318512073833556,0.0,1.0,1,1,1,3,0,0,0,1,0
23.28,12,0,0,96,1,40,3.1896529661912973,1.2246467991473532e-16,-1.0,0,0,0,0,1,0,0,0,0
134.6,20,0,0,74,3,33,4.909709375506295,-0.8660254037844386,0.5000000000000001,0,0,0,0,0,0,0,0,1
41.45,20,0,0,78,0,28,3.7483269127573564,-0.8660254037844386,0.5000000000000001,0,0,0,0,0,1,0,0,0
142.42,18,0,1,51,2,41,4.965777388454429,-1.0,-1.8369701987210297e-16,0,0,0,1,0,0,0,0,1
179.72,16,0,0,68,4,62,5.196948872159748,-0.8660254037844385,-0.5000000000000004,0,1,0,1,1,0,0,0,0
24.14,5,0,0,81,0,62,3.2244602031621015,0.9659258262890683,0.25881904510252074,1,0,0,1,0,0,1,0,0
73.47,6,0,0,60,3,20,4.310396359722554,1.0,6.123233995736766e-17,0,0,0,0,0,0,1,0,0
185.3,22,0,0,42,2,54,5.227358277607543,-0.5000000000000004,0.8660254037844384,0,0,0,0,0,0,0,0,1
50.7,5,0,0,67,0,23,3.9454577815143836,0.9659258262890683,0.25881904510252074,1,0,0,1,0,0,0,1,0
482.66,7,0,0,46,3,38,6.181382180523564,0.9659258262890683,-0.25881904510252063,0,0,0,0,0,0,0,0,1
218.92,7,0,0,78,2,29,5.393263843856991,0.9659258262890683,-0.25881904510252063,0,0,0,0,0,0,0,0,1
66.7,13,0,0,41,3,34,4.215086179918229,-0.2588190451025208,-0.9659258262890683,0,0,0,0,0,1,0,0,0
69.5,22,0,0,83,4,62,4.255612709818223,-0.5000000000000004,0.8660254037844384,0,1,0,1,1,0,0,0,0
212.8,8,0,0,61,2,26,5.365040998590945,0.8660254037844387,-0.4999999999999998,0,0,0,0,1,0,0,0,0
13.23,9,0,0,47,1,68,2.655352412101761,0.7071067811865476,-0.7071067811865475,0,0,0,0,0,0,0,0,1
159.48,12,0,0,99,2,27,5.078169324213626,1.2246467991473532e-16,-1.0,0,0,0,0,0,0,0,0,1
136.79,6,1,0,31,1,37,4.925730787005811,1.0,6.123233995736766e-17,0,0,1,2,0,0,0,0,1
95.26,6,0,0,53,1,68,4.567052863874963,1.0,6.123233995736766e-17,0,0,0,0,0,0,0,0,1
161.24,9,0,0,77,3,62,5.089076720402819,0.7071067811865476,-0.7071067811865475,0,0,0,0,0,0,0,1,0
125.25,21,0,0,93,1,40,4.838264068155469,-0.7071067811865477,0.7071067811865474,0,0,0,0,0,0,1,0,0
261.84,5,0,0,51,3,55,5.571545482029667,0.9659258262890683,0.25881904510252074,1,0,0,1,0,0,0,0,1
427.61,19,0,0,79,1,61,6.0605474145451765,-0.9659258262890684,0.2588190451025203,0,0,0,0,1,0,0,0,0
23.9,2,0,0,68,1,37,3.214867803470662,0.49999999999999994,0.8660254037844387,1,0,0,1,0,0,0,0,1
11.84,19,0,0,93,2,36,2.552565298261815,-0.9659258262890684,0.2588190451025203,0,0,0,0,0,0,1,0,0
127.39,5,0,0,30,1,65,4.855072506602992,0.9659258262890683,0.25881904510252074,1,0,1,2,1,0,0,0,0
73.28,7,1,0,47,6,23,4.307841736484505,0.9659258262890683,-0.25881904510252063,0,1,0,2,0,0,0,1,0
52.47,20,0,0,32,3,31,3.97912074896064,-0.8660254037844386,0.5000000000000001,0,0,1,1,0,1,0,0,0
129.12,7,0,1,85,1,65,4.86845710160515,0.9659258262890683,-0.25881904510252063,0,0,0,1,0,0,0,0,1
25.13,20,0,0,40,0,65,3.263084079532521,-0.8660254037844386,0.5000000000000001,0,0,0,0,0,0,0,0,1
155.54,21,1,0,98,1,18,5.053311568376692,-0.7071067811865477,0.7071067811865474,0,0,0,1,1,0,0,0,0
442.77,18,0,0,32,5,18,6.095306410196519,-1.0,-1.8369701987210297e-16,0,1,1,2,0,0,0,1,0
97.82,21,0,0,74,2,34,4.593300013417604,-0.7071067811865477,0.7071067811865474,0,0,0,0,0,0,1,0,0
37.1,3,0,0,34,3,28,3.6402142821326553,0.7071067811865476,0.7071067811865476,1,0,1,2,0,0,0,1,0
86.61,3,0,0,91,0,54,4.4728951466782725,0.7071067811865476,0.7071067811865476,1,0,0,1,0,0,1,0,0
41.02,16,0,0,42,2,52,3.7381456954168546,-0.8660254037844385,-0.5000000000000004,0,0,0,0,0,0,1,0,0
84.19,1,1,0,33,2,21,4.444884056054749,0.25881904510252074,0.9659258262890683,1,0,1,3,0,0,0,0,1
146.84,22,0,0,94,2,40,4.996130607893374,-0.5000000000000004,0.8660254037844384,0,0,0,0,1,0,0,0,0
276.73,2,0,0,98,7,36,5.626649418726377,0.49999999999999994,0.8660254037844387,1,1,0,2,1,0,0,0,0
695.66,3,0,0,77,1,22,6.54629748686697,0.7071067811865476,0.7071067811865476,1,0,0,1,0,0,0,1,0
80.39,8,1,0,36,1,61,4.3992524153389505,0.8660254037844387,-0.4999999999999998,0,0,1,2,1,0,0,0,0
100.39,12,0,0,31,1,48,4.618974466964488,1.2246467991473532e-16,-1.0,0,0,1,1,0,0,0,1,0
150.14,12,0,0,62,1,38,5.018206559592573,1.2246467991473532e-16,-1.0,0,0,0,0,0,0,0,0,1
64.45,0,0,0,59,2,27,4.181286492355909,0.0,1.0,1,0,0,1,1,0,0,0,0
98.4,8,0,0,50,1,23,4.599152113662528,0.8660254037844387,-0.4999999999999998,0,0,0,0,0,0,0,1,0
345.13,11,0,0,89,3,48,5.846814427035037,0.258819045102521,-0.9659258262890682,0,0,0,0,0,1,0,0,0
83.89,19,0,0,81,1,67,4.441356300749876,-0.9659258262890684,0.2588190451025203,0,0,0,0,0,1,0,0,0
368.92,23,0,0,81,6,59,5.913286766043958,-0.25881904510252157,0.9659258262890681,0,1,0,1,0,0,1,0,0
107.33,23,0,0,51,0,43,4.6851821239574765,-0.25881904510252157,0.9659258262890681,0,0,0,0,1,0,0,0,0
205.73,22,0,0,72,1,28,5.331413594037226,-0.5000000000000004,0.8660254037844384,0,0,0,0,0,0,1,0,0
7.65,11,0,0,68,0,20,2.157559320943788,0.258819045102521,-0.9659258262890682,0,0,0,0,0,0,0,0,1
339.15,8,0,0,77,1,42,5.82938669679107,0.8660254037844387,-0.4999999999999998,0,0,0,0,0,0,1,0,0
145.97,12,0,0,62,5,49,4.990228484318593,1.2246467991473532e-16,-1.0,0,1,0,1,0,0,0,1,0
13.52,22,0,0,73,3,40,2.67552700939665,-0.5000000000000004,0.8660254037844384,0,0,0,0,0,0,0,1,0
93.02,16,1,0,72,2,37,4.5435075255959845,-0.8660254037844385,-0.5000000000000004,0,0,0,1,1,0,0,0,0
125.08,18,0,0,31,0,19,4.836916626109569,-1.0,-1.8369701987210297e-16,0,0,1,1,1,0,0,0,0
107.59,0,0,0,42,4,34,4.687579322228809,0.0,1.0,1,1,0,2,0,0,0,1,0
33.74,21,0,0,63,1,21,3.5478917608129588,-0.7071067811865477,0.7071067811865474,0,0,0,0,0,0,0,1,0
355.73,3,0,0,36,2,59,5.876979193117597,0.7071067811865476,0.7071067811865476,1,0,1,2,0,0,0,1,0
505.12,11,0,0,61,2,51,6.226773795321063,0.258819045102521,-0.9659258262890682,0,0,0,0,0,1,0,0,0
41.47,6,0,1,84,1,39,3.74879794432518,1.0,6.123233995736766e-17,0,0,0,1,0,0,0,0,1
78.47,20,0,0,51,3,24,4.375379591952088,-0.8660254037844386,0.5000000000000001,0,0,0,0,0,1,0,0,0
143.62,15,0,0,97,2,42,4.974109612746806,-0.7071067811865471,-0.7071067811865479,0,0,0,0,0,0,0,0,1
36.36,14,0,0,88,1,55,3.620600613360642,-0.4999999999999997,-0.8660254037844388,0,0,0,0,0,0,0,1,0
30.79,7,0,0,72,1,26,3.459151774922711,0.9659258262890683,-0.25881904510252063,0,0,0,0,0,0,0,1,0
42.28,16,0,0,38,0,63,3.767690634538226,-0.8660254037844385,-0.5000000000000004,0,0,1,1,1,0,0,0,0
94.24,8,0,1,60,2,21,4.556400021618662,0.8660254037844387,-0.4999999999999998,0,0,0,1,0,0,1,0,0
441.23,1,0,0,98,0,53,6.091830108727296,0.25881904510252074,0.9659258262890683,1,0,0,1,0,0,0,1,0
85.52,3,0,0,33,3,18,4.460375601084858,0.7071067811865476,0.7071067811865476,1,0,1,2,0,1,0,0,0
9.63,20,0,0,61,2,51,2.363680192353857,-0.8660254037844386,0.5000000000000001,0,0,0,0,0,1,0,0,0
20.98,19,0,0,78,1,21,3.090132948975475,-0.9659258262890684,0.2588190451025203,0,0,0,0,0,0,1,0,0
20.46,1,1,0,95,0,66,3.0661907372025525,0.25881904510252074,0.9659258262890683,1,0,0,2,1,0,0,0,0
232.29,4,0,0,43,4,69,5.452282314842547,0.8660254037844386,0.5000000000000001,1,1,0,2,0,0,0,0,1
58.21,5,0,0,26,2,37,4.081090446543684,0.9659258262890683,0.25881904510252074,1,0,1,2,0,0,0,0,1
323.86,21,0,0,36,0,68,5.78339432029125,-0.7071067811865477,0.7071067811865474,0,0,1,1,0,1,0,0,0
79.52,2,0,0,27,1,34,4.388505600771591,0.49999999999999994,0.8660254037844387,1,0,1,2,0,0,1,0,0
18.4,7,0,0,85,0,21,2.9652730660692823,0.9659258262890683,-0.25881904510252063,0,0,0,0,1,0,0,0,0
372.26,23,0,0,45,4,65,5.922275227754984,-0.25881904510252157,0.9659258262890681,0,1,0,1,0,0,1,0,0
136.65,12,0,0,62,5,21,4.9247142315886165,1.2246467991473532e-16,-1.0,0,1,0,1,1,0,0,0,0
26.98,3,0,0,45,2,60,3.331489969237335,0.7071067811865476,0.7071067811865476,1,0,0,1,1,0,0,0,0
42.27,22,0,0,96,1,68,3.7674595542367935,-0.5000000000000004,0.8660254037844384,0,0,0,0,0,0,0,1,0
508.68,21,0,0,83,4,68,6.233783077808233,-0.7071067811865477,0.7071067811865474,0,1,0,1,0,0,0,1,0
353.47,12,0,0,84,3,60,5.870623716157048,1.2246467991473532e-16,-1.0,0,0,0,0,0,0,0,0,1
265.42,9,0,0,28,3,18,5.585074010923317,0.7071067811865476,-0.7071067811865475,0,0,1,1,1,0,0,0,0
86.86,14,1,0,31,1,20,4.475744638547633,-0.4999999999999997,-0.8660254037844388,0,0,1,2,0,1,0,0,0
8.88,16,0,0,71,3,31,2.2905125117597764,-0.8660254037844385,-0.5000000000000004,0,0,0,0,1,0,0,0,0
92.18,8,0,0,90,2,56,4.5345331063886505,0.8660254037844387,-0.4999999999999998,0,0,0,0,1,0,0,0,0
29.69,9,0,0,74,1,42,3.4239368686316447,0.7071067811865476,-0.7071067811865475,0,0,0,0,1,0,0,0,0
241.59,21,0,0,86,1,22,5.491372775544961,-0.7071067811865477,0.7071067811865474,0,0,0,0,0,0,1,0,0
34.02,6,0,0,47,0,42,3.555919326857706,1.0,6.123233995736766e-17,0,0,0,0,1,0,0,0,0
391.02,10,0,1,69,1,59,5.971312858897129,0.49999999999999994,-0.8660254037844387,0,0,0,1,0,0,0,1,0
200.31,22,0,0,92,1,58,5.304846008510737,-0.5000000000000004,0.8660254037844384,0,0,0,0,0,1,0,0,0
107.12,21,0,0,35,1,45,4.683241721408247,-0.7071067811865477,0.7071067811865474,0,0,1,1,0,0,0,0,1
94.38,7,0,0,51,2,59,4.557868912870078,0.9659258262890683,-0.25881904510252063,0,0,0,0,0,0,0,1,0
293.23,18,0,0,61,1,30,5.6843617744165975,-1.0,-1.8369701987210297e-16,0,0,0,0,0,1,0,0,0
101.35,6,0,0,54,0,21,4.628398312107299,1.0,6.123233995736766e-17,0,0,0,0,1,0,0,0,0
114.16,0,0,0,93,6,68,4.746322465743975,0.0,1.0,1,1,0,2,1,0,0,0,0
9.66,2,0,0,91,3,34,2.3664984187376983,0.49999999999999994,0.8660254037844387,1,0,0,1,0,1,0,0,0
521.12,16,0,0,57,2,68,6.257897446520589,-0.8660254037844385,-0.5000000000000004,0,0,0,0,0,0,1,0,0
292.43,8,0,0,86,1,38,5.6816391099705115,0.8660254037844387,-0.4999999999999998,0,0,0,0,0,1,0,0,0
377.89,3,1,0,99,0,29,5.937245925488363,0.7071067811865476,0.7071067811865476,1,0,0,2,0,0,0,1,0
30.72,19,0,0,53,3,62,3.456947396766647,-0.9659258262890684,0.2588190451025203,0,0,0,0,1,0,0,0,0
4.03,21,0,0,99,0,51,1.6154199841116479,-0.7071067811865477,0.7071067811865474,0,0,0,0,0,0,0,1,0
119.28,10,0,1,89,1,31,4.789822358120328,0.49999999999999994,-0.8660254037844387,0,0,0,1,0,0,0,1,0
332.35,20,0,0,41,0,36,5.809192989064069,-0.8660254037844386,0.5000000000000001,0,0,0,0,0,1,0,0,0
100.66,21,0,0,37,2,30,4.621633912018757,-0.7071067811865477,0.7071067811865474,0,0,1,1,0,0,1,0,0
122.02,17,0,0,31,0,65,4.812346943780222,-0.9659258262890683,-0.25881904510252063,0,0,1,1,0,0,1,0,0
276.59,5,0,0,96,1,38,5.626145204929048,0.9659258262890683,0.25881904510252074,1,0,0,1,0,0,0,0,1
212.27,0,0,0,90,3,22,5.362558968609502,0.0,1.0,1,0,0,1,1,0,0,0,0
34.15,17,0,0,42,2,59,3.5596246182566738,-0.9659258262890683,-0.25881904510252063,0,0,0,0,0,0,0,0,1
204.57,17,0,1,91,1,22,5.325786608537582,-0.9659258262890683,-0.25881904510252063,0,0,0,1,0,0,0,1,0
182.75,5,0,0,62,1,39,5.213576138092946,0.9659258262890683,0.25881904510252074,1,0,0,1,0,0,0,0,1
32.71,20,0,0,98,0,20,3.5177945292459696,-0.8660254037844386,0.5000000000000001,0,0,0,0,0,0,1,0,0
297.97,16,0,0,90,0,65,5.700343233908688,-0.8660254037844385,-0.5000000000000004,0,0,0,0,1,0,0,0,0
37.49,20,0,0,88,0,56,3.6503984672956546,-0.8660254037844386,0.5000000000000001,0,0,0,0,0,1,0,0,0
299.9,17,0,0,49,0,28,5.706777983635999,-0.9659258262890683,-0.25881904510252063,0,0,0,0,0,1,0,0,0
106.15,19,0,1,64,5,50,4.674229721919586,-0.9659258262890684,0.2588190451025203,0,1,0,2,1,0,0,0,0
541.93,19,0,0,74,2,20,6.296980398180053,-0.9659258262890684,0.2588190451025203,0,0,0,0,0,0,0,1,0
214.32,10,0,0,27,0,39,5.372125293692757,0.49999999999999994,-0.8660254037844387,0,0,1,1,0,0,0,1,0
361.22,9,0,0,46,1,44,5.8922517620363895,0.7071067811865476,-0.7071067811865475,0,0,0,0,0,0,0,1,0
188.06,13,0,0,59,1,45,5.242064424997238,-0.2588190451025208,-0.9659258262890683,0,0,0,0,0,0,0,1,0
164.29,1,0,0,89,1,57,5.107701506929262,0.25881904510252074,0.9659258262890683,1,0,0,1,0,0,1,0,0
444.76,22,0,0,29,1,25,6.099780690591441,-0.5000000000000004,0.8660254037844384,0,0,1,1,1,0,0,0,0
187.8,6,0,0,83,4,40,5.240688253711401,1.0,6.123233995736766e-17,0,1,0,1,1,0,0,0,0
329.12,19,0,0,79,2,26,5.799456224724484,-0.9659258262890684,0.2588190451025203,0,0,0,0,0,1,0,0,0
57.22,15,1,0,93,3,41,4.064228938317477,-0.7071067811865471,-0.7071067811865479,0,0,0,1,0,0,1,0,0
167.17,6,1,0,82,6,33,5.124975372534658,1.0,6.123233995736766e-17,0,1,0,2,0,0,0,1,0
64.47,9,0,1,34,4,42,4.181592022453,0.7071067811865476,-0.7071067811865475,0,1,1,3,0,1,0,0,0
118.89,9,0,0,28,5,68,4.786574655719562,0.7071067811865476,-0.7071067811865475,0,1,1,2,0,0,1,0,0
535.6,21,0,0,48,2,54,6.285252937991523,-0.7071067811865477,0.7071067811865474,0,0,0,0,0,1,0,0,0
22.07,13,0,0,33,4,44,3.138533072185662,-0.2588190451025208,-0.9659258262890683,0,1,1,2,1,0,0,0,0
204.26,14,0,0,38,2,18,5.324277468217568,-0.4999999999999997,-0.8660254037844388,0,0,1,1,0,0,1,0,0
139.08,22,0,0,54,0,24,4.942213687977596,-0.5000000000000004,0.8660254037844384,0,0,0,0,0,0,0,0,1
21.81,0,0,0,67,3,51,3.1271990362962967,0.0,1.0,1,0,0,1,0,0,1,0,0
142.78,10,0,0,94,2,51,4.968284353555726,0.49999999999999994,-0.8660254037844387,0,0,0,0,0,1,0,0,0
53.46,9,0,0,87,2,35,3.9974664872456134,0.7071067811865476,-0.7071067811865475,0,0,0,0,0,0,0,0,1
242.17,7,0,0,25,1,23,5.493760787219967,0.9659258262890683,-0.25881904510252063,0,0,1,1,0,0,0,1,0
189.98,23,0,0,28,2,63,5.2521687105220565,-0.25881904510252157,0.9659258262890681,0,0,1,1,0,0,1,0,0
433.08,20,0,0,83,1,44,6.073228848910621,-0.8660254037844386,0.5000000000000001,0,0,0,0,0,0,0,1,0
48.35,7,0,0,52,0,64,3.8989377658794906,0.9659258262890683,-0.25881904510252063,0,0,0,0,0,0,0,1,0
138.76,18,0,0,53,3,63,4.939926665825801,-1.0,-1.8369701987210297e-16,0,0,0,0,0,0,0,0,1
120.87,2,0,0,93,3,22,4.802954902835411,0.49999999999999994,0.8660254037844387,1,0,0,1,0,0,0,0,1
302.56,13,1,0,45,1,67,5.715579284535712,-0.2588190451025208,-0.9659258262890683,0,0,0,1,0,0,1,0,0
246.49,7,0,0,25,2,55,5.5113701771520756,0.9659258262890683,-0.25881904510252063,0,0,1,1,0,0,0,1,0
56.46,0,0,0,67,3,36,4.051089053551143,0.0,1.0,1,0,0,1,0,0,0,0,1
27.4,0,0,1,99,4,61,3.3463891451671604,0.0,1.0,1,1,0,3,0,1,0,0,0
306.66,4,0,0,79,0,24,5.728995277127605,0.8660254037844386,0.5000000000000001,1,0,0,1,0,0,1,0,0
217.2,7,0,0,89,1,29,5.38541207339897,0.9659258262890683,-0.25881904510252063,0,0,0,0,1,0,0,0,0
91.86,2,0,0,63,3,20,4.531092982591776,0.49999999999999994,0.8660254037844387,1,0,0,1,0,0,0,1,0
394.26,7,0,0,91,1,52,5.979543776212289,0.9659258262890683,-0.25881904510252063,0,0,0,0,0,1,0,0,0
14.67,23,0,0,39,5,44,2.7517480563679295,-0.25881904510252157,0.9659258262890681,0,1,1,2,0,0,0,0,1
2.71,7,0,1,40,1,31,1.3110318766193438,0.9659258262890683,-0.25881904510252063,0,0,0,1,0,1,0,0,0
106.73,4,0,0,94,3,31,4.679628096906101,0.8660254037844386,0.5000000000000001,1,0,0,1,0,0,0,0,1
57.13,7,0,0,27,2,19,4.062681881713259,0.9659258262890683,-0.25881904510252063,0,0,1,1,0,1,0,0,0
257.64,5,0,0,40,2,48,5.555437133417177,0.9659258262890683,0.25881904510252074,1,0,0,1,0,0,0,1,0
328.58,2,0,0,91,3,50,5.797819116582584,0.49999999999999994,0.8660254037844387,1,0,0,1,0,0,0,0,1
91.2,2,0,0,38,0,37,4.523960130562548,0.49999999999999994,0.8660254037844387,1,0,1,2,0,1,0,0,0
2.72,23,0,0,96,0,51,1.3137236682850553,-0.25881904510252157,0.9659258262890681,0,0,0,0,0,0,0,1,0
384.12,7,0,0,84,1,37,5.953554974034762,0.9659258262890683,-0.25881904510252063,0,0,0,0,0,0,0,1,0
40.84,16,0,0,83,3,65,3.7338528197566676,-0.8660254037844385,-0.5000000000000004,0,0,0,0,0,1,0,0,0
460.59,15,0,0,58,1,58,6.134677051181064,-0.7071067811865471,-0.7071067811865479,0,0,0,0,0,0,1,0,0
2.21,23,0,0,51,1,47,1.1662709371419244,-0.25881904510252157,0.9659258262890681,0,0,0,0,0,0,0,0,1
117.93,3,0,0,43,2,40,4.778535084739154,0.7071067811865476,0.7071067811865476,1,0,0,1,0,0,0,1,0
46.46,8,1,0,43,0,63,3.8598872510076174,0.8660254037844387,-0.4999999999999998,0,0,0,1,0,1,0,0,0
150.19,6,0,0,38,2,44,5.01853732399211,1.0,6.123233995736766e-17,0,0,1,1,1,0,0,0,0
9.62,7,0,0,95,0,44,2.362739015813793,0.9659258262890683,-0.25881904510252063,0,0,0,0,0,0,0,1,0
8.89,1,0,0,27,1,42,2.2915241456346207,0.25881904510252074,0.9659258262890683,1,0,1,2,0,0,0,1,0
368.29,18,0,0,29,4,44,5.911582243235735,-1.0,-1.8369701987210297e-16,0,1,1,2,0,0,1,0,0
211.17,5,0,0,43,3,42,5.357387840125025,0.9659258262890683,0.25881904510252074,1,0,0,1,0,0,1,0,0
91.74,14,0,0,48,1,55,4.529799878963315,-0.4999999999999997,-0.8660254037844388,0,0,0,0,1,0,0,0,0
170.29,15,0,0,25,1,44,5.143358026509894,-0.7071067811865471,-0.7071067811865479,0,0,1,1,0,0,0,1,0
309.17,20,0,0,51,1,38,5.737120534266712,-0.8660254037844386,0.5000000000000001,0,0,0,0,1,0,0,0,0
15.56,11,0,0,60,4,67,2.8069901489571136,0.258819045102521,-0.9659258262890682,0,1,0,1,0,1,0,0,0
51.03,23,1,0,65,1,47,3.9518204753022124,-0.25881904510252157,0.9659258262890681,0,0,0,1,0,0,0,0,1
212.52,2,0,0,68,1,61,5.363730505096269,0.49999999999999994,0.8660254037844387,1,0,0,1,1,0,0,0,0
149.84,2,0,0,93,1,22,5.016219672390156,0.49999999999999994,0.8660254037844387,1,0,0,1,0,0,0,0,1
386.2,17,0,0,67,0,23,5.9589413554024215,-0.9659258262890683,-0.25881904510252063,0,0,0,0,0,0,1,0,0
716.23,9,0,1,65,0,30,6.5753965701924635,0.7071067811865476,-0.7071067811865475,0,0,0,1,1,0,0,0,0
62.82,19,0,1,37,1,38,4.156066620850098,-0.9659258262890684,0.2588190451025203,0,0,1,2,0,0,1,0,0
606.82,5,0,0,42,1,37,6.4098787855023565,0.9659258262890683,0.25881904510252074,1,0,0,1,1,0,0,0,0
95.4,15,0,1,41,1,22,4.5685062016165,-0.7071067811865471,-0.7071067811865479,0,0,0,1,0,0,0,1,0
203.59,20,0,0,50,5,46,5.321007976467735,-0.8660254037844386,0.5000000000000001,0,1,0,1,0,0,1,0,0
11.6,3,0,0,48,1,62,2.533696813957432,0.7071067811865476,0.7071067811865476,1,0,0,1,0,0,0,0,1
0.58,6,0,1,64,0,24,0.4574248470388754,1.0,6.123233995736766e-17,0,0,0,1,0,1,0,0,0
181.37,7,0,1,48,4,31,5.206037590428741,0.9659258262890683,-0.25881904510252063,0,1,0,2,0,0,1,0,0
141.57,2,0,0,32,0,19,4.95983310716587,0.49999999999999994,0.8660254037844387,1,0,1,2,0,0,0,0,1
287.73,9,0,0,78,1,63,5.665491995367873,0.7071067811865476,-0.7071067811865475,0,0,0,0,0,0,1,0,0
21.89,14,0,0,61,2,39,3.1307001339644756,-0.4999999999999997,-0.8660254037844388,0,0,0,0,0,0,1,0,0
367.1,5,0,0,82,1,62,5.908354640384975,0.9659258262890683,0.25881904510252074,1,0,0,1,0,0,0,0,1
57.93,6,0,0,75,3,56,4.076350298849822,1.0,6.123233995736766e-17,0,0,0,0,0,0,0,1,0
39.53,9,0,0,54,2,66,3.7020424406402173,0.7071067811865476,-0.7071067811865475,0,0,0,0,1,0,0,0,0
86.87,15,0,0,29,1,31,4.475858449507752,-0.7071067811865471,-0.7071067811865479,0,0,1,1,0,1,0,0,0
191.82,15,0,0,48,6,25,5.261757111236235,-0.7071067811865471,-0.7071067811865479,0,1,0,1,1,0,0,0,0
98.25,15,0,0,85,6,19,4.5976419195673,-0.7071067811865471,-0.7071067811865479,0,1,0,1,0,0,0,0,1
101.92,15,0,0,93,3,18,4.6339519874135435,-0.7071067811865471,-0.7071067811865479,0,0,0,0,0,0,0,0,1
14.52,14,0,0,74,0,52,2.7421295147550726,-0.4999999999999997,-0.8660254037844388,0,0,0,0,0,0,0,0,1
25.26,7,0,0,60,1,26,3.26804686887465,0.9659258262890683,-0.25881904510252063,0,0,0,0,0,1,0,0,0
22.41,4,0,0,36,2,43,3.1531632815028194,0.8660254037844386,0.5000000000000001,1,0,1,2,0,1,0,0,0
371.95,3,0,0,68,4,39,5.921444362401172,0.7071067811865476,0.7071067811865476,1,1,0,2,1,0,0,0,0
15.13,17,0,0,28,4,43,2.7806808921371178,-0.9659258262890683,-0.25881904510252063,0,1,1,2,0,0,1,0,0
3.18,3,0,0,29,3,54,1.430311246536665,0.7071067811865476,0.7071067811865476,1,0,1,2,0,0,1,0,0
38.38,1,0,0,63,1,52,3.6732580732109796,0.25881904510252074,0.9659258262890683,1,0,0,1,0,0,0,1,0
348.45,2,1,0,99,5,30,5.856360489923138,0.49999999999999994,0.8660254037844387,1,1,0,3,0,1,0,0,0
69.43,23,0,0,82,2,68,4.254619308757319,-0.25881904510252157,0.9659258262890681,0,0,0,0,0,1,0,0,0
164.64,13,0,0,70,1,35,5.109816758677367,-0.2588190451025208,-0.9659258262890683,0,0,0,0,1,0,0,0,0
89.41,6,0,1,34,2,67,4.504354880749275,1.0,6.123233995736766e-17,0,0,1,2,0,0,0,0,1
173.32,16,0,0,45,2,19,5.160892690636365,-0.8660254037844385,-0.5000000000000004,0,0,0,0,0,0,0,1,0
183.45,16,0,0,85,0,27,5.217378424042685,-0.8660254037844385,-0.5000000000000004,0,0,0,0,0,1,0,0,0
392.35,16,0,0,73,2,20,5.974699800775252,-0.8660254037844385,-0.5000000000000004,0,0,0,0,0,0,1,0,0
7.4,21,0,1,88,0,25,2.128231705849268,-0.7071067811865477,0.7071067811865474,0,0,0,1,0,0,1,0,0
353.71,15,0,0,62,2,61,5.871300554221184,-0.7071067811865471,-0.7071067811865479,0,0,0,0,0,0,0,1,0
120.45,14,0,0,47,3,32,4.799502655448181,-0.4999999999999997,-0.8660254037844388,0,0,0,0,0,1,0,0,0
21.65,5,0,0,68,2,37,3.120159851929043,0.9659258262890683,0.25881904510252074,1,0,0,1,0,0,0,0,1
215.51,12,0,0,71,2,23,5.377636735752292,1.2246467991473532e-16,-1.0,0,0,0,0,0,1,0,0,0
501.4,23,0,0,99,4,67,6.219396615153989,-0.25881904510252157,0.9659258262890681,0,1,0,1,0,0,1,0,0
91.68,19,0,0,79,3,60,4.529152699564175,-0.9659258262890684,0.2588190451025203,0,0,0,0,0,0,0,1,0
309.93,16,0,0,85,0,55,5.73956780645899,-0.8660254037844385,-0.5000000000000004,0,0,0,0,0,1,0,0,0
57.3,14,0,0,78,2,35,4.065602093356446,-0.4999999999999997,-0.8660254037844388,0,0,0,0,1,0,0,0,0
264.61,14,0,0,67,4,58,5.582029067495922,-0.4999999999999997,-0.8660254037844388,0,1,0,1,0,1,0,0,0
181.62,18,0,0,88,3,40,5.207407491188194,-1.0,-1.8369701987210297e-16,0,0,0,0,1,0,0,0,0
84.47,2,1,0,63,2,61,4.448165437177926,0.49999999999999994,0.8660254037844387,1,0,0,2,0,1,0,0,0
0.01,17,0,0,71,4,68,0.009950330853168083,-0.9659258262890683,-0.25881904510252063,0,1,0,1,0,0,0,0,1
4.59,12,0,0,87,2,42,1.7209792871670078,1.2246467991473532e-16,-1.0,0,0,0,0,0,1,0,0,0
57.45,1,0,0,88,1,25,4.068171687918078,0.25881904510252074,0.9659258262890683,1,0,0,1,0,0,1,0,0
52.37,17,0,0,75,4,45,3.9772487903458535,-0.9659258262890683,-0.25881904510252063,0,1,0,1,1,0,0,0,0
385.31,23,0,0,50,0,48,5.956640155953802,-0.25881904510252157,0.9659258262890681,0,0,0,0,0,0,0,1,0
300.81,18,0,0,56,1,48,5.709797680310989,-1.0,-1.8369701987210297e-16,0,0,0,0,0,0,0,1,0
242.11,0,0,0,54,1,50,5.493514015811296,0.0,1.0,1,0,0,1,1,0,0,0,0
123.89,3,0,0,80,0,43,4.827433349874994,0.7071067811865476,0.7071067811865476,1,0,0,1,0,0,0,1,0
203.46,14,0,1,44,1,41,5.320372357328868,-0.4999999999999997,-0.8660254037844388,0,0,0,1,0,0,0,0,1
391.19,12,0,0,95,2,58,5.971746416241879,1.2246467991473532e-16,-1.0,0,0,0,0,0,0,0,1,0
78.36,14,1,0,79,0,18,4.373994462976618,-0.4999999999999997,-0.8660254037844388,0,0,0,1,0,0,1,0,0
233.7,8,0,0,29,1,38,5.458308102856978,0.8660254037844387,-0.4999999999999998,0,0,1,1,0,0,1,0,0
258.52,11,0,0,36,2,47,5.558833770927048,0.258819045102521,-0.9659258262890682,0,0,1,1,0,0,0,1,0
62.5,1,0,0,46,1,62,4.151039905898646,0.25881904510252074,0.9659258262890683,1,0,0,1,0,0,0,1,0
74.58,7,0,0,54,3,51,4.325191697921343,0.9659258262890683,-0.25881904510252063,0,0,0,0,1,0,0,0,0
54.81,23,0,0,28,3,28,4.021953064800342,-0.25881904510252157,0.9659258262890681,0,0,1,1,0,1,0,0,0
80.98,5,0,1,50,3,23,4.406475315076191,0.9659258262890683,0.25881904510252074,1,0,0,2,0,0,1,0,0
198.95,8,0,0,26,2,24,5.298067335292827,0.8660254037844387,-0.4999999999999998,0,0,1,1,0,0,1,0,0
250.8,0,0,0,49,4,61,5.528635121610247,0.0,1.0,1,1,0,2,0,0,1,0,0
180.97,6,0,0,46,2,30,5.203841838325151,1.0,6.123233995736766e-17,0,0,0,0,0,1,0,0,0
14.8,2,0,0,26,2,64,2.760009940032921,0.49999999999999994,0.8660254037844387,1,0,1,2,0,0,0,0,1
1.8,15,0,0,36,2,56,1.0296194171811581,-0.7071067811865471,-0.7071067811865479,0,0,1,1,0,0,0,1,0
96.03,12,0,0,95,3,18,4.575020209037208,1.2246467991473532e-16,-1.0,0,0,0,0,0,0,0,0,1
240.75,5,0,0,70,0,55,5.487904134333403,0.9659258262890683,0.25881904510252074,1,0,0,1,0,0,0,0,1
241.01,13,0,0,69,6,60,5.488979047616993,-0.2588190451025208,-0.9659258262890683,0,1,0,1,1,0,0,0,0
107.62,2,0,0,91,0,29,4.687855552606699,0.49999999999999994,0.8660254037844387,1,0,0,1,0,0,0,0,1
358.37,11,0,0,52,3,65,5.884352498411349,0.258819045102521,-0.9659258262890682,0,0,0,0,0,0,1,0,0
225.35,0,0,0,34,7,20,5.422082473881968,0.0,1.0,1,1,1,3,0,1,0,0,0
42.69,23,1,1,39,4,46,3.7771192429633444,-0.25881904510252157,0.9659258262890681,0,1,1,4,0,0,0,1,0
104.47,12,0,0,53,5,41,4.658426552288523,1.2246467991473532e-16,-1.0,0,1,0,1,0,0,1,0,0
50.22,4,0,1,45,2,26,3.9361300807713793,0.8660254037844386,0.5000000000000001,1,0,0,2,0,0,1,0,0
222.68,10,1,1,90,1,25,5.410216459045445,0.49999999999999994,-0.8660254037844387,0,0,0,2,1,0,0,0,0
214.59,5,0,0,41,1,54,5.373378455769916,0.9659258262890683,0.25881904510252074,1,0,0,1,0,1,0,0,0
196.43,0,0,0,26,3,63,5.285384091136137,0.0,1.0,1,0,1,2,0,0,0,0,1
126.9,0,0,0,38,4,45,4.851248708584797,0.0,1.0,1,1,1,3,0,1,0,0,0
7.74,4,1,0,39,1,18,2.167910189667444,0.8660254037844386,0.5000000000000001,1,0,1,3,0,1,0,0,0
56.73,17,0,0,38,1,32,4.055776969072842,-0.9659258262890683,-0.25881904510252063,0,0,1,1,0,0,1,0,0
48.82,13,0,0,30,4,31,3.9084165098340344,-0.2588190451025208,-0.9659258262890683,0,1,1,2,1,0,0,0,0
75.13,2,0,0,83,3,55,4.332442405318121,0.49999999999999994,0.8660254037844387,1,0,0,1,0,0,1,0,0
535.95,20,0,1,70,0,33,6.285904980304226,-0.8660254037844386,0.5000000000000001,0,0,0,1,0,1,0,0,0
373.43,7,0,0,31,1,63,5.925404869598472,0.9659258262890683,-0.25881904510252063,0,0,1,1,0,1,0,0,0
214.42,2,0,0,77,4,26,5.372589610922624,0.49999999999999994,0.8660254037844387,1,1,0,2,0,0,0,0,1
109.88,0,0,0,78,1,23,4.708448535441593,0.0,1.0,1,0,0,1,0,1,0,0,0
35.92,12,0,0,75,1,34,3.6087534096346516,1.2246467991473532e-16,-1.0,0,0,0,0,0,0,1,0,0
19.62,15,0,0,36,3,53,3.026261478588814,-0.7071067811865471,-0.7071067811865479,0,0,1,1,1,0,0,0,0
352.79,15,0,0,66,2,33,5.868703516769989,-0.7071067811865471,-0.7071067811865479,0,0,0,0,0,0,1,0,0
201.86,22,0,0,90,1,60,5.312516085947849,-0.5000000000000004,0.8660254037844384,0,0,0,0,1,0,0,0,0
263.31,22,0,0,36,1,58,5.5771226566871475,-0.5000000000000004,0.8660254037844384,0,0,1,1,0,0,0,1,0
6.85,14,0,0,92,0,23,2.060513531794317,-0.4999999999999997,-0.8660254037844388,0,0,0,0,0,1,0,0,0
21.74,20,0,0,57,2,43,3.12412548832239,-0.8660254037844386,0.5000000000000001,0,0,0,0,0,0,0,1,0
156.47,0,0,0,74,0,69,5.059234963932318,0.0,1.0,1,0,0,1,0,0,0,0,1
45.85,0,0,0,40,3,41,3.846951008684431,0.0,1.0,1,0,0,1,0,0,0,1,0
2.91,9,0,0,65,2,40,1.3635373739972745,0.7071067811865476,-0.7071067811865475,0,0,0,0,1,0,0,0,0
173.75,20,1,0,54,3,65,5.163356381113919,-0.8660254037844386,0.5000000000000001,0,0,0,1,0,1,0,0,0
118.92,17,0,0,65,1,49,4.786824853794342,-0.9659258262890683,-0.25881904510252063,0,0,0,0,0,0,0,1,0
177.78,16,0,0,95,5,52,5.186155999659706,-0.8660254037844385,-0.5000000000000004,0,1,0,1,0,0,0,1,0
71.23,22,0,0,39,2,52,4.2798554720627555,-0.5000000000000004,0.8660254037844384,0,0,1,1,0,0,0,1,0
85.08,14,0,0,79,4,50,4.455277096413474,-0.4999999999999997,-0.8660254037844388,0,1,0,1,0,0,0,0,1
10.81,7,0,0,44,3,22,2.468946630209271,0.9659258262890683,-0.25881904510252063,0,0,0,0,1,0,0,0,0
406.39,16,0,0,36,0,41,6.009770957590615,-0.8660254037844385,-0.5000000000000004,0,0,1,1,0,1,0,0,0
126.1,14,0,0,51,2,27,4.844974178195408,-0.4999999999999997,-0.8660254037844388,0,0,0,0,0,0,0,0,1
10.25,8,0,0,31,1,40,2.4203681286504293,0.8660254037844387,-0.4999999999999998,0,0,1,1,0,0,1,0,0
315.24,22,0,0,26,1,33,5.75650141898843,-0.5000000000000004,0.8660254037844384,0,0,1,1,0,0,0,1,0
16.94,3,0,0,44,2,60,2.88703285663065,0.7071067811865476,0.7071067811865476,1,0,0,1,1,0,0,0,0
25.52,8,0,0,49,3,22,3.277899165317662,0.8660254037844387,-0.4999999999999998,0,0,0,0,1,0,0,0,0
63.56,1,0,0,63,3,68,4.1675950239616935,0.25881904510252074,0.9659258262890683,1,0,0,1,0,0,1,0,0
311.06,10,0,0,31,4,45,5.743195477013036,0.49999999999999994,-0.8660254037844387,0,1,1,2,0,1,0,0,0
533.75,3,0,0,81,2,43,6.281799347962515,0.7071067811865476,0.7071067811865476,1,0,0,1,1,0,0,0,0
74.79,3,0,0,59,4,59,4.327966357823938,0.7071067811865476,0.7071067811865476,1,1,0,2,0,1,0,0,0
31.37,3,0,0,71,1,30,3.477232067938153,0.7071067811865476,0.7071067811865476,1,0,0,1,0,0,1,0,0
26.1,5,0,0,43,0,50,3.299533727885655,0.9659258262890683,0.25881904510252074,1,0,0,1,1,0,0,0,0
13.66,16,0,0,49,2,30,2.6851226964585053,-0.8660254037844385,-0.5000000000000004,0,0,0,0,0,0,0,1,0
203.06,4,0,0,36,2,51,5.318414068247159,0.8660254037844386,0.5000000000000001,1,0,1,2,1,0,0,0,0
359.87,8,0,0,89,2,57,5.888517782674091,0.8660254037844387,-0.4999999999999998,0,0,0,0,0,0,0,0,1
145.41,19,0,0,32,3,61,4.986410905205391,-0.9659258262890684,0.2588190451025203,0,0,1,1,0,0,0,0,1
454.72,17,0,0,80,3,21,6.121878585829915,-0.9659258262890683,-0.25881904510252063,0,0,0,0,0,1,0,0,0
228.31,6,0,0,50,3,69,5.435074799902897,1.0,6.123233995736766e-17,0,0,0,0,1,0,0,0,0
22.37,3,0,0,78,1,52,3.1514531485507664,0.7071067811865476,0.7071067811865476,1,0,0,1,0,0,0,1,0
308.06,7,0,0,54,0,28,5.733535432805549,0.9659258262890683,-0.25881904510252063,0,0,0,0,1,0,0,0,0
63.76,12,0,0,86,0,22,4.170688128809434,1.2246467991473532e-16,-1.0,0,0,0,0,0,1,0,0,0
544.68,8,0,0,93,1,64,6.302032723346464,0.8660254037844387,-0.4999999999999998,0,0,0,0,0,0,0,1,0
126.31,13,0,0,86,1,19,4.846625057073554,-0.2588190451025208,-0.9659258262890683,0,0,0,0,0,0,0,1,0
432.08,21,0,1,86,0,61,6.0709224684426975,-0.7071067811865477,0.7071067811865474,0,0,0,1,1,0,0,0,0
278.83,22,0,0,43,2,27,5.634182275926246,-0.5000000000000004,0.8660254037844384,0,0,0,0,0,0,0,0,1
68.46,20,0,0,74,4,23,4.240751047315928,-0.8660254037844386,0.5000000000000001,0,1,0,1,0,0,1,0,0
429.51,15,0,0,69,4,24,6.064970552401718,-0.7071067811865471,-0.7071067811865479,0,1,0,1,0,0,0,0,1
253.2,17,0,0,71,0,69,5.538121358755354,-0.9659258262890683,-0.25881904510252063,0,0,0,0,1,0,0,0,0
215.62,20,0,0,60,3,47,5.378144666407591,-0.8660254037844386,0.5000000000000001,0,0,0,0,1,0,0,0,0
103.78,23,0,0,56,3,39,4.651862913980073,-0.25881904510252157,0.9659258262890681,0,0,0,0,0,0,1,0,0
111.16,17,0,0,44,2,22,4.71992642328628,-0.9659258262890683,-0.25881904510252063,0,0,0,0,0,1,0,0,0
0.69,11,0,0,36,4,41,0.5247285289349821,0.258819045102521,-0.9659258262890682,0,1,1,2,0,0,1,0,0
134.76,0,1,0,32,4,52,4.910888620925971,0.0,1.0,1,1,1,4,1,0,0,0,0
51.7,0,0,0,87,0,52,3.9646154555473165,0.0,1.0,1,0,0,1,0,0,0,0,1
175.16,2,0,0,69,1,29,5.1713926729743696,0.49999999999999994,0.8660254037844387,1,0,0,1,0,0,0,0,1
51.47,17,0,1,53,2,24,3.9602415776986204,-0.9659258262890683,-0.25881904510252063,0,0,0,1,1,0,0,0,0
43.41,14,0,0,76,3,35,3.7934646693040106,-0.4999999999999997,-0.8660254037844388,0,0,0,0,0,0,0,1,0
15.65,22,0,0,81,1,56,2.8124102164264526,-0.5000000000000004,0.8660254037844384,0,0,0,0,0,1,0,0,0
288.87,4,0,0,35,1,39,5.669432546612789,0.8660254037844386,0.5000000000000001,1,0,1,2,0,0,0,1,0
348.74,13,0,0,80,2,27,5.857190021285513,-0.2588190451025208,-0.9659258262890683,0,0,0,0,0,1,0,0,0
66.62,15,1,0,99,0,47,4.21390379727974,-0.7071067811865471,-0.7071067811865479,0,0,0,1,0,0,1,0,0
117.2,16,0,0,79,1,19,4.772378104971998,-0.8660254037844385,-0.5000000000000004,0,0,0,0,0,1,0,0,0
62.07,8,0,0,50,4,28,4.14424522067556,0.8660254037844387,-0.4999999999999998,0,1,0,1,0,0,1,0,0
23.97,5,0,0,39,0,67,3.217675104291682,0.9659258262890683,0.25881904510252074,1,0,1,2,0,0,0,1,0
42.45,15,0,0,77,2,48,3.7716108517114013,-0.7071067811865471,-0.7071067811865479,0,0,0,0,0,0,1,0,0
14.2,14,0,0,25,3,36,2.7212954278522306,-0.4999999999999997,-0.8660254037844388,0,0,1,1,0,1,0,0,0
49.56,8,1,0,79,3,56,3.923160749838602,0.8660254037844387,-0.4999999999999998,0,0,0,1,0,0,0,0,1
44.19,20,0,0,45,4,61,3.810875823423188,-0.8660254037844386,0.5000000000000001,0,1,0,1,1,0,0,0,0
59.14,1,0,0,68,1,23,4.096675177560383,0.25881904510252074,0.9659258262890683,1,0,0,1,1,0,0,0,0
49.96,23,0,0,45,1,29,3.931041011263908,-0.25881904510252157,0.9659258262890681,0,0,0,0,0,1,0,0,0
137.07,3,0,0,91,2,37,4.927760802928061,0.7071067811865476,0.7071067811865476,1,0,0,1,0,0,0,0,1
3.51,19,0,0,56,0,53,1.506297153514587,-0.9659258262890684,0.2588190451025203,0,0,0,0,0,1,0,0,0
91.26,10,0,0,41,1,67,4.524610678129674,0.49999999999999994,-0.8660254037844387,0,0,0,0,1,0,0,0,0
277.24,2,0,0,74,1,24,5.628484050605973,0.49999999999999994,0.8660254037844387,1,0,0,1,1,0,0,0,0
93.35,3,0,0,84,4,39,4.547011271814559,0.7071067811865476,0.7071067811865476,1,1,0,2,0,0,0,1,0
150.14,0,0,0,33,0,20,5.018206559592573,0.0,1.0,1,0,1,2,0,0,0,0,1
145.11,18,0,1,37,2,55,4.984359762683993,-1.0,-1.8369701987210297e-16,0,0,1,2,1,0,0,0,0
173.35,5,0,0,34,1,64,5.161064773121661,0.9659258262890683,0.25881904510252074,1,0,1,2,0,0,0,0,1
198.48,23,0,0,33,2,54,5.295713980677922,-0.25881904510252157,0.9659258262890681,0,0,1,1,0,0,1,0,0
195.23,5,0,0,94,1,69,5.279287440641231,0.9659258262890683,0.25881904510252074,1,0,0,1,0,0,1,0,0
0.04,4,1,0,74,2,66,0.039220713153281295,0.8660254037844386,0.5000000000000001,1,0,0,2,0,0,0,0,1
102.62,14,0,0,47,4,20,4.640730361386642,-0.4999999999999997,-0.8660254037844388,0,1,0,1,0,1,0,0,0
8.41,1,0,0,27,5,30,2.2417729535972883,0.25881904510252074,0.9659258262890683,1,1,1,3,1,0,0,0,0
62.13,15,0,0,74,3,24,4.145196092379535,-0.7071067811865471,-0.7071067811865479,0,0,0,0,0,0,1,0,0
69.97,11,0,0,35,2,37,4.262257252536892,0.258819045102521,-0.9659258262890682,0,0,1,1,0,0,1,0,0
32.36,20,0,0,67,1,25,3.507357577490546,-0.8660254037844386,0.5000000000000001,0,0,0,0,0,0,0,0,1
160.88,0,0,0,89,2,49,5.086855320007665,0.0,1.0,1,0,0,1,0,0,1,0,0
63.11,6,0,0,98,0,54,4.160600357999166,1.0,6.123233995736766e-17,0,0,0,0,0,1,0,0,0
70.99,0,0,0,60,4,22,4.276527220481212,0.0,1.0,1,1,0,2,0,0,0,0,1
130.22,3,0,0,59,4,35,4.876875303916732,0.7071067811865476,0.7071067811865476,1,1,0,2,0,0,0,1,0
43.76,15,0,0,26,4,46,3.8013148834437245,-0.7071067811865471,-0.7071067811865479,0,1,1,2,1,0,0,0,0
301.97,16,0,0,61,2,67,5.7136337907065755,-0.8660254037844385,-0.5000000000000004,0,0,0,0,0,0,1,0,0
24.89,0,0,0,69,1,69,3.2538567937634464,0.0,1.0,1,0,0,1,0,0,0,0,1
145.78,10,1,0,80,1,18,4.9889348671169165,0.49999999999999994,-0.8660254037844387,0,0,0,1,0,0,0,0,1
54.99,21,0,0,64,0,40,4.025173103360802,-0.7071067811865477,0.7071067811865474,0,0,0,0,0,1,0,0,0
191.65,7,0,0,95,2,33,5.260875071072166,0.9659258262890683,-0.25881904510252063,0,0,0,0,0,1,0,0,0
185.18,7,0,0,62,4,21,5.226713947688344,0.9659258262890683,-0.25881904510252063,0,1,0,1,0,0,1,0,0
97.24,12,0,0,94,1,63,4.587413464398832,1.2246467991473532e-16,-1.0,0,0,0,0,0,1,0,0,0
168.45,3,0,0,67,0,22,5.132557898053061,0.7071067811865476,0.7071067811865476,1,0,0,1,0,1,0,0,0
342.94,15,0,0,38,2,30,5.840467223556053,-0.7071067811865471,-0.7071067811865479,0,0,1,1,1,0,0,0,0
51.49,18,0,0,54,2,46,3.9606226752642084,-1.0,-1.8369701987210297e-16,0,0,0,0,0,0,0,0,1
155.54,13,0,0,70,3,45,5.053311568376692,-0.2588190451025208,-0.9659258262890683,0,0,0,0,1,0,0,0,0
76.51,17,0,0,81,1,40,4.35040696029342,-0.9659258262890683,-0.25881904510252063,0,0,0,0,0,0,1,0,0
141.42,23,1,0,59,3,37,4.958780438553979,-0.25881904510252157,0.9659258262890681,0,0,0,1,0,0,0,0,1
194.9,1,1,0,61,3,59,5.277604324950495,0.25881904510252074,0.9659258262890683,1,0,0,2,1,0,0,0,0
17.21,11,0,0,33,2,63,2.9019708937395166,0.258819045102521,-0.9659258262890682,0,0,1,1,0,0,0,0,1
3.97,15,0,0,40,1,62,1.6034198401085376,-0.7071067811865471,-0.7071067811865479,0,0,0,0,0,0,0,1,0
113.49,14,0,0,94,0,35,4.740487482935721,-0.4999999999999997,-0.8660254037844388,0,0,0,0,0,0,1,0,0
123.29,7,1,0,57,0,19,4.82261754475742,0.9659258262890683,-0.25881904510252063,0,0,0,1,1,0,0,0,0
32.97,21,0,0,63,1,43,3.5254777821724925,-0.7071067811865477,0.7071067811865474,0,0,0,0,0,0,1,0,0
53.42,22,1,0,98,0,24,3.9967317333551002,-0.5000000000000004,0.8660254037844384,0,0,0,1,0,1,0,0,0
145.62,1,1,0,54,3,24,4.98784420579544,0.25881904510252074,0.9659258262890683,1,0,0,2,0,0,1,0,0
184.74,8,0,0,41,1,41,5.224347846347863,0.8660254037844387,-0.4999999999999998,0,0,0,0,0,0,0,1,0
19.25,9,0,0,37,1,52,3.0081547935525483,0.7071067811865476,-0.7071067811865475,0,0,1,1,1,0,0,0,0
496.86,6,0,1,74,4,37,6.2103189130037615,1.0,6.123233995736766e-17,0,1,0,2,0,0,0,0,1
7.36,19,0,0,40,5,23,2.1234584270966104,-0.9659258262890684,0.2588190451025203,0,1,0,1,1,0,0,0,0
43.72,11,0,0,74,3,58,3.8004208288468435,0.258819045102521,-0.9659258262890682,0,0,0,0,0,0,0,0,1
174.17,14,0,0,33,4,30,5.165756930963556,-0.4999999999999997,-0.8660254037844388,0,1,1,2,0,0,0,1,0
14.42,5,0,0,88,2,42,2.7356653681351832,0.9659258262890683,0.25881904510252074,1,0,0,1,0,1,0,0,0
194.91,14,0,0,85,3,62,5.277655370099941,-0.4999999999999997,-0.8660254037844388,0,0,0,0,0,1,0,0,0
203.73,13,0,0,74,3,37,5.321692037864487,-0.2588190451025208,-0.9659258262890683,0,0,0,0,1,0,0,0,0
94.0,2,1,0,42,0,23,4.553876891600541,0.49999999999999994,0.8660254037844387,1,0,0,2,0,0,1,0,0
308.16,14,0,0,96,2,62,5.733858942238671,-0.4999999999999997,-0.8660254037844388,0,0,0,0,0,0,0,0,1
312.25,8,0,0,69,1,68,5.747001593776178,0.8660254037844387,-0.4999999999999998,0,0,0,0,0,1,0,0,0
481.12,19,0,0,45,1,60,6.178193045720143,-0.9659258262890684,0.2588190451025203,0,0,0,0,0,0,1,0,0
20.35,14,0,0,85,1,29,3.0610517396746335,-0.4999999999999997,-0.8660254037844388,0,0,0,0,0,0,0,1,0
94.03,12,1,0,87,2,61,4.5541926312232235,1.2246467991473532e-16,-1.0,0,0,0,1,0,1,0,0,0
78.44,7,0,1,54,2,49,4.375002019736917,0.9659258262890683,-0.25881904510252063,0,0,0,1,0,1,0,0,0
224.11,7,0,1,31,2,57,5.416589171626073,0.9659258262890683,-0.25881904510252063,0,0,1,2,0,1,0,0,0
62.45,4,1,0,88,1,68,4.150252194160397,0.8660254037844386,0.5000000000000001,1,0,0,2,0,0,0,0,1
94.41,8,0,0,73,1,56,4.558183394763755,0.8660254037844387,-0.4999999999999998,0,0,0,0,0,0,0,0,1
32.04,4,0,1,56,4,33,3.497718948652777,0.8660254037844386,0.5000000000000001,1,1,0,3,1,0,0,0,0
52.4,7,0,0,88,1,35,3.977810745966149,0.9659258262890683,-0.25881904510252063,0,0,0,0,1,0,0,0,0
190.6,16,0,1,60,2,21,5.25540986553676,-0.8660254037844385,-0.5000000000000004,0,0,0,1,0,1,0,0,0
57.22,14,0,0,65,4,39,4.064228938317477,-0.4999999999999997,-0.8660254037844388,0,1,0,1,0,1,0,0,0
44.31,2,0,0,54,0,19,3.813527758679047,0.49999999999999994,0.8660254037844387,1,0,0,1,1,0,0,0,0
144.0,20,0,0,62,2,36,4.976733742420574,-0.8660254037844386,0.5000000000000001,0,0,0,0,0,0,1,0,0
322.85,18,0,0,43,2,69,5.780280445628926,-1.0,-1.8369701987210297e-16,0,0,0,0,1,0,0,0,0
215.56,11,0,1,26,3,34,5.377867645306046,0.258819045102521,-0.9659258262890682,0,0,1,2,0,0,1,0,0
356.93,12,1,0,53,3,50,5.880337436555819,1.2246467991473532e-16,-1.0,0,0,0,1,0,1,0,0,0
30.21,18,1,0,84,1,50,3.440738556282688,-1.0,-1.8369701987210297e-16,0,0,0,1,0,1,0,0,0
2.71,11,0,0,34,2,51,1.3110318766193438,0.258819045102521,-0.9659258262890682,0,0,1,1,0,1,0,0,0
106.27,7,0,0,91,1,21,4.675349020609338,0.9659258262890683,-0.25881904510252063,0,0,0,0,0,0,1,0,0
36.47,10,0,0,36,2,66,3.623540612805596,0.49999999999999994,-0.8660254037844387,0,0,1,1,1,0,0,0,0
80.17,6,0,0,47,2,28,4.3965457207730845,1.0,6.123233995736766e-17,0,0,0,0,0,0,0,0,1
235.22,19,0,0,68,1,25,5.464763574183701,-0.9659258262890684,0.2588190451025203,0,0,0,0,0,1,0,0,0
450.81,13,0,0,47,4,36,6.113261737476429,-0.2588190451025208,-0.9659258262890683,0,1,0,1,0,0,0,1,0
101.16,11,1,0,38,0,48,4.626540211724284,0.258819045102521,-0.9659258262890682,0,0,1,2,0,0,0,0,1
108.54,18,0,0,70,2,26,4.696289779355575,-1.0,-1.8369701987210297e-16,0,0,0,0,0,0,1,0,0
167.98,23,0,0,80,0,55,5.129780364724699,-0.25881904510252157,0.9659258262890681,0,0,0,0,0,0,0,1,0
258.6,21,0,0,66,6,53,5.559141984829935,-0.7071067811865477,0.7071067811865474,0,1,0,1,0,0,0,0,1
225.1,21,0,0,89,0,68,5.420977379283924,-0.7071067811865477,0.7071067811865474,0,0,0,0,0,0,0,1,0
6.08,6,0,0,77,3,48,1.9572739077056285,1.0,6.123233995736766e-17,0,0,0,0,1,0,0,0,0
126.44,23,0,0,67,3,68,4.847645665601793,-0.25881904510252157,0.9659258262890681,0,0,0,0,0,0,1,0,0
129.54,2,0,0,77,2,28,4.871679693207072,0.49999999999999994,0.8660254037844387,1,0,0,1,0,0,0,0,1
6.0,19,0,0,95,0,69,1.9459101490553132,-0.9659258262890684,0.2588190451025203,0,0,0,0,0,0,1,0,0
96.45,11,0,0,61,1,29,4.57933942595357,0.258819045102521,-0.9659258262890682,0,0,0,0,0,0,0,1,0
78.23,5,0,0,29,4,22,4.372355014977151,0.9659258262890683,0.25881904510252074,1,1,1,3,1,0,0,0,0
371.24,21,0,0,70,0,33,5.9195388075363935,-0.7071067811865477,0.7071067811865474,0,0,0,0,0,0,0,0,1
40.27,18,1,0,96,3,66,3.7201358437644907,-1.0,-1.8369701987210297e-16,0,0,0,1,0,0,1,0,0
185.89,0,0,1,76,0,60,5.230520208482211,0.0,1.0,1,0,0,2,0,0,0,0,1
357.84,17,0,0,55,1,50,5.882876606691083,-0.9659258262890683,-0.25881904510252063,0,0,0,0,1,0,0,0,0
35.85,8,1,0,29,0,41,3.6068556186353455,0.8660254037844387,-0.4999999999999998,0,0,1,2,0,0,1,0,0
231.74,18,0,0,90,4,19,5.449921950679931,-1.0,-1.8369701987210297e-16,0,1,0,1,0,0,0,1,0
222.31,19,0,0,41,2,55,5.408560940646796,-0.9659258262890684,0.2588190451025203,0,0,0,0,1,0,0,0,0
24.07,8,0,0,35,2,30,3.221671912170202,0.8660254037844387,-0.4999999999999998,0,0,1,1,0,0,1,0,0
129.59,0,0,0,93,1,45,4.872062644232316,0.0,1.0,1,0,0,1,0,0,0,0,1
178.67,11,0,0,58,2,32,5.1911218349444805,0.258819045102521,-0.9659258262890682,0,0,0,0,0,1,0,0,0
44.86,18,0,0,48,3,46,3.8255932774297583,-1.0,-1.8369701987210297e-16,0,0,0,0,1,0,0,0,0
232.09,11,0,0,60,0,31,5.451424645078578,0.258819045102521,-0.9659258262890682,0,0,0,0,0,0,0,1,0
291.35,19,0,0,80,2,48,5.677951714621679,-0.9659258262890684,0.2588190451025203,0,0,0,0,0,0,0,1,0
257.63,20,0,0,94,3,27,5.555398468889943,-0.8660254037844386,0.5000000000000001,0,0,0,0,0,0,0,1,0
15.23,7,0,0,94,1,31,2.7868613815264998,0.9659258262890683,-0.25881904510252063,0,0,0,0,0,1,0,0,0
222.97,20,0,0,68,6,24,5.411512114314379,-0.8660254037844386,0.5000000000000001,0,1,0,1,0,0,0,0,1
2.87,17,0,0,98,3,28,1.3532545070416904,-0.9659258262890683,-0.25881904510252063,0,0,0,0,1,0,0,0,0
10.72,19,0,0,85,2,59,2.4612967841488667,-0.9659258262890684,0.2588190451025203,0,0,0,0,1,0,0,0,0
73.83,0,0,0,90,0,43,4.315218874092267,0.0,1.0,1,0,0,1,1,0,0,0,0
186.69,6,0,0,32,2,35,5.234791665668158,1.0,6.123233995736766e-17,0,0,1,1,1,0,0,0,0
103.65,10,0,0,49,4,65,4.650621448892009,0.49999999999999994,-0.8660254037844387,0,1,0,1,0,1,0,0,0
147.82,9,0,0,99,3,59,5.002737521969115,0.7071067811865476,-0.7071067811865475,0,0,0,0,1,0,0,0,0
247.0,17,0,0,73,2,24,5.5134287461649825,-0.9659258262890683,-0.25881904510252063,0,0,0,0,0,0,0,1,0
386.74,7,0,0,55,1,46,5.960335011911061,0.9659258262890683,-0.25881904510252063,0,0,0,0,0,0,0,1,0
593.08,22,0,0,95,3,59,6.38701399042877,-0.5000000000000004,0.8660254037844384,0,0,0,0,0,1,0,0,0
1.66,0,0,0,60,4,18,0.9783261227936076,0.0,1.0,1,1,0,2,1,0,0,0,0
116.02,20,0,0,93,5,59,4.76234486036009,-0.8660254037844386,0.5000000000000001,0,1,0,1,1,0,0,0,0
227.47,14,0,0,90,1,37,5.431404910686392,-0.4999999999999997,-0.8660254037844388,0,0,0,0,0,0,0,0,1
124.75,14,0,0,69,0,65,4.8342958089798485,-0.4999999999999997,-0.8660254037844388,0,0,0,0,0,0,0,1,0
13.43,13,0,0,73,2,46,2.6693093727857793,-0.2588190451025208,-0.9659258262890683,0,0,0,0,1,0,0,0,0
27.15,16,0,0,68,2,49,3.3375473545856993,-0.8660254037844385,-0.5000000000000004,0,0,0,0,0,1,0,0,0
76.33,19,0,0,65,2,60,4.348081978620944,-0.9659258262890684,0.2588190451025203,0,0,0,0,1,0,0,0,0
164.94,13,0,0,29,6,21,5.111626277236139,-0.2588190451025208,-0.9659258262890683,0,1,1,2,0,1,0,0,0
269.66,22,0,0,54,0,48,5.60086342064836,-0.5000000000000004,0.8660254037844384,0,0,0,0,1,0,0,0,0
36.9,3,0,0,49,3,29,3.634951112088381,0.7071067811865476,0.7071067811865476,1,0,0,1,0,0,0,1,0
234.76,14,1,0,91,1,50,5.462814338429439,-0.4999999999999997,-0.8660254037844388,0,0,0,1,1,0,0,0,0
66.44,6,0,0,33,0,42,4.2112383136936,1.0,6.123233995736766e-17,0,0,1,1,0,0,0,1,0
30.48,17,0,1,67,1,63,3.4493524235492026,-0.9659258262890683,-0.25881904510252063,0,0,0,1,0,0,0,0,1
15.3,3,0,0,43,5,45,2.791165107812717,0.7071067811865476,0.7071067811865476,1,1,0,2,0,1,0,0,0
93.01,4,0,0,58,2,20,4.543401159590459,0.8660254037844386,0.5000000000000001,1,0,0,1,0,0,0,1,0
140.02,19,0,1,88,4,26,4.948901724290895,-0.9659258262890684,0.2588190451025203,0,1,0,2,0,0,1,0,0
295.56,2,0,0,71,1,65,5.692249558842477,0.49999999999999994,0.8660254037844387,1,0,0,1,1,0,0,0,0
260.4,17,0,0,53,2,63,5.566051801190121,-0.9659258262890683,-0.25881904510252063,0,0,0,0,1,0,0,0,0
444.33,19,0,0,99,1,37,6.098815580370529,-0.9659258262890684,0.2588190451025203,0,0,0,0,1,0,0,0,0
73.96,1,0,0,60,1,44,4.316954637930166,0.25881904510252074,0.9659258262890683,1,0,0,1,1,0,0,0,0
4.82,0,0,0,72,4,40,1.7613002617433464,0.0,1.0,1,1,0,2,0,0,0,0,1
288.31,3,0,0,89,0,52,5.667498777578954,0.7071067811865476,0.7071067811865476,1,0,0,1,0,1,0,0,0
331.93,1,0,0,99,2,53,5.807932257672971,0.25881904510252074,0.9659258262890683,1,0,0,1,1,0,0,0,0
24.57,9,1,1,55,6,27,3.2414197893030954,0.7071067811865476,-0.7071067811865475,0,1,0,3,0,0,0,0,1
172.01,9,0,1,45,1,40,5.153349396295431,0.7071067811865476,-0.7071067811865475,0,0,0,1,0,0,1,0,0
234.43,23,0,0,99,1,61,5.4614136293568585,-0.25881904510252157,0.9659258262890681,0,0,0,0,0,0,1,0,0
560.81,13,0,0,34,3,57,6.331163714440526,-0.2588190451025208,-0.9659258262890683,0,0,1,1,1,0,0,0,0
59.59,22,0,0,27,2,24,4.104129862956897,-0.5000000000000004,0.8660254037844384,0,0,1,1,0,0,0,1,0
203.99,9,0,0,73,1,58,5.322961197460796,0.7071067811865476,-0.7071067811865475,0,0,0,0,0,0,1,0,0
306.13,3,0,0,54,1,54,5.7272711107251055,0.7071067811865476,0.7071067811865476,1,0,0,1,0,1,0,0,0
183.46,7,0,0,73,1,53,5.217432637807573,0.9659258262890683,-0.25881904510252063,0,0,0,0,0,0,0,1,0
54.48,20,0,0,69,0,67,4.016022595446631,-0.8660254037844386,0.5000000000000001,0,0,0,0,0,0,0,0,1
143.95,7,0,0,81,1,47,4.976388855367665,0.9659258262890683,-0.25881904510252063,0,0,0,0,0,0,0,1,0
525.13,23,0,1,69,4,28,6.265548330490576,-0.25881904510252157,0.9659258262890681,0,1,0,2,0,0,0,0,1
230.63,16,0,0,83,1,65,5.4451412709888345,-0.8660254037844385,-0.5000000000000004,0,0,0,0,0,1,0,0,0
181.04,16,0,0,44,3,33,5.204226443148441,-0.8660254037844385,-0.5000000000000004,0,0,0,0,0,1,0,0,0
142.38,7,0,1,91,0,35,4.965498448424726,0.9659258262890683,-0.25881904510252063,0,0,0,1,0,0,0,0,1
33.17,13,0,0,83,2,56,3.5313480661272005,-0.2588190451025208,-0.9659258262890683,0,0,0,0,0,0,0,0,1
490.38,15,0,0,47,3,30,6.19721775921811,-0.7071067811865471,-0.7071067811865479,0,0,0,0,0,0,0,0,1
499.83,21,0,0,32,3,63,6.216266722145061,-0.7071067811865477,0.7071067811865474,0,0,1,1,0,0,0,0,1
61.58,8,0,1,25,0,39,4.136445738240736,0.8660254037844387,-0.4999999999999998,0,0,1,2,1,0,0,0,0
208.52,13,0,0,27,2,47,5.344819200199456,-0.2588190451025208,-0.9659258262890683,0,0,1,1,1,0,0,0,0
95.27,19,0,0,41,3,26,4.567156743789875,-0.9659258262890684,0.2588190451025203,0,0,0,0,0,1,0,0,0
379.46,15,0,0,85,0,59,5.941381046939995,-0.7071067811865471,-0.7071067811865479,0,0,0,0,0,1,0,0,0
388.49,7,0,0,53,2,46,5.964838191040272,0.9659258262890683,-0.25881904510252063,0,0,0,0,0,1,0,0,0
204.93,14,0,0,62,2,60,5.327536305217257,-0.4999999999999997,-0.8660254037844388,0,0,0,0,0,1,0,0,0
36.99,11,0,0,60,3,28,3.6373229671995344,0.258819045102521,-0.9659258262890682,0,0,0,0,0,0,0,0,1
56.15,14,1,0,26,0,69,4.04567939024082,-0.4999999999999997,-0.8660254037844388,0,0,1,2,0,1,0,0,0
5.66,14,0,0,71,4,22,1.8961194845522977,-0.4999999999999997,-0.8660254037844388,0,1,0,1,0,0,1,0,0
84.69,23,0,0,73,3,60,4.450736132681027,-0.25881904510252157,0.9659258262890681,0,0,0,0,0,0,1,0,0
7.93,8,1,0,99,1,53,2.189416394888408,0.8660254037844387,-0.4999999999999998,0,0,0,1,0,0,0,0,1
18.5,1,0,0,82,2,64,2.970414465569701,0.25881904510252074,0.9659258262890683,1,0,0,1,0,1,0,0,0
67.22,0,0,0,61,1,30,4.2227377769905,0.0,1.0,1,0,0,1,0,0,0,0,1
83.58,23,1,0,63,4,34,4.437697832044343,-0.25881904510252157,0.9659258262890681,0,1,0,2,1,0,0,0,0
21.5,21,0,0,69,0,27,3.1135153092103742,-0.7071067811865477,0.7071067811865474,0,0,0,0,0,0,1,0,0
7.53,10,0,0,66,3,55,2.143589361503588,0.49999999999999994,-0.8660254037844387,0,0,0,0,0,0,0,0,1
158.42,0,0,0,38,3,25,5.071542228999777,0.0,1.0,1,0,1,2,0,0,0,1,0
326.54,20,0,0,43,4,59,5.791610185021721,-0.8660254037844386,0.5000000000000001,0,1,0,1,0,0,0,1,0
41.09,9,0,0,95,0,57,3.7398101827824792,0.7071067811865476,-0.7071067811865475,0,0,0,0,0,0,0,0,1
359.65,9,0,0,63,3,50,5.887907958949682,0.7071067811865476,-0.7071067811865475,0,0,0,0,0,0,1,0,0
39.93,22,0,0,53,2,24,3.7118632905043114,-0.5000000000000004,0.8660254037844384,0,0,0,0,0,1,0,0,0
91.14,8,0,0,65,4,30,4.523309159507771,0.8660254037844387,-0.4999999999999998,0,1,0,1,1,0,0,0,0
166.4,4,0,0,55,0,40,5.120386158055375,0.8660254037844386,0.5000000000000001,1,0,0,1,0,0,0,1,0
435.09,7,0,0,84,0,58,6.0778486440652895,0.9659258262890683,-0.25881904510252063,0,0,0,0,0,0,0,0,1
55.92,15,0,0,84,4,26,4.041646773221651,-0.7071067811865471,-0.7071067811865479,0,1,0,1,0,0,0,1,0
285.76,4,0,0,52,3,22,5.658645628984671,0.8660254037844386,0.5000000000000001,1,0,0,1,0,0,1,0,0
16.53,10,0,0,78,2,37,2.863913698933143,0.49999999999999994,-0.8660254037844387,0,0,0,0,0,0,1,0,0
3.03,5,0,0,54,1,69,1.3937663759585914,0.9659258262890683,0.25881904510252074,1,0,0,1,0,0,1,0,0
91.35,22,0,0,71,1,50,4.5255857066452485,-0.5000000000000004,0.8660254037844384,0,0,0,0,0,0,0,1,0
569.91,10,0,0,91,1,22,6.347231579019294,0.49999999999999994,-0.8660254037844387,0,0,0,0,0,1,0,0,0
29.7,19,0,0,26,3,58,3.4242626545931514,-0.9659258262890684,0.2588190451025203,0,0,1,1,0,0,0,0,1
36.65,14,0,0,42,1,41,3.6283329542459026,-0.4999999999999997,-0.8660254037844388,0,0,0,0,0,0,0,0,1
60.92,17,0,0,30,2,24,4.125843229281472,-0.9659258262890683,-0.25881904510252063,0,0,1,1,0,0,1,0,0
42.69,6,0,0,73,1,63,3.7771192429633444,1.0,6.123233995736766e-17,0,0,0,0,0,0,0,0,1
53.59,16,0,1,67,2,46,3.9998507157936665,-0.8660254037844385,-0.5000000000000004,0,0,0,1,0,0,1,0,0
101.08,6,0,0,28,2,57,4.6257568195964796,1.0,6.123233995736766e-17,0,0,1,1,0,0,0,0,1
16.8,20,0,0,35,1,35,2.8791984572980396,-0.8660254037844386,0.5000000000000001,0,0,1,1,0,0,0,0,1
191.11,6,0,0,32,1,41,5.258068124640351,1.0,6.123233995736766e-17,0,0,1,1,0,0,0,1,0
177.95,23,0,0,46,4,35,5.187106437212035,-0.25881904510252157,0.9659258262890681,0,1,0,1,0,0,0,1,0
341.45,7,0,0,53,4,56,5.836125661643914,0.9659258262890683,-0.25881904510252063,0,1,0,1,0,0,1,0,0
71.52,1,1,0,31,3,28,4.283862385886651,0.25881904510252074,0.9659258262890683,1,0,1,3,0,0,0,1,0
137.96,15,0,0,59,1,38,4.934186121932849,-0.7071067811865471,-0.7071067811865479,0,0,0,0,1,0,0,0,0
5.68,15,0,0,69,2,28,1.8991179875485542,-0.7071067811865471,-0.7071067811865479,0,0,0,0,0,0,0,1,0
638.22,22,0,0,77,2,40,6.46024868307396,-0.5000000000000004,0.8660254037844384,0,0,0,0,0,1,0,0,0
216.09,6,0,0,55,5,63,5.380312014100664,1.0,6.123233995736766e-17,0,1,0,1,0,0,1,0,0
69.24,8,0,0,82,0,63,4.251917949326861,0.8660254037844387,-0.4999999999999998,0,0,0,0,0,1,0,0,0
404.14,21,0,1,26,1,18,6.00423268638566,-0.7071067811865477,0.7071067811865474,0,0,1,2,0,1,0,0,0
219.43,20,0,0,57,0,63,5.395580184168247,-0.8660254037844386,0.5000000000000001,0,0,0,0,0,0,1,0,0
596.47,17,0,0,58,3,34,6.392704073340121,-0.9659258262890683,-0.25881904510252063,0,0,0,0,0,0,1,0,0
73.18,1,0,0,66,4,62,4.306494572061445,0.25881904510252074,0.9659258262890683,1,1,0,2,0,0,0,0,1
128.3,22,0,0,43,0,45,4.8621352857778115,-0.5000000000000004,0.8660254037844384,0,0,0,0,0,0,0,1,0
65.36,5,0,0,97,2,54,4.195094465322244,0.9659258262890683,0.25881904510252074,1,0,0,1,0,0,0,1,0
146.22,14,0,0,96,0,62,4.991928066630559,-0.4999999999999997,-0.8660254037844388,0,0,0,0,0,0,0,0,1
6.3,10,0,0,57,1,31,1.9878743481543455,0.49999999999999994,-0.8660254037844387,0,0,0,0,0,0,0,0,1
74.76,8,0,0,74,1,46,4.327570448877823,0.8660254037844387,-0.4999999999999998,0,0,0,0,0,0,0,0,1
356.51,15,0,0,63,1,35,5.8791633337708245,-0.7071067811865471,-0.7071067811865479,0,0,0,0,1,0,0,0,0
130.88,18,0,0,85,5,39,4.88189241820353,-1.0,-1.8369701987210297e-16,0,1,0,1,1,0,0,0,0
5.85,3,0,1,60,0,28,1.9242486522741338,0.7071067811865476,0.7071067811865476,1,0,0,2,0,0,1,0,0
367.11,4,0,0,39,4,40,5.908381806546806,0.8660254037844386,0.5000000000000001,1,1,1,3,0,1,0,0,0
7.05,11,0,0,83,2,22,2.0856720914304723,0.258819045102521,-0.9659258262890682,0,0,0,0,0,0,0,1,0
61.01,11,0,1,25,3,44,4.127295662361787,0.258819045102521,-0.9659258262890682,0,0,1,2,1,0,0,0,0
4.71,17,0,0,65,1,67,1.742219023667919,-0.9659258262890683,-0.25881904510252063,0,0,0,0,0,0,1,0,0
107.13,4,0,0,53,1,38,4.683334206957445,0.8660254037844386,0.5000000000000001,1,0,0,1,0,1,0,0,0
23.05,10,0,0,80,2,23,3.1801349965517702,0.49999999999999994,-0.8660254037844387,0,0,0,0,0,0,0,0,1
69.42,0,0,0,49,2,59,4.254477313726906,0.0,1.0,1,0,0,1,0,1,0,0,0
30.66,8,0,0,45,2,67,3.4550540544528663,0.8660254037844387,-0.4999999999999998,0,0,0,0,0,0,1,0,0
129.91,7,0,0,47,1,67,4.874510064192008,0.9659258262890683,-0.25881904510252063,0,0,0,0,0,0,1,0,0
44.62,0,0,0,27,2,22,3.820346216856242,0.0,1.0,1,0,1,2,0,0,1,0,0
66.73,22,0,0,86,4,32,4.215529213226812,-0.5000000000000004,0.8660254037844384,0,1,0,1,0,0,0,1,0
210.79,12,0,0,84,1,40,5.35559521769951,1.2246467991473532e-16,-1.0,0,0,0,0,0,0,0,1,0
203.76,10,0,0,75,1,57,5.321838561589383,0.49999999999999994,-0.8660254037844387,0,0,0,0,0,0,0,0,1
99.45,12,0,0,78,0,42,4.609660091260944,1.2246467991473532e-16,-1.0,0,0,0,0,0,0,0,0,1
354.22,9,0,0,81,2,60,5.8727373158391805,0.7071067811865476,-0.7071067811865475,0,0,0,0,0,0,0,0,1
148.38,22,0,0,36,1,19,5.0064933949289205,-0.5000000000000004,0.8660254037844384,0,0,1,1,0,0,1,0,0
75.54,5,0,0,76,2,65,4.337813479997556,0.9659258262890683,0.25881904510252074,1,0,0,1,0,1,0,0,0
105.19,9,0,0,47,4,60,4.665229942415754,0.7071067811865476,-0.7071067811865475,0,1,0,1,0,0,0,0,1
212.93,12,0,0,83,3,49,5.3656488587083215,1.2246467991473532e-16,-1.0,0,0,0,0,0,0,0,0,1
28.43,13,0,0,33,1,52,3.382014562245381,-0.2588190451025208,-0.9659258262890683,0,0,1,1,0,1,0,0,0
46.47,0,0,0,87,1,68,3.8600979325632268,0.0,1.0,1,0,0,1,0,0,0,0,1
126.37,9,0,0,75,0,46,4.8470962366016686,0.7071067811865476,-0.7071067811865475,0,0,0,0,0,0,0,1,0
265.7,7,0,0,29,1,47,5.586124431187969,0.9659258262890683,-0.25881904510252063,0,0,1,1,0,0,0,1,0
129.39,17,0,0,76,0,31,4.87052995943538,-0.9659258262890683,-0.25881904510252063,0,0,0,0,0,0,0,1,0
282.04,22,1,0,83,4,33,5.645588230411475,-0.5000000000000004,0.8660254037844384,0,1,0,2,0,0,0,0,1
152.59,6,0,0,88,2,39,5.0342867144275365,1.0,6.123233995736766e-17,0,0,0,0,0,0,1,0,0
91.8,15,0,0,25,2,36,4.530446639792155,-0.7071067811865471,-0.7071067811865479,0,0,1,1,0,1,0,0,0
413.48,0,0,0,67,3,47,6.027024722506533,0.0,1.0,1,0,0,1,0,0,1,0,0
246.25,21,0,1,31,1,27,5.510399970502822,-0.7071067811865477,0.7071067811865474,0,0,1,2,0,0,1,0,0
143.54,23,0,0,85,1,26,4.973556285854835,-0.25881904510252157,0.9659258262890681,0,0,0,0,0,0,1,0,0
198.34,16,0,0,48,2,65,5.29501190953931,-0.8660254037844385,-0.5000000000000004,0,0,0,0,0,0,0,0,1
201.04,6,0,0,51,0,60,5.308465697599852,1.0,6.123233995736766e-17,0,0,0,0,0,0,1,0,0
154.05,8,0,0,73,3,34,5.043747645546458,0.8660254037844387,-0.4999999999999998,0,0,0,0,0,0,0,0,1
344.56,20,0,0,37,3,54,5.845166289490684,-0.8660254037844386,0.5000000000000001,0,0,1,1,0,0,0,0,1
158.01,20,0,0,89,3,43,5.068967093324305,-0.8660254037844386,0.5000000000000001,0,0,0,0,0,0,1,0,0
301.7,1,0,0,61,1,41,5.712742216027673,0.25881904510252074,0.9659258262890683,1,0,0,1,0,1,0,0,0
6.17,8,0,0,44,1,38,1.969905654611529,0.8660254037844387,-0.4999999999999998,0,0,0,0,0,0,0,1,0
298.47,16,0,0,33,3,55,5.702014245593553,-0.8660254037844385,-0.5000000000000004,0,0,1,1,0,1,0,0,0
0.96,3,1,0,58,1,69,0.6729444732424258,0.7071067811865476,0.7071067811865476,1,0,0,2,0,1,0,0,0
2.69,11,1,0,68,7,45,1.3056264580524357,0.258819045102521,-0.9659258262890682,0,1,0,2,0,0,1,0,0
113.39,7,0,0,54,1,31,4.739613662537582,0.9659258262890683,-0.25881904510252063,0,0,0,0,0,0,1,0,0
476.69,1,0,0,92,1,34,6.168961986536444,0.25881904510252074,0.9659258262890683,1,0,0,1,0,1,0,0,0
200.27,1,0,0,34,0,50,5.304647290242906,0.25881904510252074,0.9659258262890683,1,0,1,2,1,0,0,0,0
216.92,14,1,0,52,0,28,5.384128022961147,-0.4999999999999997,-0.8660254037844388,0,0,0,1,0,1,0,0,0
146.57,15,0,0,52,1,45,4.994302639475358,-0.7071067811865471,-0.7071067811865479,0,0,0,0,0,1,0,0,0
145.43,6,0,0,54,2,64,4.986547498567166,1.0,6.123233995736766e-17,0,0,0,0,0,0,0,0,1
169.27,5,0,0,79,5,54,5.137385412432552,0.9659258262890683,0.25881904510252074,1,1,0,2,1,0,0,0,0
11.51,15,0,0,99,0,62,2.5265283244788197,-0.7071067811865471,-0.7071067811865479,0,0,0,0,0,0,0,1,0
266.51,23,0,0,94,2,44,5.589156948814898,-0.25881904510252157,0.9659258262890681,0,0,0,0,0,1,0,0,0
132.18,5,0,0,93,1,28,4.891701596682476,0.9659258262890683,0.25881904510252074,1,0,0,1,0,0,1,0,0
502.2,15,0,0,41,1,61,6.22098770538623,-0.7071067811865471,-0.7071067811865479,0,0,0,0,0,0,0,0,1
104.42,15,0,0,72,0,61,4.6579523714270605,-0.7071067811865471,-0.7071067811865479,0,0,0,0,0,0,0,0,1
49.21,0,0,0,95,3,65,3.916214210046614,0.0,1.0,1,0,0,1,0,1,0,0,0
47.75,9,0,0,46,1,44,3.886705197443856,0.7071067811865476,-0.7071067811865475,0,0,0,0,1,0,0,0,0
792.0,6,0,0,81,1,43,6.675823221634848,1.0,6.123233995736766e-17,0,0,0,0,0,0,0,0,1
117.66,20,0,0,96,1,64,4.776262260830497,-0.8660254037844386,0.5000000000000001,0,0,0,0,0,0,1,0,0
57.64,8,0,0,42,1,59,4.071417057578396,0.8660254037844387,-0.4999999999999998,0,0,0,0,0,1,0,0,0
76.57,0,0,0,72,3,38,4.3511807545027805,0.0,1.0,1,0,0,1,0,0,0,1,0
157.36,23,0,0,87,1,28,5.06487092223793,-0.25881904510252157,0.9659258262890681,0,0,0,0,0,0,0,1,0
97.88,23,0,0,40,1,23,4.59390699370938,-0.25881904510252157,0.9659258262890681,0,0,0,0,0,1,0,0,0
655.56,12,0,0,88,1,66,6.487014083321456,1.2246467991473532e-16,-1.0,0,0,0,0,0,0,0,1,0
254.43,1,0,0,95,1,35,5.542948399503669,0.25881904510252074,0.9659258262890683,1,0,0,1,0,0,1,0,0
142.59,15,0,0,50,1,47,4.966962016306286,-0.7071067811865471,-0.7071067811865479,0,0,0,0,0,1,0,0,0
26.58,14,0,0,97,0,50,3.3170908723651555,-0.4999999999999997,-0.8660254037844388,0,0,0,0,1,0,0,0,0
294.37,0,0,0,48,0,40,5.688228807729435,0.0,1.0,1,0,0,1,0,0,1,0,0
404.3,4,0,1,33,1,38,6.004627533634263,0.8660254037844386,0.5000000000000001,1,0,1,3,1,0,0,0,0
181.88,9,0,1,87,2,25,5.2088302000465,0.7071067811865476,-0.7071067811865475,0,0,0,1,0,0,0,1,0
100.27,13,0,0,95,0,61,4.617790217344194,-0.2588190451025208,-0.9659258262890683,0,0,0,0,0,1,0,0,0
126.06,10,0,0,41,2,39,4.844659415838387,0.49999999999999994,-0.8660254037844387,0,0,0,0,1,0,0,0,0
359.42,22,0,0,85,2,23,5.887270018090125,-0.5000000000000004,0.8660254037844384,0,0,0,0,0,1,0,0,0
124.21,5,0,0,84,0,24,4.8299923276808565,0.9659258262890683,0.25881904510252074,1,0,0,1,0,0,0,0,1
57.88,5,0,0,91,2,24,4.075501474420621,0.9659258262890683,0.25881904510252074,1,0,0,1,0,0,1,0,0
502.06,19,0,0,41,2,33,6.220709447280168,-0.9659258262890684,0.2588190451025203,0,0,0,0,0,0,0,1,0
102.46,19,0,0,29,2,41,4.639185064575369,-0.9659258262890684,0.2588190451025203,0,0,1,1,0,0,1,0,0
89.78,5,0,0,47,0,22,4.508438997028319,0.9659258262890683,0.25881904510252074,1,0,0,1,0,1,0,0,0
95.22,17,0,0,75,4,55,4.5666372362713075,-0.9659258262890683,-0.25881904510252063,0,1,0,1,0,0,0,0,1
339.66,8,0,0,28,1,34,5.830884912432431,0.8660254037844387,-0.4999999999999998,0,0,1,1,0,0,1,0,0
316.89,19,0,0,49,6,50,5.761705410989152,-0.9659258262890684,0.2588190451025203,0,1,0,1,0,0,1,0,0
18.8,13,0,0,81,2,31,2.9856819377004897,-0.2588190451025208,-0.9659258262890683,0,0,0,0,0,0,0,0,1
195.42,15,0,0,47,2,24,5.280255223729628,-0.7071067811865471,-0.7071067811865479,0,0,0,0,0,0,0,1,0
92.91,10,0,0,96,2,49,4.542336876816522,0.49999999999999994,-0.8660254037844387,0,0,0,0,0,1,0,0,0
208.84,9,0,0,97,6,63,5.346345335558619,0.7071067811865476,-0.7071067811865475,0,1,0,1,0,0,1,0,0
73.79,16,0,0,52,3,34,4.314684186203576,-0.8660254037844385,-0.5000000000000004,0,0,0,0,0,0,0,1,0
119.82,15,0,0,63,2,63,4.794301834710595,-0.7071067811865471,-0.7071067811865479,0,0,0,0,0,0,1,0,0
228.43,2,0,0,69,1,62,5.43559797208207,0.49999999999999994,0.8660254037844387,1,0,0,1,0,0,1,0,0
321.02,5,0,0,83,3,29,5.774613655416792,0.9659258262890683,0.25881904510252074,1,0,0,1,0,1,0,0,0
86.67,13,0,0,83,0,23,4.473579765600494,-0.2588190451025208,-0.9659258262890683,0,0,0,0,0,1,0,0,0
293.44,22,0,0,95,1,57,5.685075247190505,-0.5000000000000004,0.8660254037844384,0,0,0,0,1,0,0,0,0
204.35,23,0,0,31,2,60,5.324715840402567,-0.25881904510252157,0.9659258262890681,0,0,1,1,1,0,0,0,0
540.72,23,0,0,29,4,26,6.294749262787171,-0.25881904510252157,0.9659258262890681,0,1,1,2,0,1,0,0,0
90.73,17,0,0,77,3,46,4.518849479521564,-0.9659258262890683,-0.25881904510252063,0,0,0,0,0,0,1,0,0
12.95,16,0,0,31,1,62,2.6354795082673745,-0.8660254037844385,-0.5000000000000004,0,0,1,1,1,0,0,0,0
212.19,7,0,0,35,2,19,5.362183786876451,0.9659258262890683,-0.25881904510252063,0,0,1,1,0,0,0,1,0
22.51,16,0,0,59,3,66,3.157425862551978,-0.8660254037844385,-0.5000000000000004,0,0,0,0,0,0,0,0,1
270.84,8,0,0,94,2,25,5.605213657923621,0.8660254037844387,-0.4999999999999998,0,0,0,0,0,0,1,0,0
138.83,9,0,0,35,3,21,4.940427399052759,0.7071067811865476,-0.7071067811865475,0,0,1,1,0,0,1,0,0
299.82,0,0,0,78,4,54,5.706512079227068,0.0,1.0,1,1,0,2,0,1,0,0,0
237.17,8,0,0,33,1,37,5.472984704405132,0.8660254037844387,-0.4999999999999998,0,0,1,1,0,0,0,1,0
71.92,23,0,0,36,0,61,4.289362949810462,-0.25881904510252157,0.9659258262890681,0,0,1,1,0,0,1,0,0
462.03,10,0,1,88,4,64,6.137791846803555,0.49999999999999994,-0.8660254037844387,0,1,0,2,1,0,0,0,0
20.33,22,0,0,78,2,65,3.0601145324832593,-0.5000000000000004,0.8660254037844384,0,0,0,0,0,0,0,0,1
74.17,22,0,0,28,3,53,4.319752215189378,-0.5000000000000004,0.8660254037844384,0,0,1,1,0,0,0,1,0
66.49,6,0,0,81,4,47,4.211979438755315,1.0,6.123233995736766e-17,0,1,0,1,0,0,0,1,0
507.79,21,0,0,70,4,40,6.232035357744718,-0.7071067811865477,0.7071067811865474,0,1,0,1,0,0,0,1,0
212.34,16,0,0,92,1,40,5.362887137197337,-0.8660254037844385,-0.5000000000000004,0,0,0,0,0,0,1,0,0
92.82,17,0,0,84,0,62,4.541378052900312,-0.9659258262890683,-0.25881904510252063,0,0,0,0,0,0,0,1,0
568.27,1,0,0,29,4,31,6.344354838274843,0.25881904510252074,0.9659258262890683,1,1,1,3,0,0,1,0,0
17.68,21,0,0,83,1,33,2.9274534328006965,-0.7071067811865477,0.7071067811865474,0,0,0,0,0,1,0,0,0
398.66,3,0,0,30,5,61,5.990614185653143,0.7071067811865476,0.7071067811865476,1,1,1,3,0,0,0,1,0
8.11,21,0,0,78,4,58,2.209372711271867,-0.7071067811865477,0.7071067811865474,0,1,0,1,0,0,0,0,1
90.5,0,0,0,39,2,62,4.516338972281476,0.0,1.0,1,0,1,2,1,0,0,0,0
46.63,11,0,0,73,2,54,3.863462814812769,0.258819045102521,-0.9659258262890682,0,0,0,0,0,0,0,1,0
119.54,17,0,0,92,1,41,4.7919816480548985,-0.9659258262890683,-0.25881904510252063,0,0,0,0,0,0,0,0,1
234.31,4,0,0,50,1,63,5.460903793767789,0.8660254037844386,0.5000000000000001,1,0,0,1,0,0,0,0,1
131.63,20,0,0,35,1,27,4.887563296506261,-0.8660254037844386,0.5000000000000001,0,0,1,1,1,0,0,0,0
6.73,10,0,0,62,3,29,2.0451088625993306,0.49999999999999994,-0.8660254037844387,0,0,0,0,0,1,0,0,0
128.81,23,0,0,32,2,56,4.866071842904903,-0.25881904510252157,0.9659258262890681,0,0,1,1,0,0,0,1,0
261.63,15,0,0,92,5,38,5.570746197537003,-0.7071067811865471,-0.7071067811865479,0,1,0,1,0,0,0,0,1
79.01,1,0,0,99,4,53,4.382151626862033,0.25881904510252074,0.9659258262890683,1,1,0,2,0,1,0,0,0
266.72,4,0,0,45,0,38,5.5899416582324415,0.8660254037844386,0.5000000000000001,1,0,0,1,0,0,0,0,1
15.98,7,0,0,63,2,37,2.8320361808832013,0.9659258262890683,-0.25881904510252063,0,0,0,0,0,0,1,0,0
186.49,14,0,0,46,1,34,5.2337255106548595,-0.4999999999999997,-0.8660254037844388,0,0,0,0,0,0,0,0,1
76.98,10,0,0,75,2,24,4.356452383554451,0.49999999999999994,-0.8660254037844387,0,0,0,0,0,0,0,0,1
106.08,8,0,0,35,3,56,4.673576218652152,0.8660254037844387,-0.4999999999999998,0,0,1,1,0,0,1,0,0
246.9,22,0,0,34,0,21,5.513025439041145,-0.5000000000000004,0.8660254037844384,0,0,1,1,0,0,1,0,0
93.88,16,0,0,36,7,27,4.552612935249416,-0.8660254037844385,-0.5000000000000004,0,1,1,2,0,0,0,0,1
13.85,23,0,0,36,4,67,2.6979998652487085,-0.25881904510252157,0.9659258262890681,0,1,1,2,0,0,0,0,1
96.46,0,0,1,38,2,60,4.57944203741536,0.0,1.0,1,0,1,3,0,0,1,0,0
145.23,9,0,0,52,2,30,4.985180724623787,0.7071067811865476,-0.7071067811865475,0,0,0,0,0,1,0,0,0
710.94,20,0,0,28,1,21,6.567993638198167,-0.8660254037844386,0.5000000000000001,0,0,1,1,0,1,0,0,0
375.0,3,0,0,79,2,24,5.929589143389895,0.7071067811865476,0.7071067811865476,1,0,0,1,0,0,1,0,0
103.36,7,0,0,89,2,56,4.647846460268528,0.9659258262890683,-0.25881904510252063,0,0,0,0,0,0,0,1,0
2.0,6,1,0,93,1,63,1.0986122886681098,1.0,6.123233995736766e-17,0,0,0,1,0,1,0,0,0
156.25,1,0,0,54,1,34,5.05783689558055,0.25881904510252074,0.9659258262890683,1,0,0,1,1,0,0,0,0
21.68,5,0,0,40,3,23,3.121483478859551,0.9659258262890683,0.25881904510252074,1,0,0,1,1,0,0,0,0
135.39,5,0,1,88,3,27,4.915518428938784,0.9659258262890683,0.25881904510252074,1,0,0,2,0,0,1,0,0
817.59,12,0,0,60,2,27,6.707583348005187,1.2246467991473532e-16,-1.0,0,0,0,0,0,0,0,1,0
93.58,23,0,0,53,1,68,4.54944603721573,-0.25881904510252157,0.9659258262890681,0,0,0,0,0,1,0,0,0
486.35,3,0,0,58,4,50,6.188982550783219,0.7071067811865476,0.7071067811865476,1,1,0,2,0,0,0,1,0
518.08,14,0,0,71,1,38,6.25205801386903,-0.4999999999999997,-0.8660254037844388,0,0,0,0,0,0,0,1,0
313.45,17,0,0,97,2,55,5.750825080989513,-0.9659258262890683,-0.25881904510252063,0,0,0,0,0,0,0,0,1
143.28,2,0,0,45,3,44,4.9717558560353385,0.49999999999999994,0.8660254037844387,1,0,0,1,0,1,0,0,0
441.04,8,0,0,75,1,66,6.091400375720582,0.8660254037844387,-0.4999999999999998,0,0,0,0,0,0,0,1,0
8.99,9,0,0,56,3,39,2.301584592660462,0.7071067811865476,-0.7071067811865475,0,0,0,0,1,0,0,0,0
118.45,12,0,0,93,1,36,4.782897873771819,1.2246467991473532e-16,-1.0,0,0,0,0,0,0,0,0,1
30.56,7,1,0,78,2,23,3.4518904959776733,0.9659258262890683,-0.25881904510252063,0,0,0,1,0,0,1,0,0
82.9,19,0,0,37,0,18,4.429625613473161,-0.9659258262890684,0.2588190451025203,0,0,1,1,0,0,0,0,1
19.09,13,0,0,30,1,50,3.000222178826843,-0.2588190451025208,-0.9659258262890683,0,0,1,1,0,0,0,1,0
70.4,14,0,0,28,1,23,4.268297869345539,-0.4999999999999997,-0.8660254037844388,0,0,1,1,0,1,0,0,0
70.88,23,0,0,53,0,33,4.274998061915358,-0.25881904510252157,0.9659258262890681,0,0,0,0,1,0,0,0,0
60.49,5,0,0,37,3,54,4.118874559965378,0.9659258262890683,0.25881904510252074,1,0,1,2,0,0,0,0,1
201.13,17,0,0,96,2,27,5.308911054758907,-0.9659258262890683,-0.25881904510252063,0,0,0,0,0,0,0,1,0
174.8,5,0,0,64,0,24,5.169346985251076,0.9659258262890683,0.25881904510252074,1,0,0,1,0,0,0,1,0
113.82,1,0,0,41,5,42,4.743365684739491,0.25881904510252074,0.9659258262890683,1,1,0,2,0,0,0,1,0
192.47,4,0,0,91,2,21,5.265122461690396,0.8660254037844386,0.5000000000000001,1,0,0,1,0,0,0,0,1
177.64,2,0,0,70,1,27,5.185372607531902,0.49999999999999994,0.8660254037844387,1,0,0,1,0,0,0,0,1
114.88,2,0,0,95,2,25,4.7525551729011495,0.49999999999999994,0.8660254037844387,1,0,0,1,0,1,0,0,0
102.39,20,0,0,42,7,25,4.638508245598602,-0.8660254037844386,0.5000000000000001,0,1,0,1,0,0,0,0,1
405.74,8,0,0,84,1,60,6.008174160670929,0.8660254037844387,-0.4999999999999998,0,0,0,0,0,1,0,0,0
298.62,9,0,0,93,2,65,5.702515005089236,0.7071067811865476,-0.7071067811865475,0,0,0,0,0,1,0,0,0
880.32,23,0,0,32,3,54,6.781420783595988,-0.25881904510252157,0.9659258262890681,0,0,1,1,0,1,0,0,0
224.89,13,1,0,75,3,57,5.420048155119184,-0.2588190451025208,-0.9659258262890683,0,0,0,1,0,0,0,0,1
129.89,18,0,0,48,0,66,4.874357275803628,-1.0,-1.8369701987210297e-16,0,0,0,0,0,0,0,0,1
115.7,4,0,1,91,3,25,4.75960653929251,0.8660254037844386,0.5000000000000001,1,0,0,2,0,0,1,0,0
249.43,15,0,1,64,1,50,5.523179440356211,-0.7071067811865471,-0.7071067811865479,0,0,0,1,0,0,0,1,0
409.84,3,0,0,92,2,43,6.018203844297603,0.7071067811865476,0.7071067811865476,1,0,0,1,0,0,0,1,0
122.13,12,0,0,76,3,42,4.81324070780478,1.2246467991473532e-16,-1.0,0,0,0,0,1,0,0,0,0
42.16,13,0,0,69,1,23,3.764914140389934,-0.2588190451025208,-0.9659258262890683,0,0,0,0,0,0,0,0,1
19.6,8,0,0,90,2,67,3.0252910757955354,0.8660254037844387,-0.4999999999999998,0,0,0,0,0,0,0,1,0
72.62,14,1,0,98,5,67,4.298916727950875,-0.4999999999999997,-0.8660254037844388,0,1,0,2,0,1,0,0,0
776.66,3,1,0,32,4,56,6.656289410663339,0.7071067811865476,0.7071067811865476,1,1,1,4,0,0,0,1,0
93.31,4,0,0,65,0,22,4.546587228555794,0.8660254037844386,0.5000000000000001,1,0,0,1,0,1,0,0,0
241.04,17,1,0,70,2,23,5.4891030017541205,-0.9659258262890683,-0.25881904510252063,0,0,0,1,0,1,0,0,0
66.85,1,0,0,90,4,39,4.217299386280878,0.25881904510252074,0.9659258262890683,1,1,0,2,0,0,0,0,1
88.99,13,1,0,57,1,67,4.4996985530458575,-0.2588190451025208,-0.9659258262890683,0,0,0,1,0,0,0,1,0
87.76,13,0,0,78,2,30,4.485936098064394,-0.2588190451025208,-0.9659258262890683,0,0,0,0,0,0,0,0,1
17.58,11,0,0,96,2,55,2.922085733385692,0.258819045102521,-0.9659258262890682,0,0,0,0,0,1,0,0,0
25.99,1,0,0,70,4,65,3.2954664270299134,0.25881904510252074,0.9659258262890683,1,1,0,2,0,0,1,0,0
86.37,5,0,1,28,3,60,4.470151974310003,0.9659258262890683,0.25881904510252074,1,0,1,3,0,1,0,0,0
60.3,7,0,0,88,2,45,4.115779842942166,0.9659258262890683,-0.25881904510252063,0,0,0,0,0,0,0,0,1
25.0,18,0,0,78,2,41,3.258096538021482,-1.0,-1.8369701987210297e-16,0,0,0,0,0,0,0,1,0
442.24,8,0,0,67,2,40,6.094111384068125,0.8660254037844387,-0.4999999999999998,0,0,0,0,0,0,0,1,0
40.3,20,0,0,59,3,60,3.720862499966987,-0.8660254037844386,0.5000000000000001,0,0,0,0,0,0,0,0,1
177.85,9,0,0,25,2,64,5.186547465705027,0.7071067811865476,-0.7071067811865475,0,0,1,1,1,0,0,0,0
389.68,1,0,0,76,3,29,5.967888810579276,0.25881904510252074,0.9659258262890683,1,0,0,1,1,0,0,0,0
19.81,3,0,0,29,1,42,3.035433640405543,0.7071067811865476,0.7071067811865476,1,0,1,2,0,0,0,0,1
190.14,22,0,0,97,1,36,5.253006143838033,-0.5000000000000004,0.8660254037844384,0,0,0,0,0,0,1,0,0
201.76,10,0,1,70,1,60,5.312023013604149,0.49999999999999994,-0.8660254037844387,0,0,0,1,0,0,0,0,1
324.66,8,0,0,69,1,57,5.785853892336074,0.8660254037844387,-0.4999999999999998,0,0,0,0,0,0,1,0,0
516.59,10,0,0,32,3,37,6.249183423061882,0.49999999999999994,-0.8660254037844387,0,0,1,1,0,0,0,1,0
39.88,19,0,0,29,1,29,3.7106409458954492,-0.9659258262890684,0.2588190451025203,0,0,1,1,1,0,0,0,0
389.33,3,0,0,54,1,25,5.966992535183494,0.7071067811865476,0.7071067811865476,1,0,0,1,0,0,0,0,1
89.49,19,0,0,56,1,28,4.505239347363042,-0.9659258262890684,0.2588190451025203,0,0,0,0,0,1,0,0,0
173.29,0,0,0,53,4,52,5.16072057853359,0.0,1.0,1,1,0,2,0,0,1,0,0
1390.24,1,0,0,43,1,61,7.23795071478315,0.25881904510252074,0.9659258262890683,1,0,0,1,1,0,0,0,0
3.66,6,0,0,93,3,49,1.5390154481375546,1.0,6.123233995736766e-17,0,0,0,0,1,0,0,0,0
152.7,16,0,0,99,0,36,5.03500265054455,-0.8660254037844385,-0.5000000000000004,0,0,0,0,0,1,0,0,0
69.31,22,0,0,25,0,53,4.25291403621107,-0.5000000000000004,0.8660254037844384,0,0,1,1,0,0,0,1,0
405.37,16,1,0,49,1,21,6.007264074641886,-0.8660254037844385,-0.5000000000000004,0,0,0,1,0,0,0,1,0
3.01,16,0,0,72,0,55,1.3887912413184778,-0.8660254037844385,-0.5000000000000004,0,0,0,0,0,0,1,0,0
188.95,1,0,0,98,3,19,5.2467608796336345,0.25881904510252074,0.9659258262890683,1,0,0,1,0,0,0,1,0
107.3,8,0,0,32,2,45,4.684905154006945,0.8660254037844387,-0.4999999999999998,0,0,1,1,1,0,0,0,0
495.23,14,0,0,50,0,59,6.207039528922239,-0.4999999999999997,-0.8660254037844388,0,0,0,0,0,0,0,1,0
121.88,18,0,0,96,4,53,4.811208269399362,-1.0,-1.8369701987210297e-16,0,1,0,1,0,0,1,0,0
775.84,7,0,0,95,1,26,6.65523440895725,0.9659258262890683,-0.25881904510252063,0,0,0,0,0,0,1,0,0
173.28,2,0,0,87,1,21,5.160663201249242,0.49999999999999994,0.8660254037844387,1,0,0,1,0,1,0,0,0
10.16,15,0,0,33,1,31,2.412335956953165,-0.7071067811865471,-0.7071067811865479,0,0,1,1,0,0,1,0,0
46.34,18,0,0,28,2,40,3.857355604085838,-1.0,-1.8369701987210297e-16,0,0,1,1,0,0,0,0,1
18.85,11,0,1,49,0,39,2.9882040071331994,0.258819045102521,-0.9659258262890682,0,0,0,1,0,0,1,0,0
192.62,1,0,0,48,2,69,5.265897475291926,0.25881904510252074,0.9659258262890683,1,0,0,1,0,0,1,0,0
70.19,5,0,0,40,2,40,4.265352359115782,0.9659258262890683,0.25881904510252074,1,0,0,1,0,0,0,1,0
1.37,6,0,0,30,0,22,0.8628899551470398,1.0,6.123233995736766e-17,0,0,1,1,0,0,0,1,0
229.71,20,1,0,83,2,25,5.441161510577517,-0.8660254037844386,0.5000000000000001,0,0,0,1,0,0,1,0,0
404.15,2,0,0,61,6,46,6.0042573689067344,0.49999999999999994,0.8660254037844387,1,1,0,2,0,0,1,0,0
24.67,23,0,0,78,0,67,3.245322994883049,-0.25881904510252157,0.9659258262890681,0,0,0,0,1,0,0,0,0
36.98,18,0,0,34,5,37,3.63705970538414,-1.0,-1.8369701987210297e-16,0,1,1,2,0,0,1,0,0
296.9,9,0,0,61,0,35,5.696757859719236,0.7071067811865476,-0.7071067811865475,0,0,0,0,0,1,0,0,0
299.34,1,0,0,64,1,22,5.7049151662521345,0.25881904510252074,0.9659258262890683,1,0,0,1,0,0,0,0,1
292.86,1,0,0,44,2,69,5.6831034634478,0.25881904510252074,0.9659258262890683,1,0,0,1,0,1,0,0,0
125.31,3,0,0,95,2,64,4.8387392027858835,0.7071067811865476,0.7071067811865476,1,0,0,1,0,1,0,0,0
488.92,9,0,0,34,1,38,6.194242112469319,0.7071067811865476,-0.7071067811865475,0,0,1,1,1,0,0,0,0
191.76,9,0,0,73,3,59,5.261445891772132,0.7071067811865476,-0.7071067811865475,0,0,0,0,0,0,0,0,1
12.53,20,0,0,70,1,65,2.604909442182697,-0.8660254037844386,0.5000000000000001,0,0,0,0,0,0,0,1,0
174.31,0,0,0,46,2,29,5.166555835365783,0.0,1.0,1,0,0,1,1,0,0,0,0
37.47,0,0,0,25,0,39,3.6498787167642037,0.0,1.0,1,0,1,2,0,0,0,1,0
27.96,0,0,0,70,1,60,3.365915567517516,0.0,1.0,1,0,0,1,0,0,1,0,0
3.98,3,0,0,60,1,57,1.6054298910365616,0.7071067811865476,0.7071067811865476,1,0,0,1,1,0,0,0,0
318.31,22,0,0,99,5,64,5.766162417739561,-0.5000000000000004,0.8660254037844384,0,1,0,1,0,0,0,1,0
595.19,14,0,0,38,7,68,6.390559408208303,-0.4999999999999997,-0.8660254037844388,0,1,1,2,0,0,0,0,1
114.54,5,0,0,61,2,37,4.7496167903531195,0.9659258262890683,0.25881904510252074,1,0,0,1,0,0,1,0,0
355.77,16,0,0,53,1,46,5.877091316453384,-0.8660254037844385,-0.5000000000000004,0,0,0,0,0,0,0,0,1
53.62,18,0,0,48,4,39,4.000400116045559,-1.0,-1.8369701987210297e-16,0,1,0,1,1,0,0,0,0
12.95,2,0,1,79,1,59,2.6354795082673745,0.49999999999999994,0.8660254037844387,1,0,0,2,0,0,1,0,0
330.85,14,0,0,56,2,32,5.804683059591934,-0.4999999999999997,-0.8660254037844388,0,0,0,0,0,1,0,0,0
93.93,1,0,1,27,3,69,4.5531397778937075,0.25881904510252074,0.9659258262890683,1,0,1,3,0,0,0,0,1
236.68,18,0,0,89,5,28,5.470925231154352,-1.0,-1.8369701987210297e-16,0,1,0,1,0,1,0,0,0
49.75,0,0,0,41,2,44,3.926911617921897,0.0,1.0,1,0,0,1,0,0,0,0,1
89.9,16,0,0,36,3,51,4.509760001183433,-0.8660254037844385,-0.5000000000000004,0,0,1,1,0,0,0,0,1
335.96,17,0,1,78,1,20,5.819964228945611,-0.9659258262890683,-0.25881904510252063,0,0,0,1,1,0,0,0,0
250.1,8,0,0,48,2,48,5.5258512661635395,0.8660254037844387,-0.4999999999999998,0,0,0,0,1,0,0,0,0
284.55,15,0,0,69,3,51,5.654417145110872,-0.7071067811865471,-0.7071067811865479,0,0,0,0,0,1,0,0,0
69.53,5,0,0,78,1,32,4.256038151220088,0.9659258262890683,0.25881904510252074,1,0,0,1,0,0,1,0,0
152.29,4,1,0,99,1,35,5.032331552178016,0.8660254037844386,0.5000000000000001,1,0,0,2,0,0,0,1,0
319.22,18,0,0,60,4,29,5.7690082595739085,-1.0,-1.8369701987210297e-16,0,1,0,1,0,1,0,0,0
222.61,20,0,0,95,5,33,5.409903463000054,-0.8660254037844386,0.5000000000000001,0,1,0,1,1,0,0,0,0
62.87,17,0,0,25,1,61,4.1568497675734974,-0.9659258262890683,-0.25881904510252063,0,0,1,1,1,0,0,0,0
299.58,21,0,0,55,3,51,5.705713941505948,-0.7071067811865477,0.7071067811865474,0,0,0,0,0,1,0,0,0
47.68,1,0,0,80,3,52,3.8852682681193262,0.25881904510252074,0.9659258262890683,1,0,0,1,0,0,0,0,1
253.57,21,0,1,38,2,25,5.539575847287417,-0.7071067811865477,0.7071067811865474,0,0,1,2,0,0,0,0,1
118.15,19,0,1,75,3,59,4.780383203544751,-0.9659258262890684,0.2588190451025203,0,0,0,1,0,0,1,0,0
213.07,20,0,0,86,0,51,5.366303064339131,-0.8660254037844386,0.5000000000000001,0,0,0,0,0,0,0,0,1
334.83,16,0,0,70,1,37,5.816605079545157,-0.8660254037844385,-0.5000000000000004,0,0,0,0,0,1,0,0,0
12.38,12,0,0,49,2,32,2.5937610547000824,1.2246467991473532e-16,-1.0,0,0,0,0,1,0,0,0,0
59.62,0,1,0,57,3,25,4.104624871629657,0.0,1.0,1,0,0,2,0,0,1,0,0
210.32,6,0,0,40,1,59,5.353373572296115,1.0,6.123233995736766e-17,0,0,0,0,0,0,0,0,1
74.4,0,1,0,36,1,57,4.32280727501391,0.0,1.0,1,0,1,3,0,0,0,1,0
200.25,1,1,0,63,2,55,5.304547916298673,0.25881904510252074,0.9659258262890683,1,0,0,2,0,0,0,0,1
401.12,14,0,0,32,1,29,5.996750551537219,-0.4999999999999997,-0.8660254037844388,0,0,1,1,0,1,0,0,0
342.18,13,0,0,46,5,54,5.838255090857475,-0.2588190451025208,-0.9659258262890683,0,1,0,1,1,0,0,0,0
198.12,10,0,0,60,1,41,5.293907658059337,0.49999999999999994,-0.8660254037844387,0,0,0,0,0,0,1,0,0
20.56,16,0,0,78,1,47,3.070839746040796,-0.8660254037844385,-0.5000000000000004,0,0,0,0,0,1,0,0,0
103.65,15,1,0,72,0,60,4.650621448892009,-0.7071067811865471,-0.7071067811865479,0,0,0,1,1,0,0,0,0
18.27,19,0,0,86,0,63,2.958549482426275,-0.9659258262890684,0.2588190451025203,0,0,0,0,0,0,0,0,1
76.4,17,0,0,60,1,33,4.3489867805956814,-0.9659258262890683,-0.25881904510252063,0,0,0,0,0,1,0,0,0
223.89,17,0,0,58,2,63,5.415611393770394,-0.9659258262890683,-0.25881904510252063,0,0,0,0,0,0,0,0,1
115.91,19,0,0,31,2,45,4.761404408018728,-0.9659258262890684,0.2588190451025203,0,0,1,1,0,0,0,1,0
120.35,22,0,0,85,2,56,4.79867893217261,-0.5000000000000004,0.8660254037844384,0,0,0,0,1,0,0,0,0
157.75,7,1,0,45,6,62,5.067330637772801,0.9659258262890683,-0.25881904510252063,0,1,0,2,1,0,0,0,0
68.16,17,0,0,32,1,28,4.23642266081509,-0.9659258262890683,-0.25881904510252063,0,0,1,1,0,0,0,1,0
88.77,13,0,0,49,2,34,4.497250843768597,-0.2588190451025208,-0.9659258262890683,0,0,0,0,0,0,1,0,0
42.24,18,0,0,98,1,69,3.7667659927710075,-1.0,-1.8369701987210297e-16,0,0,0,0,0,1,0,0,0
88.42,3,0,0,81,6,45,4.4933443708058345,0.7071067811865476,0.7071067811865476,1,1,0,2,1,0,0,0,0
25.01,22,0,0,96,3,57,3.25848107946056,-0.5000000000000004,0.8660254037844384,0,0,0,0,1,0,0,0,0
283.11,3,1,0,86,0,58,5.649361487114312,0.7071067811865476,0.7071067811865476,1,0,0,2,1,0,0,0,0
15.82,21,0,1,34,5,23,2.822568654544802,-0.7071067811865477,0.7071067811865474,0,1,1,3,0,0,1,0,0
226.01,3,0,0,75,3,37,5.42499406937454,0.7071067811865476,0.7071067811865476,1,0,0,1,0,0,0,1,0
136.91,12,0,0,41,2,51,4.926601298486246,1.2246467991473532e-16,-1.0,0,0,0,0,1,0,0,0,0
109.08,19,0,0,69,1,53,4.701207374185033,-0.9659258262890684,0.2588190451025203,0,0,0,0,1,0,0,0,0
23.61,21,0,0,33,4,39,3.2031528644029645,-0.7071067811865477,0.7071067811865474,0,1,1,2,0,0,0,0,1
53.78,21,1,0,65,6,47,4.0033251638349325,-0.7071067811865477,0.7071067811865474,0,1,0,2,1,0,0,0,0
258.53,1,0,0,62,0,50,5.558872302860393,0.25881904510252074,0.9659258262890683,1,0,0,1,0,1,0,0,0
62.19,10,0,0,64,2,30,4.146146060785364,0.49999999999999994,-0.8660254037844387,0,0,0,0,0,0,0,1,0
139.04,12,0,0,81,1,38,4.941928096086465,1.2246467991473532e-16,-1.0,0,0,0,0,0,0,1,0,0
977.98,18,0,0,65,2,22,6.886511213312643,-1.0,-1.8369701987210297e-16,0,0,0,0,1,0,0,0,0
188.33,5,0,0,49,1,29,5.243491524264258,0.9659258262890683,0.25881904510252074,1,0,0,1,0,0,0,0,1
473.08,13,0,0,72,1,35,6.161376083825255,-0.2588190451025208,-0.9659258262890683,0,0,0,0,1,0,0,0,0
60.41,13,0,0,45,3,68,4.1175726883413075,-0.2588190451025208,-0.9659258262890683,0,0,0,0,0,0,0,1,0
73.36,19,0,0,76,2,66,4.308918162853243,-0.9659258262890684,0.2588190451025203,0,0,0,0,0,0,0,0,1
131.04,9,0,0,48,2,36,4.883104906984992,0.7071067811865476,-0.7071067811865475,0,0,0,0,1,0,0,0,0
426.09,17,0,0,63,3,60,6.056994763852875,-0.9659258262890683,-0.25881904510252063,0,0,0,0,0,0,0,1,0
34.82,1,0,0,89,0,42,3.578506396632566,0.25881904510252074,0.9659258262890683,1,0,0,1,0,1,0,0,0
105.63,4,0,0,93,4,24,4.669364898030088,0.8660254037844386,0.5000000000000001,1,1,0,2,0,1,0,0,0
175.44,14,0,0,95,1,38,5.172980875236739,-0.4999999999999997,-0.8660254037844388,0,0,0,0,0,0,1,0,0
671.45,9,0,1,39,1,61,6.510927759269558,0.7071067811865476,-0.7071067811865475,0,0,1,2,1,0,0,0,0
206.96,6,0,0,87,1,66,5.337345753515515,1.0,6.123233995736766e-17,0,0,0,0,0,1,0,0,0
24.62,4,0,1,62,2,31,3.2433732964685884,0.8660254037844386,0.5000000000000001,1,0,0,2,0,0,1,0,0
178.1,16,0,0,49,2,33,5.187944309066666,-0.8660254037844385,-0.5000000000000004,0,0,0,0,0,1,0,0,0
35.98,13,0,0,45,2,43,3.610377225958979,-0.2588190451025208,-0.9659258262890683,0,0,0,0,0,0,1,0,0
187.08,14,0,1,41,2,44,5.236867404231814,-0.4999999999999997,-0.8660254037844388,0,0,0,1,0,1,0,0,0
81.05,12,1,0,83,3,29,4.4073288175361,1.2246467991473532e-16,-1.0,0,0,0,1,1,0,0,0,0
582.79,17,0,0,62,0,23,6.369541329119489,-0.9659258262890683,-0.25881904510252063,0,0,0,0,0,0,0,0,1
28.04,4,0,0,27,1,50,3.3686741899565953,0.8660254037844386,0.5000000000000001,1,0,1,2,0,0,1,0,0
168.83,13,0,0,77,0,63,5.134797936716678,-0.2588190451025208,-0.9659258262890683,0,0,0,0,0,0,0,1,0
455.07,21,0,0,53,1,35,6.12264630650505,-0.7071067811865477,0.7071067811865474,0,0,0,0,0,0,1,0,0
215.65,11,0,0,98,2,69,5.378283148185918,0.258819045102521,-0.9659258262890682,0,0,0,0,1,0,0,0,0
30.48,14,0,1,38,4,46,3.4493524235492026,-0.4999999999999997,-0.8660254037844388,0,1,1,3,1,0,0,0,0
95.29,14,0,0,43,4,39,4.567364471252192,-0.4999999999999997,-0.8660254037844388,0,1,0,1,0,0,0,1,0
30.69,12,0,0,39,2,20,3.4560011737028296,1.2246467991473532e-16,-1.0,0,0,1,1,0,1,0,0,0
78.84,4,0,1,44,4,45,4.380024632003209,0.8660254037844386,0.5000000000000001,1,1,0,3,0,0,0,1,0
12.61,3,0,0,32,2,28,2.6108048166633746,0.7071067811865476,0.7071067811865476,1,0,1,2,0,0,1,0,0
242.8,8,0,0,69,1,21,5.496348217047172,0.8660254037844387,-0.4999999999999998,0,0,0,0,0,0,0,0,1
61.13,20,0,1,47,1,42,4.129228964075603,-0.8660254037844386,0.5000000000000001,0,0,0,1,0,0,0,1,0
16.17,7,0,0,94,2,26,2.843163674909384,0.9659258262890683,-0.25881904510252063,0,0,0,0,0,0,0,0,1
159.7,6,0,0,66,4,63,5.0795392727434665,1.0,6.123233995736766e-17,0,1,0,1,0,0,1,0,0
58.48,1,0,0,97,5,50,4.085640121591954,0.25881904510252074,0.9659258262890683,1,1,0,2,1,0,0,0,0
125.54,10,1,1,40,1,48,4.840558463718739,0.49999999999999994,-0.8660254037844387,0,0,0,2,0,1,0,0,0
314.05,8,0,0,61,2,21,5.752731356388065,0.8660254037844387,-0.4999999999999998,0,0,0,0,1,0,0,0,0
431.28,10,0,0,78,4,25,6.0690735264349644,0.49999999999999994,-0.8660254037844387,0,1,0,1,0,1,0,0,0
49.16,15,1,0,71,0,51,3.9152178963246653,-0.7071067811865471,-0.7071067811865479,0,0,0,1,0,0,0,1,0
113.53,11,1,0,93,1,63,4.740836797409625,0.258819045102521,-0.9659258262890682,0,0,0,1,0,0,0,0,1
100.61,17,0,1,91,3,34,4.62114195549779,-0.9659258262890683,-0.25881904510252063,0,0,0,1,0,0,0,0,1
29.02,18,0,0,83,2,67,3.401863826205316,-1.0,-1.8369701987210297e-16,0,0,0,0,0,0,0,1,0
307.73,16,0,0,93,4,33,5.73246710851611,-0.8660254037844385,-0.5000000000000004,0,1,0,1,0,1,0,0,0
64.53,12,0,0,89,1,61,4.182508053051405,1.2246467991473532e-16,-1.0,0,0,0,0,0,0,0,1,0
2.07,19,0,0,43,1,22,1.1216775615991057,-0.9659258262890684,0.2588190451025203,0,0,0,0,1,0,0,0,0
83.81,10,0,0,72,4,33,4.440413460373609,0.49999999999999994,-0.8660254037844387,0,1,0,1,0,0,0,1,0
36.67,8,1,0,46,1,67,3.62886402170395,0.8660254037844387,-0.4999999999999998,0,0,0,1,0,1,0,0,0
88.16,9,0,0,28,2,21,4.490432508517668,0.7071067811865476,-0.7071067811865475,0,0,1,1,0,1,0,0,0
116.33,11,0,0,95,0,58,4.764990477435532,0.258819045102521,-0.9659258262890682,0,0,0,0,0,0,0,1,0
483.23,17,0,0,47,3,58,6.182560000453298,-0.9659258262890683,-0.25881904510252063,0,0,0,0,0,1,0,0,0
39.86,9,0,1,50,3,38,3.710151589389476,0.7071067811865476,-0.7071067811865475,0,0,0,1,0,1,0,0,0
681.24,22,0,0,49,2,36,6.52538150209737,-0.5000000000000004,0.8660254037844384,0,0,0,0,0,0,0,1,0
331.91,14,0,0,82,1,45,5.807872183180582,-0.4999999999999997,-0.8660254037844388,0,0,0,0,1,0,0,0,0
97.43,11,0,0,98,1,46,4.58934563564112,0.258819045102521,-0.9659258262890682,0,0,0,0,0,0,0,0,1
17.39,22,0,0,93,1,67,2.91180703861623,-0.5000000000000004,0.8660254037844384,0,0,0,0,0,0,0,1,0
44.58,15,0,0,70,2,40,3.819469023817538,-0.7071067811865471,-0.7071067811865479,0,0,0,0,0,0,1,0,0
394.72,18,0,0,85,1,61,5.980706890455022,-1.0,-1.8369701987210297e-16,0,0,0,0,0,0,0,0,1
356.09,20,0,1,54,0,20,5.877987850847898,-0.8660254037844386,0.5000000000000001,0,0,0,1,1,0,0,0,0
429.99,3,0,0,25,2,44,6.066084887978432,0.7071067811865476,0.7071067811865476,1,0,1,2,0,1,0,0,0
162.73,10,0,0,90,0,47,5.098218729651401,0.49999999999999994,-0.8660254037844387,0,0,0,0,0,0,0,1,0
525.28,9,0,0,45,1,59,6.2658333904976375,0.7071067811865476,-0.7071067811865475,0,0,0,0,1,0,0,0,0
86.2,8,0,0,60,2,54,4.468204330914934,0.8660254037844387,-0.4999999999999998,0,0,0,0,0,0,0,0,1
227.9,16,0,0,53,2,63,5.433285226958521,-0.8660254037844385,-0.5000000000000004,0,0,0,0,0,0,1,0,0
114.38,20,1,0,87,1,57,4.7482310288287435,-0.8660254037844386,0.5000000000000001,0,0,0,1,1,0,0,0,0
168.67,14,0,0,84,1,62,5.133855374054848,-0.4999999999999997,-0.8660254037844388,0,0,0,0,0,0,0,0,1
121.36,9,1,0,49,2,51,4.806967519282702,0.7071067811865476,-0.7071067811865475,0,0,0,1,0,1,0,0,0
192.29,19,0,0,42,2,56,5.264191651818661,-0.9659258262890684,0.2588190451025203,0,0,0,0,0,0,0,0,1
75.3,11,0,0,60,5,65,4.334672938290411,0.258819045102521,-0.9659258262890682,0,1,0,1,0,0,1,0,0
1.73,23,0,0,83,2,67,1.0043016091968684,-0.25881904510252157,0.9659258262890681,0,0,0,0,0,0,0,0,1
603.51,10,0,0,33,6,25,6.404418212515208,0.49999999999999994,-0.8660254037844387,0,1,1,2,0,0,0,0,1
195.41,9,0,0,42,0,45,5.28020431112111,0.7071067811865476,-0.7071067811865475,0,0,0,0,0,0,0,0,1
200.86,9,1,1,89,2,29,5.307574387810713,0.7071067811865476,-0.7071067811865475,0,0,0,2,0,0,1,0,0
71.6,14,0,0,38,1,69,4.28496492183075,-0.4999999999999997,-0.8660254037844388,0,0,1,1,0,0,1,0,0
217.62,4,0,0,81,2,37,5.38733506286569,0.8660254037844386,0.5000000000000001,1,0,0,1,0,1,0,0,0
197.89,5,1,0,82,0,43,5.292751908075155,0.9659258262890683,0.25881904510252074,1,0,0,2,0,0,0,0,1
65.6,5,0,0,54,2,22,4.198704577546343,0.9659258262890683,0.25881904510252074,1,0,0,1,0,0,0,1,0
16.76,20,0,0,83,3,37,2.876948737564024,-0.8660254037844386,0.5000000000000001,0,0,0,0,1,0,0,0,0
217.4,16,0,0,61,3,44,5.38632824387075,-0.8660254037844385,-0.5000000000000004,0,0,0,0,0,0,0,1,0
184.69,6,0,1,93,2,35,5.224078616612505,1.0,6.123233995736766e-17,0,0,0,1,0,0,1,0,0
58.34,12,0,0,45,2,22,4.083283614862676,1.2246467991473532e-16,-1.0,0,0,0,0,0,0,0,1,0
276.0,16,0,0,95,1,36,5.6240175061873385,-0.8660254037844385,-0.5000000000000004,0,0,0,0,0,0,0,1,0
304.76,7,0,0,37,2,57,5.722800480491963,0.9659258262890683,-0.25881904510252063,0,0,1,1,0,0,1,0,0
175.38,16,0,0,72,2,44,5.172640758460035,-0.8660254037844385,-0.5000000000000004,0,0,0,0,0,0,1,0,0
16.09,16,1,0,45,1,35,2.8384934971274993,-0.8660254037844385,-0.5000000000000004,0,0,0,1,1,0,0,0,0
142.5,5,0,0,77,3,46,4.966335035199676,0.9659258262890683,0.25881904510252074,1,0,0,1,0,0,0,0,1
30.85,16,0,1,25,2,21,3.4610373820181723,-0.8660254037844385,-0.5000000000000004,0,0,1,2,0,0,1,0,0
136.46,21,0,0,37,1,19,4.923332965693459,-0.7071067811865477,0.7071067811865474,0,0,1,1,0,0,1,0,0
503.64,11,0,0,72,1,27,6.223845303774674,0.258819045102521,-0.9659258262890682,0,0,0,0,1,0,0,0,0
203.72,16,0,0,32,2,63,5.321643191851534,-0.8660254037844385,-0.5000000000000004,0,0,1,1,1,0,0,0,0
318.49,7,0,0,82,5,68,5.76672597442323,0.9659258262890683,-0.25881904510252063,0,1,0,1,0,0,0,1,0
193.88,20,0,0,47,0,19,5.272383984521532,-0.8660254037844386,0.5000000000000001,0,0,0,0,0,0,0,1,0
22.49,4,0,0,49,3,65,3.1565747986708215,0.8660254037844386,0.5000000000000001,1,0,0,1,0,0,1,0,0
22.96,5,0,1,88,1,36,3.1763857732472487,0.9659258262890683,0.25881904510252074,1,0,0,2,0,0,1,0,0
384.2,18,0,0,86,2,60,5.953762679923971,-1.0,-1.8369701987210297e-16,0,0,0,0,0,1,0,0,0
23.21,20,0,0,89,1,64,3.1867657709499673,-0.8660254037844386,0.5000000000000001,0,0,0,0,0,0,0,1,0
452.23,2,0,0,70,3,60,6.116399722902979,0.49999999999999994,0.8660254037844387,1,0,0,1,0,0,0,1,0
47.83,13,0,0,68,0,18,3.888344878073569,-0.2588190451025208,-0.9659258262890683,0,0,0,0,0,0,0,0,1
115.82,22,1,0,36,3,23,4.760634288612163,-0.5000000000000004,0.8660254037844384,0,0,1,2,0,0,0,1,0
45.72,21,1,0,81,1,49,3.8441723385199715,-0.7071067811865477,0.7071067811865474,0,0,0,1,0,0,0,0,1
516.27,7,0,0,70,4,45,6.248564981900374,0.9659258262890683,-0.25881904510252063,0,1,0,1,1,0,0,0,0
131.04,11,0,0,82,0,51,4.883104906984992,0.258819045102521,-0.9659258262890682,0,0,0,0,1,0,0,0,0
141.45,16,0,0,79,3,57,4.958991060943918,-0.8660254037844385,-0.5000000000000004,0,0,0,0,1,0,0,0,0
10.41,3,0,0,66,0,42,2.4344901638739844,0.7071067811865476,0.7071067811865476,1,0,0,1,1,0,0,0,0
126.55,7,0,0,58,3,40,4.848508444587821,0.9659258262890683,-0.25881904510252063,0,0,0,0,1,0,0,0,0
222.4,2,0,0,29,4,30,5.4089638866351,0.49999999999999994,0.8660254037844387,1,1,1,3,0,1,0,0,0
21.46,12,0,0,51,3,43,3.111735949310297,1.2246467991473532e-16,-1.0,0,0,0,0,0,0,0,1,0
60.8,15,1,0,49,3,49,4.123903364463645,-0.7071067811865471,-0.7071067811865479,0,0,0,1,0,1,0,0,0
36.34,11,0,0,50,3,69,3.6200651381135764,0.258819045102521,-0.9659258262890682,0,0,0,0,0,0,0,1,0
76.79,17,0,0,28,0,42,4.354012888218683,-0.9659258262890683,-0.25881904510252063,0,0,1,1,0,0,0,1,0
125.69,10,0,0,46,3,49,4.841743157613962,0.49999999999999994,-0.8660254037844387,0,0,0,0,0,0,0,1,0
78.59,21,0,0,84,2,25,4.376888456817758,-0.7071067811865477,0.7071067811865474,0,0,0,0,1,0,0,0,0
289.5,7,0,0,80,2,31,5.671603576291966,0.9659258262890683,-0.25881904510252063,0,0,0,0,0,0,0,1,0
122.27,21,0,0,65,1,66,4.814377071563428,-0.7071067811865477,0.7071067811865474,0,0,0,0,0,1,0,0,0
462.21,16,0,0,75,0,65,6.138180514972207,-0.8660254037844385,-0.5000000000000004,0,0,0,0,0,1,0,0,0
280.05,20,0,1,73,1,34,5.638532589448084,-0.8660254037844386,0.5000000000000001,0,0,0,1,0,1,0,0,0
214.63,23,0,0,87,4,23,5.373563975922575,-0.25881904510252157,0.9659258262890681,0,1,0,1,0,0,0,1,0
2.06,11,0,0,27,1,25,1.1184149159642893,0.258819045102521,-0.9659258262890682,0,0,1,1,1,0,0,0,0
335.72,4,0,0,25,1,43,5.819251724462315,0.8660254037844386,0.5000000000000001,1,0,1,2,0,0,0,0,1
98.84,3,0,1,67,3,53,4.603568904621118,0.7071067811865476,0.7071067811865476,1,0,0,2,0,0,1,0,0
598.76,17,0,0,34,6,21,6.396529575194807,-0.9659258262890683,-0.25881904510252063,0,1,1,2,0,0,0,0,1
268.22,18,0,0,69,2,53,5.595528889215947,-1.0,-1.8369701987210297e-16,0,0,0,0,0,0,1,0,0
61.35,10,0,0,44,2,48,4.132763672126045,0.49999999999999994,-0.8660254037844387,0,0,0,0,1,0,0,0,0
59.03,20,0,0,64,3,36,4.094844437263752,-0.8660254037844386,0.5000000000000001,0,0,0,0,0,1,0,0,0
196.75,16,0,0,93,1,44,5.2870036066477635,-0.8660254037844385,-0.5000000000000004,0,0,0,0,1,0,0,0,0
253.27,0,0,0,58,3,30,5.538396694568449,0.0,1.0,1,0,0,1,0,0,0,1,0
32.01,8,0,0,68,2,34,3.4968105458651015,0.8660254037844387,-0.4999999999999998,0,0,0,0,0,0,0,0,1
91.5,19,0,0,44,2,58,4.52720864451838,-0.9659258262890684,0.2588190451025203,0,0,0,0,0,0,0,0,1
13.08,9,0,0,26,2,69,2.644755350729896,0.7071067811865476,-0.7071067811865475,0,0,1,1,0,0,1,0,0
69.67,2,0,0,83,3,56,4.258021154702763,0.49999999999999994,0.8660254037844387,1,0,0,1,0,0,1,0,0
25.98,21,0,0,35,0,45,3.2950958507796098,-0.7071067811865477,0.7071067811865474,0,0,1,1,0,1,0,0,0
288.17,7,0,0,71,0,38,5.667014750463987,0.9659258262890683,-0.25881904510252063,0,0,0,0,0,0,0,1,0
487.67,1,0,0,78,2,35,6.191687415037624,0.25881904510252074,0.9659258262890683,1,0,0,1,1,0,0,0,0
119.96,22,1,0,28,3,40,4.795459912431223,-0.5000000000000004,0.8660254037844384,0,0,1,2,0,0,1,0,0
36.61,15,0,0,31,1,19,3.627269972482245,-0.7071067811865471,-0.7071067811865479,0,0,1,1,0,0,0,1,0
417.95,9,0,0,82,2,61,6.037751581059295,0.7071067811865476,-0.7071067811865475,0,0,0,0,0,0,1,0,0
109.69,12,0,0,45,1,47,4.706733501397532,1.2246467991473532e-16,-1.0,0,0,0,0,0,0,1,0,0
335.43,20,1,1,29,2,44,5.818390103670691,-0.8660254037844386,0.5000000000000001,0,0,1,3,0,0,1,0,0
332.05,9,0,0,59,3,67,5.8082926288591885,0.7071067811865476,-0.7071067811865475,0,0,0,0,1,0,0,0,0
135.36,5,0,0,58,3,23,4.915298447269702,0.9659258262890683,0.25881904510252074,1,0,0,1,0,0,1,0,0
397.67,2,0,0,52,2,38,5.988134007011526,0.49999999999999994,0.8660254037844387,1,0,0,1,0,0,0,1,0
433.82,7,0,0,35,2,39,6.074932152349245,0.9659258262890683,-0.25881904510252063,0,0,1,1,1,0,0,0,0
457.6,3,1,0,51,1,24,6.128178370423804,0.7071067811865476,0.7071067811865476,1,0,0,2,0,0,1,0,0
166.88,7,0,0,45,5,46,5.12324943846539,0.9659258262890683,-0.25881904510252063,0,1,0,1,0,0,0,0,1
214.38,5,0,0,38,2,59,5.372403909900735,0.9659258262890683,0.25881904510252074,1,0,1,2,1,0,0,0,0
318.2,20,0,0,99,3,39,5.765817865575654,-0.8660254037844386,0.5000000000000001,0,0,0,0,0,1,0,0,0
209.5,16,0,0,84,3,64,5.349485653122436,-0.8660254037844385,-0.5000000000000004,0,0,0,0,0,0,0,0,1
141.14,3,0,0,79,0,58,4.956812487398749,0.7071067811865476,0.7071067811865476,1,0,0,1,0,0,1,0,0
193.05,1,0,0,26,1,55,5.268115857814915,0.25881904510252074,0.9659258262890683,1,0,1,2,0,0,1,0,0
47.07,3,0,0,25,1,36,3.8726582819058692,0.7071067811865476,0.7071067811865476,1,0,1,2,0,0,1,0,0
199.96,14,0,0,36,1,65,5.303105883279834,-0.4999999999999997,-0.8660254037844388,0,0,1,1,0,0,1,0,0
120.46,10,0,0,38,1,39,4.799584990469429,0.49999999999999994,-0.8660254037844387,0,0,1,1,0,1,0,0,0
282.61,8,0,0,73,1,21,5.647600054967209,0.8660254037844387,-0.4999999999999998,0,0,0,0,0,0,1,0,0
52.34,7,1,0,63,0,57,3.9766865187538682,0.9659258262890683,-0.25881904510252063,0,0,0,1,1,0,0,0,0
938.66,17,0,0,87,1,43,6.845518107706398,-0.9659258262890683,-0.25881904510252063,0,0,0,0,0,0,0,0,1
55.05,16,0,0,74,1,37,4.026244149518169,-0.8660254037844385,-0.5000000000000004,0,0,0,0,1,0,0,0,0
8.08,8,0,0,38,2,57,2.206074192613202,0.8660254037844387,-0.4999999999999998,0,0,1,1,0,0,0,0,1
630.1,12,0,1,77,2,45,6.447464328590194,1.2246467991473532e-16,-1.0,0,0,0,1,0,0,0,0,1
17.06,16,0,0,70,3,19,2.8936995479888394,-0.8660254037844385,-0.5000000000000004,0,0,0,0,0,0,0,1,0
103.1,20,0,0,79,2,28,4.645351975620923,-0.8660254037844386,0.5000000000000001,0,0,0,0,0,0,1,0,0
259.36,12,0,0,51,3,56,5.562065288704186,1.2246467991473532e-16,-1.0,0,0,0,0,0,0,0,0,1
6.26,23,0,0,33,1,44,1.9823798288367047,-0.25881904510252157,0.9659258262890681,0,0,1,1,1,0,0,0,0
208.01,9,0,0,67,3,43,5.3423820977101375,0.7071067811865476,-0.7071067811865475,0,0,0,0,0,0,0,0,1
30.08,6,0,0,72,1,56,3.436564525499447,1.0,6.123233995736766e-17,0,0,0,0,0,1,0,0,0
211.33,2,0,0,40,0,55,5.358141668193703,0.49999999999999994,0.8660254037844387,1,0,0,1,0,1,0,0,0
133.27,21,1,1,58,1,48,4.899852698084617,-0.7071067811865477,0.7071067811865474,0,0,0,2,0,0,1,0,0
172.39,14,1,0,77,3,42,5.155543392556582,-0.4999999999999997,-0.8660254037844388,0,0,0,1,0,0,0,1,0
24.26,19,0,1,52,1,41,3.229222116922345,-0.9659258262890684,0.2588190451025203,0,0,0,1,0,1,0,0,0
69.12,2,0,0,56,0,56,4.250208060053033,0.49999999999999994,0.8660254037844387,1,0,0,1,0,0,1,0,0
40.43,14,0,1,46,0,66,3.7240052560893107,-0.4999999999999997,-0.8660254037844388,0,0,0,1,0,0,0,0,1
299.04,17,0,0,65,1,18,5.703915799101436,-0.9659258262890683,-0.25881904510252063,0,0,0,0,0,0,1,0,0
42.18,21,0,0,70,1,30,3.7653774250866614,-0.7071067811865477,0.7071067811865474,0,0,0,0,0,0,0,0,1
20.05,23,0,1,86,1,40,3.0469005601283903,-0.25881904510252157,0.9659258262890681,0,0,0,1,0,1,0,0,0
606.71,7,0,0,66,5,33,6.409697794493825,0.9659258262890683,-0.25881904510252063,0,1,0,1,0,0,0,0,1
20.11,6,0,0,90,2,43,3.0497468618602293,1.0,6.123233995736766e-17,0,0,0,0,0,0,1,0,0
26.19,1,0,0,26,0,64,3.3028492586443794,0.25881904510252074,0.9659258262890683,1,0,1,2,0,0,1,0,0
67.64,13,0,1,94,1,64,4.228875455179707,-0.2588190451025208,-0.9659258262890683,0,0,0,1,0,1,0,0,0
49.11,17,0,0,53,1,43,3.914220588971633,-0.9659258262890683,-0.25881904510252063,0,0,0,0,1,0,0,0,0
72.08,13,0,0,57,3,19,4.291554731509806,-0.2588190451025208,-0.9659258262890683,0,0,0,0,0,1,0,0,0
53.27,17,0,0,63,3,48,3.9939715880753135,-0.9659258262890683,-0.25881904510252063,0,0,0,0,0,0,0,1,0
177.98,20,0,0,65,2,34,5.1872740677547124,-0.8660254037844386,0.5000000000000001,0,0,0,0,0,1,0,0,0
415.84,8,0,1,79,2,45,6.032702455124227,0.8660254037844387,-0.4999999999999998,0,0,0,1,0,0,0,0,1
171.84,18,0,0,53,2,21,5.152366311063733,-1.0,-1.8369701987210297e-16,0,0,0,0,1,0,0,0,0
565.54,8,0,0,78,1,35,6.33954768697801,0.8660254037844387,-0.4999999999999998,0,0,0,0,0,0,1,0,0
516.78,15,0,0,60,2,38,6.249550441619756,-0.7071067811865471,-0.7071067811865479,0,0,0,0,0,0,1,0,0
92.06,20,0,0,70,1,68,4.533244446416503,-0.8660254037844386,0.5000000000000001,0,0,0,0,1,0,0,0,0
29.98,2,0,0,75,1,20,3.4333418349887226,0.49999999999999994,0.8660254037844387,1,0,0,1,0,0,0,1,0
262.39,4,0,0,34,1,35,5.573635823516355,0.8660254037844386,0.5000000000000001,1,0,1,2,0,0,1,0,0
595.88,8,0,0,96,2,23,6.391716088163259,0.8660254037844387,-0.4999999999999998,0,0,0,0,0,1,0,0,0
69.86,19,0,0,43,2,32,4.260706099437326,-0.9659258262890684,0.2588190451025203,0,0,0,0,0,0,0,0,1
111.09,22,0,0,61,3,27,4.719302120033004,-0.5000000000000004,0.8660254037844384,0,0,0,0,0,0,0,0,1
155.13,5,0,0,32,3,46,5.050688993553429,0.9659258262890683,0.25881904510252074,1,0,1,2,1,0,0,0,0
356.66,18,0,0,60,3,18,5.87958281445989,-1.0,-1.8369701987210297e-16,0,0,0,0,0,1,0,0,0
451.12,20,0,0,72,1,64,6.113947631322531,-0.8660254037844386,0.5000000000000001,0,0,0,0,1,0,0,0,0
63.7,13,0,0,78,5,57,4.169761201506855,-0.2588190451025208,-0.9659258262890683,0,1,0,1,0,1,0,0,0
385.43,7,0,0,74,1,41,5.956950739076106,0.9659258262890683,-0.25881904510252063,0,0,0,0,0,0,1,0,0
77.58,9,0,0,69,2,50,4.364117214130314,0.7071067811865476,-0.7071067811865475,0,0,0,0,1,0,0,0,0
93.9,0,0,0,56,0,21,4.552823705615882,0.0,1.0,1,0,0,1,0,0,1,0,0
119.75,10,0,0,67,1,33,4.793722292532682,0.49999999999999994,-0.8660254037844387,0,0,0,0,1,0,0,0,0
193.92,5,0,0,26,3,68,5.272589217975305,0.9659258262890683,0.25881904510252074,1,0,1,2,0,0,1,0,0
49.59,8,0,0,79,1,34,3.923753928303845,0.8660254037844387,-0.4999999999999998,0,0,0,0,0,0,0,1,0
7.37,23,0,0,38,3,42,2.124653884501384,-0.25881904510252157,0.9659258262890681,0,0,1,1,0,0,0,1,0
249.28,4,0,0,82,1,23,5.522580291130163,0.8660254037844386,0.5000000000000001,1,0,0,1,0,0,0,0,1
83.44,13,0,0,58,1,23,4.43604122298012,-0.2588190451025208,-0.9659258262890683,0,0,0,0,0,0,0,0,1
12.15,14,0,0,65,2,18,2.5764217586237734,-0.4999999999999997,-0.8660254037844388,0,0,0,0,0,0,0,1,0
244.05,20,0,0,44,2,60,5.501462271355557,-0.8660254037844386,0.5000000000000001,0,0,0,0,0,0,0,0,1
218.3,10,0,0,48,1,53,5.390440655423842,0.49999999999999994,-0.8660254037844387,0,0,0,0,0,0,0,1,0
98.9,10,1,0,76,2,37,4.604169685654508,0.49999999999999994,-0.8660254037844387,0,0,0,1,0,0,1,0,0
251.93,13,0,0,40,2,60,5.533112770602694,-0.2588190451025208,-0.9659258262890683,0,0,0,0,1,0,0,0,0
64.58,15,0,0,53,1,26,4.1832707714165025,-0.7071067811865471,-0.7071067811865479,0,0,0,0,0,0,0,0,1
294.86,8,0,0,53,4,53,5.68988636946409,0.8660254037844387,-0.4999999999999998,0,1,0,1,0,0,1,0,0
214.72,12,0,0,47,4,68,5.373981270469026,1.2246467991473532e-16,-1.0,0,1,0,1,0,1,0,0,0
53.86,3,0,0,79,2,65,4.004784485509457,0.7071067811865476,0.7071067811865476,1,0,0,1,0,1,0,0,0
7.12,5,1,0,87,1,60,2.0943301541735866,0.9659258262890683,0.25881904510252074,1,0,0,2,0,1,0,0,0
10.77,15,0,0,57,3,23,2.4655539212721855,-0.7071067811865471,-0.7071067811865479,0,0,0,0,0,0,0,1,0
172.57,20,0,0,88,1,56,5.1565809762327905,-0.8660254037844386,0.5000000000000001,0,0,0,0,0,0,0,0,1
36.71,8,0,1,73,1,43,3.6299253112702656,0.8660254037844387,-0.4999999999999998,0,0,0,1,0,0,0,1,0
97.42,0,0,0,78,4,62,4.589244035437832,0.0,1.0,1,1,0,2,0,1,0,0,0
329.2,3,0,0,44,3,52,5.799698531486028,0.7071067811865476,0.7071067811865476,1,0,0,1,0,0,1,0,0
66.63,3,0,0,28,1,59,4.214051671586849,0.7071067811865476,0.7071067811865476,1,0,1,2,0,0,0,0,1
8.24,19,0,0,50,2,61,2.2235418856535927,-0.9659258262890684,0.2588190451025203,0,0,0,0,0,1,0,0,0
50.2,23,0,0,74,1,33,3.9357395320454622,-0.25881904510252157,0.9659258262890681,0,0,0,0,0,0,1,0,0
9.75,16,1,0,46,4,62,2.3749057545736716,-0.8660254037844385,-0.5000000000000004,0,1,0,2,1,0,0,0,0
220.74,2,0,0,47,0,46,5.401505524344206,0.49999999999999994,0.8660254037844387,1,0,0,1,0,0,1,0,0
101.17,23,0,0,63,2,64,4.626638092603332,-0.25881904510252157,0.9659258262890681,0,0,0,0,0,0,0,0,1
292.04,15,0,0,54,4,55,5.680309118470559,-0.7071067811865471,-0.7071067811865479,0,1,0,1,1,0,0,0,0
11.15,3,0,0,35,4,59,2.4973291697865574,0.7071067811865476,0.7071067811865476,1,1,1,3,0,0,1,0,0
153.38,4,0,0,94,3,23,5.039417095521708,0.8660254037844386,0.5000000000000001,1,0,0,1,0,0,0,1,0
110.85,11,0,0,98,0,32,4.717158687936139,0.258819045102521,-0.9659258262890682,0,0,0,0,0,0,0,0,1
18.53,1,0,0,36,3,57,2.9719517448885875,0.25881904510252074,0.9659258262890683,1,0,1,2,0,0,0,0,1
131.88,20,1,0,27,3,67,4.889446465305039,-0.8660254037844386,0.5000000000000001,0,0,1,2,0,0,0,0,1
45.92,20,0,0,40,1,59,3.848444023785275,-0.8660254037844386,0.5000000000000001,0,0,0,0,0,1,0,0,0
91.49,15,0,0,80,1,33,4.527100530566169,-0.7071067811865471,-0.7071067811865479,0,0,0,0,1,0,0,0,0
6.77,0,0,0,87,2,26,2.050270164379556,0.0,1.0,1,0,0,1,1,0,0,0,0
6.73,22,0,0,83,0,30,2.0451088625993306,-0.5000000000000004,0.8660254037844384,0,0,0,0,0,0,1,0,0
7.22,18,0,0,76,5,37,2.1065702090680882,-1.0,-1.8369701987210297e-16,0,1,0,1,0,0,1,0,0
426.44,13,1,0,28,1,31,6.057813927649516,-0.2588190451025208,-0.9659258262890683,0,0,1,2,1,0,0,0,0
123.45,0,1,0,27,0,30,4.823904028813601,0.0,1.0,1,0,1,3,1,0,0,0,0
134.12,10,0,0,90,3,18,4.906163272499545,0.49999999999999994,-0.8660254037844387,0,0,0,0,1,0,0,0,0
155.33,8,0,0,56,2,31,5.051969157589233,0.8660254037844387,-0.4999999999999998,0,0,0,0,0,0,0,0,1
618.23,1,0,0,78,4,38,6.428476770714276,0.25881904510252074,0.9659258262890683,1,1,0,2,0,1,0,0,0
388.28,2,0,0,68,3,18,5.964298879035212,0.49999999999999994,0.8660254037844387,1,0,0,1,0,0,0,0,1
4.3,23,1,0,77,2,36,1.667706820558076,-0.25881904510252157,0.9659258262890681,0,0,0,1,0,0,1,0,0
126.62,23,0,0,40,2,23,4.849057098440201,-0.25881904510252157,0.9659258262890681,0,0,0,0,0,1,0,0,0
314.19,12,0,0,98,3,65,5.753175631592122,1.2246467991473532e-16,-1.0,0,0,0,0,1,0,0,0,0
193.6,4,0,0,90,1,32,5.270946169751904,0.8660254037844386,0.5000000000000001,1,0,0,1,0,0,1,0,0
65.09,4,0,0,26,1,50,4.191017449482361,0.8660254037844386,0.5000000000000001,1,0,1,2,0,0,0,1,0
92.77,19,0,0,41,2,68,4.540844975431534,-0.9659258262890684,0.2588190451025203,0,0,0,0,0,1,0,0,0
15.69,13,0,0,61,2,54,2.8148097376737438,-0.2588190451025208,-0.9659258262890683,0,0,0,0,1,0,0,0,0
305.91,15,0,0,47,4,64,5.7265545449983986,-0.7071067811865471,-0.7071067811865479,0,1,0,1,1,0,0,0,0
182.11,23,0,0,94,2,41,5.210087065153623,-0.25881904510252157,0.9659258262890681,0,0,0,0,1,0,0,0,0
25.85,18,0,0,38,3,69,3.2902658209548736,-1.0,-1.8369701987210297e-16,0,0,1,1,0,0,0,0,1
229.21,5,0,0,65,0,43,5.438991935830805,0.9659258262890683,0.25881904510252074,1,0,0,1,1,0,0,0,0
124.99,22,0,0,58,1,29,4.836202538722539,-0.5000000000000004,0.8660254037844384,0,0,0,0,0,0,0,0,1
262.8,12,0,0,67,4,50,5.575191240283214,1.2246467991473532e-16,-1.0,0,1,0,1,0,1,0,0,0
12.76,1,0,0,31,6,58,2.6217658325051976,0.25881904510252074,0.9659258262890683,1,1,1,3,1,0,0,0,0
132.15,21,0,0,52,1,41,4.891476312259941,-0.7071067811865477,0.7071067811865474,0,0,0,0,0,0,0,0,1
45.79,10,0,0,40,0,61,3.845669504878125,0.49999999999999994,-0.8660254037844387,0,0,0,0,0,0,0,1,0
180.82,15,0,0,76,2,20,5.203017186693712,-0.7071067811865471,-0.7071067811865479,0,0,0,0,0,0,1,0,0
121.0,12,0,0,90,2,47,4.804021044733257,1.2246467991473532e-16,-1.0,0,0,0,0,0,1,0,0,0
304.66,4,0,0,81,5,48,5.722473373099691,0.8660254037844386,0.5000000000000001,1,1,0,2,0,0,0,1,0
172.27,8,0,0,44,7,68,5.154851071522756,0.8660254037844387,-0.4999999999999998,0,1,0,1,0,0,0,0,1
65.07,1,0,0,34,2,18,4.190714786041794,0.25881904510252074,0.9659258262890683,1,0,1,2,0,0,0,1,0
154.27,16,1,0,59,0,47,5.045165536993078,-0.8660254037844385,-0.5000000000000004,0,0,0,1,0,0,1,0,0
458.56,18,1,0,66,4,59,6.1302695099851645,-1.0,-1.8369701987210297e-16,0,1,0,2,0,0,0,1,0
23.68,10,0,0,95,0,65,3.205993199037187,0.49999999999999994,-0.8660254037844387,0,0,0,0,0,0,0,1,0
157.61,16,0,0,54,2,44,5.066448358915468,-0.8660254037844385,-0.5000000000000004,0,0,0,0,0,0,0,1,0
152.28,3,0,0,37,2,49,5.03226631422255,0.7071067811865476,0.7071067811865476,1,0,1,2,0,0,1,0,0
161.23,16,0,0,78,1,66,5.089015081422308,-0.8660254037844385,-0.5000000000000004,0,0,0,0,0,0,0,0,1
84.1,3,0,0,85,3,21,4.443827035579329,0.7071067811865476,0.7071067811865476,1,0,0,1,0,0,1,0,0
420.71,12,1,0,72,3,19,6.044317874011784,1.2246467991473532e-16,-1.0,0,0,0,1,0,0,1,0,0
285.42,20,0,0,77,4,66,5.657459265050557,-0.8660254037844386,0.5000000000000001,0,1,0,1,0,0,1,0,0
20.85,3,0,0,97,3,61,3.084200921541599,0.7071067811865476,0.7071067811865476,1,0,0,1,0,0,1,0,0
175.39,22,1,0,95,0,25,5.172697452623385,-0.5000000000000004,0.8660254037844384,0,0,0,1,1,0,0,0,0
680.38,17,0,0,83,3,32,6.524120153460622,-0.9659258262890683,-0.25881904510252063,0,0,0,0,0,0,0,0,1
25.39,11,0,0,39,3,18,3.2729851505152325,0.258819045102521,-0.9659258262890682,0,0,1,1,0,0,1,0,0
196.38,1,0,0,46,2,60,5.285130804743861,0.25881904510252074,0.9659258262890683,1,0,0,1,0,0,1,0,0
104.43,17,0,0,32,0,61,4.6580472255888585,-0.9659258262890683,-0.25881904510252063,0,0,1,1,0,0,1,0,0
183.59,3,0,0,86,1,18,5.218137149420508,0.7071067811865476,0.7071067811865476,1,0,0,1,0,0,0,0,1
363.53,18,0,0,70,2,48,5.89860885258863,-1.0,-1.8369701987210297e-16,0,0,0,0,0,0,0,1,0
138.87,12,0,0,59,2,46,4.940713419791213,1.2246467991473532e-16,-1.0,0,0,0,0,0,1,0,0,0
126.24,7,0,0,66,1,25,4.846075066880943,0.9659258262890683,-0.25881904510252063,0,0,0,0,1,0,0,0,0
185.34,4,0,0,72,3,68,5.227572962022279,0.8660254037844386,0.5000000000000001,1,0,0,1,0,0,0,1,0
214.34,3,0,0,36,2,27,5.372218174387571,0.7071067811865476,0.7071067811865476,1,0,1,2,0,1,0,0,0
243.6,10,0,0,39,2,32,5.499624223253072,0.49999999999999994,-0.8660254037844387,0,0,1,1,0,0,0,1,0
1027.58,4,0,0,91,2,51,6.935934489247445,0.8660254037844386,0.5000000000000001,1,0,0,1,0,0,0,0,1
61.13,23,0,1,73,6,67,4.129228964075603,-0.25881904510252157,0.9659258262890681,0,1,0,2,0,1,0,0,0
59.96,2,0,0,36,0,44,4.110217911378391,0.49999999999999994,0.8660254037844387,1,0,1,2,0,1,0,0,0
229.81,3,0,0,85,8,65,5.441594861251659,0.7071067811865476,0.7071067811865476,1,1,0,2,0,1,0,0,0
266.14,8,1,0,28,5,68,5.587772865548959,0.8660254037844387,-0.4999999999999998,0,1,1,3,0,0,1,0,0
33.36,13,0,0,75,2,44,3.536893097116055,-0.2588190451025208,-0.9659258262890683,0,0,0,0,0,0,1,0,0
196.05,11,0,0,43,0,55,5.283457503641013,0.258819045102521,-0.9659258262890682,0,0,0,0,1,0,0,0,0
78.83,0,0,0,61,2,42,4.379899373657707,0.0,1.0,1,0,0,1,0,0,0,0,1
15.77,0,0,0,71,0,53,2.8195915758351173,0.0,1.0,1,0,0,1,0,0,1,0,0
24.38,7,0,0,82,5,27,3.2339614622862416,0.9659258262890683,-0.25881904510252063,0,1,0,1,0,1,0,0,0
165.42,19,0,0,50,2,25,5.114514713472284,-0.9659258262890684,0.2588190451025203,0,0,0,0,1,0,0,0,0
366.82,19,0,0,29,1,56,5.907593688070835,-0.9659258262890684,0.2588190451025203,0,0,1,1,0,0,0,0,1
560.82,19,0,0,85,3,56,6.331181513894084,-0.9659258262890684,0.2588190451025203,0,0,0,0,0,0,1,0,0
87.32,8,0,0,84,3,50,4.480966582528785,0.8660254037844387,-0.4999999999999998,0,0,0,0,1,0,0,0,0
97.55,11,0,0,58,2,47,4.590564033598729,0.258819045102521,-0.9659258262890682,0,0,0,0,0,0,0,1,0
67.81,0,0,0,65,2,44,4.231349083214389,0.0,1.0,1,0,0,1,0,0,0,0,1
425.88,12,0,0,52,0,19,6.056502943287204,1.2246467991473532e-16,-1.0,0,0,0,0,0,0,0,1,0
117.95,4,0,0,32,1,37,4.778703236748966,0.8660254037844386,0.5000000000000001,1,0,1,2,0,0,0,1,0
442.84,5,1,0,27,3,68,6.095464137126466,0.9659258262890683,0.25881904510252074,1,0,1,3,0,0,0,0,1
67.58,5,0,0,39,2,34,4.228000947034774,0.9659258262890683,0.25881904510252074,1,0,1,2,0,0,1,0,0
630.45,5,0,0,27,0,38,6.448018762092179,0.9659258262890683,0.25881904510252074,1,0,1,2,0,1,0,0,0
244.04,22,0,0,26,2,43,5.50142146252452,-0.5000000000000004,0.8660254037844384,0,0,1,1,0,1,0,0,0
244.36,2,0,1,72,2,51,5.5027265198059965,0.49999999999999994,0.8660254037844387,1,0,0,2,0,1,0,0,0
320.41,9,0,0,74,3,44,5.7727175666961745,0.7071067811865476,-0.7071067811865475,0,0,0,0,0,1,0,0,0
207.29,16,0,0,66,3,27,5.338931339433292,-0.8660254037844385,-0.5000000000000004,0,0,0,0,0,1,0,0,0
342.51,0,0,0,61,3,60,5.839216223320169,0.0,1.0,1,0,0,1,0,0,0,1,0
42.05,1,0,0,87,0,55,3.7623622308737397,0.25881904510252074,0.9659258262890683,1,0,0,1,0,1,0,0,0
42.22,12,0,0,59,2,46,3.76630335107874,1.2246467991473532e-16,-1.0,0,0,0,0,0,0,0,1,0
359.99,8,0,1,75,4,57,5.888850257118181,0.8660254037844387,-0.4999999999999998,0,1,0,2,0,1,0,0,0
38.74,20,0,0,30,2,57,3.6823582371236707,-0.8660254037844386,0.5000000000000001,0,0,1,1,0,0,0,1,0
123.09,5,1,0,33,3,23,4.821007108786528,0.9659258262890683,0.25881904510252074,1,0,1,3,0,1,0,0,0
11.48,11,0,0,84,2,30,2.5241273629412815,0.258819045102521,-0.9659258262890682,0,0,0,0,0,1,0,0,0
73.94,22,0,1,74,2,53,4.316687793365541,-0.5000000000000004,0.8660254037844384,0,0,0,1,0,0,1,0,0
222.0,1,0,0,50,2,27,5.407171771460119,0.25881904510252074,0.9659258262890683,1,0,0,1,0,0,1,0,0
316.77,10,0,0,28,3,60,5.7613278506536725,0.49999999999999994,-0.8660254037844387,0,0,1,1,0,0,0,1,0
95.34,14,0,1,61,3,57,4.567883601202075,-0.4999999999999997,-0.8660254037844388,0,0,0,1,0,1,0,0,0
49.78,8,0,0,74,1,28,3.9275025762765323,0.8660254037844387,-0.4999999999999998,0,0,0,0,1,0,0,0,0
91.52,3,0,0,99,4,28,4.527424837363238,0.7071067811865476,0.7071067811865476,1,1,0,2,0,0,0,0,1
41.87,18,0,0,58,0,44,3.7581722806098856,-1.0,-1.8369701987210297e-16,0,0,0,0,0,1,0,0,0
7.14,5,0,0,74,0,48,2.096790180014449,0.9659258262890683,0.25881904510252074,1,0,0,1,0,1,0,0,0
9.29,18,0,0,74,3,23,2.331172549845958,-1.0,-1.8369701987210297e-16,0,0,0,0,0,1,0,0,0
64.56,18,0,0,57,0,68,4.182965753875629,-1.0,-1.8369701987210297e-16,0,0,0,0,1,0,0,0,0
167.73,19,1,0,28,3,46,5.128299804210246,-0.9659258262890684,0.2588190451025203,0,0,1,2,0,0,1,0,0
72.45,7,0,0,88,2,21,4.296604902619887,0.9659258262890683,-0.25881904510252063,0,0,0,0,1,0,0,0,0
16.51,8,0,0,69,3,25,2.8627721462977607,0.8660254037844387,-0.4999999999999998,0,0,0,0,0,0,1,0,0
68.61,11,0,0,27,2,36,4.242908235180575,0.258819045102521,-0.9659258262890682,0,0,1,1,1,0,0,0,0
304.53,2,0,0,93,0,68,5.722047973463045,0.49999999999999994,0.8660254037844387,1,0,0,1,0,0,0,0,1
58.79,15,0,0,44,0,66,4.090838422892813,-0.7071067811865471,-0.7071067811865479,0,0,0,0,0,0,1,0,0
124.42,13,0,1,78,2,55,4.831668105114875,-0.2588190451025208,-0.9659258262890683,0,0,0,1,0,0,0,1,0
132.72,14,0,0,94,4,39,4.895748061551898,-0.4999999999999997,-0.8660254037844388,0,1,0,1,0,1,0,0,0
77.4,18,0,0,62,0,30,4.361823927356363,-1.0,-1.8369701987210297e-16,0,0,0,0,0,1,0,0,0
634.65,5,0,0,38,3,41,6.454648097396132,0.9659258262890683,0.25881904510252074,1,0,1,2,0,1,0,0,0
148.64,1,0,0,56,5,23,5.0082324094799455,0.25881904510252074,0.9659258262890683,1,1,0,2,1,0,0,0,0
123.42,1,0,0,60,1,67,4.823662939086874,0.25881904510252074,0.9659258262890683,1,0,0,1,0,0,0,0,1
146.69,5,0,0,75,3,21,4.9951154824382185,0.9659258262890683,0.25881904510252074,1,0,0,1,0,0,0,1,0
33.22,6,0,0,26,3,40,3.5328102684640474,1.0,6.123233995736766e-17,0,0,1,1,0,1,0,0,0
102.43,6,0,0,71,1,38,4.638895055389712,1.0,6.123233995736766e-17,0,0,0,0,0,1,0,0,0
53.89,17,0,0,48,1,69,4.005331182561798,-0.9659258262890683,-0.25881904510252063,0,0,0,0,0,1,0,0,0
12.94,14,0,0,76,2,54,2.6347624053323777,-0.4999999999999997,-0.8660254037844388,0,0,0,0,1,0,0,0,0
390.85,21,1,0,62,0,54,5.9708791134988735,-0.7071067811865477,0.7071067811865474,0,0,0,1,0,0,0,1,0
132.18,20,0,0,64,2,62,4.891701596682476,-0.8660254037844386,0.5000000000000001,0,0,0,0,0,0,0,0,1
300.04,16,0,0,82,0,44,5.707243146285182,-0.8660254037844385,-0.5000000000000004,0,0,0,0,0,0,1,0,0
286.35,16,0,0,85,1,64,5.660700984953751,-0.8660254037844385,-0.5000000000000004,0,0,0,0,0,0,0,1,0
189.81,9,0,0,49,0,46,5.2512781685422505,0.7071067811865476,-0.7071067811865475,0,0,0,0,0,0,1,0,0
122.2,22,0,0,33,1,58,4.81380905109942,-0.5000000000000004,0.8660254037844384,0,0,1,1,0,0,0,0,1
373.18,16,0,0,51,1,25,5.9247369650572725,-0.8660254037844385,-0.5000000000000004,0,0,0,0,0,1,0,0,0
29.35,8,0,0,97,1,69,3.4127965175055075,0.8660254037844387,-0.4999999999999998,0,0,0,0,0,1,0,0,0
162.1,6,0,0,78,4,38,5.094363509626968,1.0,6.123233995736766e-17,0,1,0,1,0,0,1,0,0
19.01,9,0,0,32,1,26,2.996232148595642,0.7071067811865476,-0.7071067811865475,0,0,1,1,0,0,1,0,0
153.58,21,1,1,77,1,31,5.040711761678725,-0.7071067811865477,0.7071067811865474,0,0,0,2,0,1,0,0,0
53.69,13,0,1,36,4,41,4.001680877358681,-0.2588190451025208,-0.9659258262890683,0,1,1,3,0,0,1,0,0
128.35,4,0,0,72,3,61,4.862521908632038,0.8660254037844386,0.5000000000000001,1,0,0,1,0,0,0,1,0
91.39,10,0,0,81,5,39,4.526018747682654,0.49999999999999994,-0.8660254037844387,0,1,0,1,0,1,0,0,0
209.72,21,0,0,81,3,29,5.350530237994971,-0.7071067811865477,0.7071067811865474,0,0,0,0,0,0,0,0,1
102.36,23,0,1,34,2,39,4.638218040034292,-0.25881904510252157,0.9659258262890681,0,0,1,2,0,0,1,0,0
218.95,7,0,0,53,1,62,5.3934002477947285,0.9659258262890683,-0.25881904510252063,0,0,0,0,0,0,0,0,1
308.73,0,0,0,91,5,68,5.735700950224475,0.0,1.0,1,1,0,2,0,0,1,0,0
110.35,22,0,0,98,3,34,4.712678393703377,-0.5000000000000004,0.8660254037844384,0,0,0,0,0,0,1,0,0
232.62,19,0,0,44,3,57,5.45369586372755,-0.9659258262890684,0.2588190451025203,0,0,0,0,0,0,0,1,0
211.22,18,0,0,82,1,60,5.357623472445444,-1.0,-1.8369701987210297e-16,0,0,0,0,0,1,0,0,0
30.08,2,1,0,85,1,28,3.436564525499447,0.49999999999999994,0.8660254037844387,1,0,0,2,0,0,1,0,0
1.83,8,0,0,32,1,26,1.0402767116551463,0.8660254037844387,-0.4999999999999998,0,0,1,1,0,0,0,0,1
453.58,0,0,0,53,2,64,6.119373915730013,0.0,1.0,1,0,0,1,0,0,1,0,0
313.19,4,0,0,43,0,19,5.749997898453164,0.8660254037844386,0.5000000000000001,1,0,0,1,0,0,1,0,0
83.66,22,0,0,60,1,27,4.438643235092778,-0.5000000000000004,0.8660254037844384,0,0,0,0,0,0,0,0,1
326.1,17,0,0,63,0,46,5.790265934544339,-0.9659258262890683,-0.25881904510252063,0,0,0,0,0,0,0,0,1
38.44,22,0,0,29,2,58,3.6747805297344347,-0.5000000000000004,0.8660254037844384,0,0,1,1,0,0,0,1,0
351.21,8,0,0,79,3,60,5.864227588617579,0.8660254037844387,-0.4999999999999998,0,0,0,0,0,0,1,0,0
316.33,20,0,0,45,2,35,5.759942241866406,-0.8660254037844386,0.5000000000000001,0,0,0,0,1,0,0,0,0
159.61,2,0,0,86,0,63,5.0789790660748055,0.49999999999999994,0.8660254037844387,1,0,0,1,0,0,0,0,1
12.27,20,0,0,88,3,35,2.5855058483441162,-0.8660254037844386,0.5000000000000001,0,0,0,0,0,0,1,0,0
9.49,3,0,0,87,2,39,2.3504224224082058,0.7071067811865476,0.7071067811865476,1,0,0,1,0,0,0,0,1
45.56,16,0,0,35,1,45,3.8407418034231826,-0.8660254037844385,-0.5000000000000004,0,0,1,1,0,0,0,1,0
414.5,3,0,0,84,1,52,6.029482614295503,0.7071067811865476,0.7071067811865476,1,0,0,1,0,0,0,1,0
334.21,7,0,0,29,3,47,5.814757201098495,0.9659258262890683,-0.25881904510252063,0,0,1,1,0,1,0,0,0
15.6,7,0,0,86,3,41,2.8094026953624978,0.9659258262890683,-0.25881904510252063,0,0,0,0,0,1,0,0,0
13.17,23,0,0,88,1,68,2.6511270537025893,-0.25881904510252157,0.9659258262890681,0,0,0,0,0,0,1,0,0
2.06,3,0,0,36,5,36,1.1184149159642893,0.7071067811865476,0.7071067811865476,1,1,1,3,0,0,0,1,0
121.99,23,0,0,61,4,57,4.8121030512543195,-0.25881904510252157,0.9659258262890681,0,1,0,1,1,0,0,0,0
0.0,16,0,0,72,1,23,0.0,-0.8660254037844385,-0.5000000000000004,0,0,0,0,0,0,0,0,1
260.58,7,0,0,72,3,22,5.566740164061006,0.9659258262890683,-0.25881904510252063,0,0,0,0,0,0,0,1,0
40.95,22,0,0,55,2,56,3.7364784329132155,-0.5000000000000004,0.8660254037844384,0,0,0,0,0,0,1,0,0
66.89,18,0,0,38,2,65,4.217888748313555,-1.0,-1.8369701987210297e-16,0,0,1,1,0,0,1,0,0
265.18,18,0,0,78,2,20,5.58417277165841,-1.0,-1.8369701987210297e-16,0,0,0,0,0,0,1,0,0
12.5,3,0,0,87,3,64,2.6026896854443837,0.7071067811865476,0.7071067811865476,1,0,0,1,0,1,0,0,0
124.9,13,0,0,41,3,69,4.835487941050301,-0.2588190451025208,-0.9659258262890683,0,0,0,0,0,0,0,1,0
93.43,15,0,0,41,1,19,4.547858819274978,-0.7071067811865471,-0.7071067811865479,0,0,0,0,0,0,0,0,1
456.55,19,0,0,90,2,53,6.125886168361387,-0.9659258262890684,0.2588190451025203,0,0,0,0,0,0,0,1,0
271.33,18,0,0,59,6,37,5.607014566214904,-1.0,-1.8369701987210297e-16,0,1,0,1,0,0,1,0,0
332.94,19,0,0,82,0,27,5.810961336120811,-0.9659258262890684,0.2588190451025203,0,0,0,0,0,0,1,0,0
22.26,3,1,0,87,4,32,3.1467351470905185,0.7071067811865476,0.7071067811865476,1,1,0,3,0,0,0,1,0
145.54,9,0,0,62,0,40,4.987298428731818,0.7071067811865476,-0.7071067811865475,0,0,0,0,1,0,0,0,0
118.57,6,0,0,96,3,35,4.7839019739314885,1.0,6.123233995736766e-17,0,0,0,0,0,0,0,1,0
47.99,13,0,0,75,1,36,3.8916161956504833,-0.2588190451025208,-0.9659258262890683,0,0,0,0,0,0,0,1,0
99.68,12,0,0,38,2,52,4.611947170267115,1.2246467991473532e-16,-1.0,0,0,1,1,0,1,0,0,0
59.21,13,0,0,59,5,42,4.097838451476356,-0.2588190451025208,-0.9659258262890683,0,1,0,1,0,0,0,1,0
258.02,19,0,0,39,5,63,5.556905278795441,-0.9659258262890684,0.2588190451025203,0,1,1,2,0,1,0,0,0
134.98,4,0,0,66,3,53,4.912507816098313,0.8660254037844386,0.5000000000000001,1,0,0,1,0,0,0,0,1
19.79,15,0,1,52,1,59,3.0344721018699214,-0.7071067811865471,-0.7071067811865479,0,0,0,1,0,0,1,0,0
47.91,7,0,0,47,3,28,3.8899818745512658,0.9659258262890683,-0.25881904510252063,0,0,0,0,1,0,0,0,0
74.07,16,0,0,33,3,32,4.318421011584911,-0.8660254037844385,-0.5000000000000004,0,0,1,1,0,1,0,0,0
23.72,8,0,0,50,4,54,3.20761263258949,0.8660254037844387,-0.4999999999999998,0,1,0,1,0,0,0,1,0
273.1,12,0,0,31,1,52,5.61349300330874,1.2246467991473532e-16,-1.0,0,0,1,1,0,0,0,0,1
343.96,17,0,0,87,3,20,5.843428468280577,-0.9659258262890683,-0.25881904510252063,0,0,0,0,0,1,0,0,0
245.2,18,0,0,95,3,23,5.506144213750353,-1.0,-1.8369701987210297e-16,0,0,0,0,1,0,0,0,0
8.81,7,0,0,62,3,49,2.2834022735772717,0.9659258262890683,-0.25881904510252063,0,0,0,0,1,0,0,0,0
409.34,5,0,0,87,2,22,6.016986084338059,0.9659258262890683,0.25881904510252074,1,0,0,1,0,0,1,0,0
225.56,21,0,0,52,3,60,5.423009810505355,-0.7071067811865477,0.7071067811865474,0,0,0,0,0,0,0,0,1
49.85,2,0,1,99,1,63,3.928880122494569,0.49999999999999994,0.8660254037844387,1,0,0,2,0,0,0,1,0
40.47,5,0,0,48,1,48,3.7249702742582897,0.9659258262890683,0.25881904510252074,1,0,0,1,0,0,0,1,0
189.28,16,0,0,78,3,41,5.248496671564081,-0.8660254037844385,-0.5000000000000004,0,0,0,0,0,0,0,1,0
142.41,14,0,0,48,0,49,4.965707660741121,-0.4999999999999997,-0.8660254037844388,0,0,0,0,0,0,1,0,0
228.33,1,0,0,31,1,18,5.435162014275881,0.25881904510252074,0.9659258262890683,1,0,1,2,0,0,0,0,1
710.09,1,0,0,52,0,53,6.5667990040708615,0.25881904510252074,0.9659258262890683,1,0,0,1,0,1,0,0,0
55.56,18,1,0,38,1,30,4.0353020215883175,-1.0,-1.8369701987210297e-16,0,0,1,2,0,0,0,1,0
307.41,3,0,0,29,0,39,5.731430066585013,0.7071067811865476,0.7071067811865476,1,0,1,2,0,0,0,0,1
7.24,22,0,0,60,2,18,2.1090003439213802,-0.5000000000000004,0.8660254037844384,0,0,0,0,1,0,0,0,0
62.25,18,0,0,80,2,55,4.1470951276076295,-1.0,-1.8369701987210297e-16,0,0,0,0,0,1,0,0,0
193.62,20,0,0,71,0,62,5.271048939393843,-0.8660254037844386,0.5000000000000001,0,0,0,0,1,0,0,0,0
607.79,15,0,0,26,1,43,6.411473380656987,-0.7071067811865471,-0.7071067811865479,0,0,1,1,1,0,0,0,0
88.38,15,0,0,36,2,56,4.492896943505305,-0.7071067811865471,-0.7071067811865479,0,0,1,1,1,0,0,0,0
71.93,10,0,0,32,2,22,4.289500076996142,0.49999999999999994,-0.8660254037844387,0,0,1,1,0,0,0,0,1
83.13,17,0,0,58,5,32,4.432363221562722,-0.9659258262890683,-0.25881904510252063,0,1,0,1,0,1,0,0,0
258.66,11,0,0,31,4,42,5.559373082932107,0.258819045102521,-0.9659258262890682,0,1,1,2,0,0,1,0,0
124.35,5,0,0,97,2,64,4.831109824604303,0.9659258262890683,0.25881904510252074,1,0,0,1,0,1,0,0,0
175.9,6,0,1,30,7,44,5.17558460116574,1.0,6.123233995736766e-17,0,1,1,3,0,1,0,0,0
538.51,0,0,1,73,0,42,6.290661320207592,0.0,1.0,1,0,0,2,0,0,0,0,1
150.97,9,0,0,73,5,62,5.023683132945513,0.7071067811865476,-0.7071067811865475,0,1,0,1,1,0,0,0,0
74.9,22,0,0,62,3,50,4.3294166844015844,-0.5000000000000004,0.8660254037844384,0,0,0,0,1,0,0,0,0
108.68,5,0,1,44,1,47,4.697567035254059,0.9659258262890683,0.25881904510252074,1,0,0,2,0,0,1,0,0
585.89,6,0,0,53,2,46,6.37483740874133,1.0,6.123233995736766e-17,0,0,0,0,1,0,0,0,0
132.14,0,0,0,30,2,23,4.891401206172557,0.0,1.0,1,0,1,2,1,0,0,0,0
68.1,1,1,0,68,3,36,4.235554730773624,0.25881904510252074,0.9659258262890683,1,0,0,2,1,0,0,0,0
235.35,9,0,0,50,2,45,5.465313757239246,0.7071067811865476,-0.7071067811865475,0,0,0,0,0,0,1,0,0
317.43,17,0,0,56,0,24,5.763402670637226,-0.9659258262890683,-0.25881904510252063,0,0,0,0,0,0,0,0,1
197.86,5,1,0,56,3,45,5.292601059551927,0.9659258262890683,0.25881904510252074,1,0,0,2,1,0,0,0,0
834.14,21,0,0,85,1,67,6.727599375467364,-0.7071067811865477,0.7071067811865474,0,0,0,0,0,0,0,0,1
183.58,2,0,1,83,0,49,5.218082973837431,0.49999999999999994,0.8660254037844387,1,0,0,2,0,0,1,0,0
350.75,15,0,0,54,4,66,5.862920695994498,-0.7071067811865471,-0.7071067811865479,0,1,0,1,0,0,0,1,0
70.83,2,0,0,27,1,43,4.27430221608671,0.49999999999999994,0.8660254037844387,1,0,1,2,0,0,1,0,0
217.4,9,0,0,64,0,57,5.38632824387075,0.7071067811865476,-0.7071067811865475,0,0,0,0,0,0,1,0,0
127.48,1,0,0,62,2,44,4.855773250198451,0.25881904510252074,0.9659258262890683,1,0,0,1,0,0,1,0,0
140.33,21,0,0,43,2,56,4.9510975813800595,-0.7071067811865477,0.7071067811865474,0,0,0,0,0,0,0,1,0
218.54,15,0,0,90,0,63,5.39153444825917,-0.7071067811865471,-0.7071067811865479,0,0,0,0,0,0,0,0,1
99.24,8,0,0,55,2,66,4.607567310587813,0.8660254037844387,-0.4999999999999998,0,0,0,0,0,1,0,0,0
53.65,0,0,1,82,3,65,4.000949214622548,0.0,1.0,1,0,0,2,1,0,0,0,0
97.97,5,0,1,44,3,44,4.5948167739086,0.9659258262890683,0.25881904510252074,1,0,0,2,0,0,0,1,0
126.76,6,0,0,84,2,44,4.850153503906757,1.0,6.123233995736766e-17,0,0,0,0,0,0,1,0,0
13.72,22,1,1,59,1,69,2.6892071133007303,-0.5000000000000004,0.8660254037844384,0,0,0,2,1,0,0,0,0
174.6,19,1,0,58,4,54,5.168208681201016,-0.9659258262890684,0.2588190451025203,0,1,0,2,0,0,0,1,0
551.55,0,0,0,34,1,55,6.314543927034791,0.0,1.0,1,0,1,2,0,0,1,0,0
14.68,5,0,0,46,2,23,2.7523860149222616,0.9659258262890683,0.25881904510252074,1,0,0,1,0,0,1,0,0
154.95,8,0,0,68,4,46,5.049535443053812,0.8660254037844387,-0.4999999999999998,0,1,0,1,0,0,0,1,0
35.56,23,0,1,95,2,61,3.5989547465859495,-0.25881904510252157,0.9659258262890681,0,0,0,1,0,0,0,0,1
293.03,1,0,0,81,4,61,5.683681802949198,0.25881904510252074,0.9659258262890683,1,1,0,2,1,0,0,0,0
12.64,10,0,0,79,0,67,2.613006652415316,0.49999999999999994,-0.8660254037844387,0,0,0,0,0,1,0,0,0
84.16,22,0,0,68,0,38,4.444531840025279,-0.5000000000000004,0.8660254037844384,0,0,0,0,0,0,0,0,1
34.36,20,0,0,41,6,67,3.5655812377694427,-0.8660254037844386,0.5000000000000001,0,1,0,1,1,0,0,0,0
331.1,0,0,0,56,1,29,5.805436128382701,0.0,1.0,1,0,0,1,1,0,0,0,0
136.02,14,0,0,95,3,55,4.920126900574753,-0.4999999999999997,-0.8660254037844388,0,0,0,0,0,1,0,0,0
7.31,13,0,0,65,2,37,2.1174596088673567,-0.2588190451025208,-0.9659258262890683,0,0,0,0,0,0,1,0,0
20.04,17,0,0,48,4,44,3.046425387869509,-0.9659258262890683,-0.25881904510252063,0,1,0,1,0,1,0,0,0
40.96,21,0,0,59,2,62,3.7367167835280966,-0.7071067811865477,0.7071067811865474,0,0,0,0,1,0,0,0,0
48.38,13,0,0,74,1,22,3.8995454839170334,-0.2588190451025208,-0.9659258262890683,0,0,0,0,0,1,0,0,0
460.94,9,0,0,94,7,21,6.1354350125180135,0.7071067811865476,-0.7071067811865475,0,1,0,1,0,1,0,0,0
25.89,10,0,0,25,2,61,3.2917544702807735,0.49999999999999994,-0.8660254037844387,0,0,1,1,0,0,1,0,0
74.79,21,0,0,88,2,37,4.327966357823938,-0.7071067811865477,0.7071067811865474,0,0,0,0,0,0,0,0,1
473.35,9,0,0,76,0,69,6.161945445838886,0.7071067811865476,-0.7071067811865475,0,0,0,0,0,0,0,0,1
243.73,6,0,0,63,2,21,5.5001555620349105,1.0,6.123233995736766e-17,0,0,0,0,0,0,1,0,0
167.99,23,0,0,73,1,26,5.129839541574732,-0.25881904510252157,0.9659258262890681,0,0,0,0,0,0,0,0,1
25.24,5,1,0,59,2,26,3.267284964075888,0.9659258262890683,0.25881904510252074,1,0,0,2,0,0,0,1,0
202.67,12,0,0,87,0,32,5.316501036981665,1.2246467991473532e-16,-1.0,0,0,0,0,0,0,0,1,0
178.59,13,0,0,64,3,49,5.190676475030645,-0.2588190451025208,-0.9659258262890683,0,0,0,0,1,0,0,0,0
56.99,1,0,0,26,2,45,4.060270581888349,0.25881904510252074,0.9659258262890683,1,0,1,2,0,1,0,0,0
156.56,19,0,0,43,1,54,5.059806338102705,-0.9659258262890684,0.2588190451025203,0,0,0,0,0,0,0,1,0
311.97,13,0,0,92,4,41,5.7461073393012025,-0.2588190451025208,-0.9659258262890683,0,1,0,1,0,0,0,0,1
39.26,13,1,0,47,1,52,3.695358420211645,-0.2588190451025208,-0.9659258262890683,0,0,0,1,0,0,1,0,0
43.73,0,1,0,52,0,44,3.8006444174447567,0.0,1.0,1,0,0,2,0,0,0,1,0
74.32,15,0,0,45,1,18,4.3217457037889515,-0.7071067811865471,-0.7071067811865479,0,0,0,0,1,0,0,0,0
15.13,7,0,0,75,3,49,2.7806808921371178,0.9659258262890683,-0.25881904510252063,0,0,0,0,0,0,0,1,0
35.58,2,0,0,26,2,33,3.5995016429627196,0.49999999999999994,0.8660254037844387,1,0,1,2,1,0,0,0,0
306.51,21,1,0,91,4,30,5.728507607043001,-0.7071067811865477,0.7071067811865474,0,1,0,2,1,0,0,0,0
200.93,10,0,0,40,1,49,5.307921102690732,0.49999999999999994,-0.8660254037844387,0,0,0,0,0,0,1,0,0
666.49,22,0,0,70,1,48,6.503524408888776,-0.5000000000000004,0.8660254037844384,0,0,0,0,0,0,0,1,0
119.95,13,0,0,39,2,55,4.795377237056036,-0.2588190451025208,-0.9659258262890683,0,0,1,1,0,0,0,1,0
361.31,16,0,0,69,2,67,5.892500198955394,-0.8660254037844385,-0.5000000000000004,0,0,0,0,0,0,0,1,0
143.72,13,0,0,74,2,26,4.97480084108704,-0.2588190451025208,-0.9659258262890683,0,0,0,0,0,0,0,1,0
57.8,9,0,0,26,1,26,4.074141854904581,0.7071067811865476,-0.7071067811865475,0,0,1,1,0,0,1,0,0
70.04,12,0,0,91,2,60,4.2632430986839145,1.2246467991473532e-16,-1.0,0,0,0,0,0,0,0,0,1
68.27,9,0,0,26,1,23,4.238011912034514,0.7071067811865476,-0.7071067811865475,0,0,1,1,1,0,0,0,0
186.71,11,0,0,58,1,31,5.2348982186783815,0.258819045102521,-0.9659258262890682,0,0,0,0,0,0,0,1,0
42.32,10,0,0,36,1,44,3.76861442213279,0.49999999999999994,-0.8660254037844387,0,0,1,1,0,0,1,0,0
18.3,19,0,0,25,3,47,2.9601050959108397,-0.9659258262890684,0.2588190451025203,0,0,1,1,0,0,0,0,1
744.48,20,0,0,92,1,52,6.6140283062124645,-0.8660254037844386,0.5000000000000001,0,0,0,0,0,0,0,1,0
79.24,10,0,0,88,2,42,4.38502214365368,0.49999999999999994,-0.8660254037844387,0,0,0,0,1,0,0,0,0
18.19,4,0,0,76,1,29,2.9543893100196086,0.8660254037844386,0.5000000000000001,1,0,0,1,0,0,1,0,0
154.22,16,0,0,38,5,31,5.044843465425993,-0.8660254037844385,-0.5000000000000004,0,1,1,2,0,1,0,0,0
2.19,11,0,0,83,4,20,1.1600209167967532,0.258819045102521,-0.9659258262890682,0,1,0,1,0,0,0,1,0
22.98,16,1,1,64,3,29,3.177220149599368,-0.8660254037844385,-0.5000000000000004,0,0,0,2,0,1,0,0,0
239.74,5,0,1,53,2,54,5.483717512951589,0.9659258262890683,0.25881904510252074,1,0,0,2,0,0,0,1,0
106.41,21,0,0,52,5,24,4.676653287609955,-0.7071067811865477,0.7071067811865474,0,1,0,1,0,0,1,0,0
607.71,3,0,1,25,1,43,6.411341963819016,0.7071067811865476,0.7071067811865476,1,0,1,3,1,0,0,0,0
180.67,10,0,0,65,4,63,5.202191854450653,0.49999999999999994,-0.8660254037844387,0,1,0,1,0,0,0,1,0
162.72,4,0,0,89,2,68,5.098157651624202,0.8660254037844386,0.5000000000000001,1,0,0,1,0,0,0,1,0
251.5,20,0,0,43,2,49,5.531411248715415,-0.8660254037844386,0.5000000000000001,0,0,0,0,0,0,0,0,1
268.09,1,0,0,63,0,59,5.59504589613565,0.25881904510252074,0.9659258262890683,1,0,0,1,1,0,0,0,0
32.01,12,0,0,76,3,32,3.4968105458651015,1.2246467991473532e-16,-1.0,0,0,0,0,0,0,1,0,0
283.73,20,1,0,99,0,41,5.6515413628105104,-0.8660254037844386,0.5000000000000001,0,0,0,1,0,1,0,0,0
18.35,22,0,0,50,4,23,2.962692419475791,-0.5000000000000004,0.8660254037844384,0,1,0,1,0,1,0,0,0
542.61,23,0,0,60,2,48,6.29823207798711,-0.25881904510252157,0.9659258262890681,0,0,0,0,0,0,0,1,0
17.74,20,0,0,45,3,18,2.930660276810276,-0.8660254037844386,0.5000000000000001,0,0,0,0,0,0,0,0,1
615.51,18,0,0,88,4,64,6.424074543073009,-1.0,-1.8369701987210297e-16,0,1,0,1,1,0,0,0,0
145.08,20,0,0,76,1,43,4.984154416846659,-0.8660254037844386,0.5000000000000001,0,0,0,0,0,0,0,1,0
56.74,18,0,0,78,2,22,4.055950174234789,-1.0,-1.8369701987210297e-16,0,0,0,0,0,0,0,0,1
108.84,2,0,1,61,2,62,4.699024761459715,0.49999999999999994,0.8660254037844387,1,0,0,2,0,1,0,0,0
188.53,12,0,0,59,0,49,5.2445473233382085,1.2246467991473532e-16,-1.0,0,0,0,0,0,0,0,0,1
61.87,13,0,0,28,2,31,4.14106910239497,-0.2588190451025208,-0.9659258262890683,0,0,1,1,0,0,0,1,0
420.04,14,1,0,90,2,48,6.042727841045523,-0.4999999999999997,-0.8660254037844388,0,0,0,1,0,0,0,0,1
516.63,15,0,1,99,2,56,6.249260701321615,-0.7071067811865471,-0.7071067811865479,0,0,0,1,0,0,0,1,0
58.8,9,1,0,84,2,35,4.091005660956586,0.7071067811865476,-0.7071067811865475,0,0,0,1,0,0,1,0,0
19.65,8,0,0,57,6,35,3.027715319407042,0.8660254037844387,-0.4999999999999998,0,1,0,1,0,0,0,1,0
192.93,11,0,0,52,3,56,5.26749726920815,0.258819045102521,-0.9659258262890682,0,0,0,0,0,0,0,1,0
297.8,23,0,0,42,2,25,5.699774453258662,-0.25881904510252157,0.9659258262890681,0,0,0,0,0,1,0,0,0
260.18,9,1,0,83,3,33,5.5652098247922615,0.7071067811865476,-0.7071067811865475,0,0,0,1,0,0,1,0,0
299.06,22,0,0,78,1,36,5.703982454658868,-0.5000000000000004,0.8660254037844384,0,0,0,0,0,0,0,1,0
158.84,0,0,0,97,2,52,5.074173314900244,0.0,1.0,1,0,0,1,0,0,0,0,1
272.93,1,0,0,44,1,55,5.612872599296359,0.25881904510252074,0.9659258262890683,1,0,0,1,0,0,0,0,1
169.85,6,0,0,58,2,21,5.140785978561301,1.0,6.123233995736766e-17,0,0,0,0,0,0,0,1,0
300.0,4,0,0,88,5,63,5.707110264748875,0.8660254037844386,0.5000000000000001,1,1,0,2,0,0,0,1,0
41.08,16,0,0,67,1,25,3.7395725684294545,-0.8660254037844385,-0.5000000000000004,0,0,0,0,0,0,1,0,0
250.38,4,0,0,79,1,25,5.526965738496691,0.8660254037844386,0.5000000000000001,1,0,0,1,0,1,0,0,0
470.89,8,0,0,52,1,28,6.156745907577529,0.8660254037844387,-0.4999999999999998,0,0,0,0,0,0,0,1,0
180.95,22,0,1,49,2,32,5.203731924058169,-0.5000000000000004,0.8660254037844384,0,0,0,1,1,0,0,0,0
148.94,17,0,0,87,3,67,5.010235214074916,-0.9659258262890683,-0.25881904510252063,0,0,0,0,0,0,1,0,0
0.79,12,0,0,51,1,38,0.5822156198526637,1.2246467991473532e-16,-1.0,0,0,0,0,0,0,0,0,1
45.61,4,0,0,30,3,59,3.8418151103846494,0.8660254037844386,0.5000000000000001,1,0,1,2,0,1,0,0,0
154.83,20,0,0,53,2,66,5.048765669457524,-0.8660254037844386,0.5000000000000001,0,0,0,0,0,0,0,1,0
70.57,20,1,0,79,0,20,4.270675991750506,-0.8660254037844386,0.5000000000000001,0,0,0,1,1,0,0,0,0
556.75,18,0,0,64,3,23,6.323910833312642,-1.0,-1.8369701987210297e-16,0,0,0,0,0,1,0,0,0
670.34,17,0,0,54,2,68,6.509275715047685,-0.9659258262890683,-0.25881904510252063,0,0,0,0,0,0,0,1,0
106.7,2,0,0,25,3,19,4.679349584162343,0.49999999999999994,0.8660254037844387,1,0,1,2,0,1,0,0,0
12.08,8,0,0,71,1,46,2.5710843460290524,0.8660254037844387,-0.4999999999999998,0,0,0,0,0,0,1,0,0
242.83,5,0,0,34,3,63,5.49647126115864,0.9659258262890683,0.25881904510252074,1,0,1,2,0,0,0,0,1
268.9,12,0,1,45,1,29,5.598051520023959,1.2246467991473532e-16,-1.0,0,0,0,1,0,0,0,1,0
146.34,23,1,0,98,1,42,4.9927428412546675,-0.25881904510252157,0.9659258262890681,0,0,0,1,1,0,0,0,0
7.04,3,0,0,80,0,46,2.0844290831908747,0.7071067811865476,0.7071067811865476,1,0,0,1,0,1,0,0,0
31.02,21,0,0,95,3,66,3.4663607075685685,-0.7071067811865477,0.7071067811865474,0,0,0,0,1,0,0,0,0
162.01,13,0,0,70,3,39,5.0938115486181985,-0.2588190451025208,-0.9659258262890683,0,0,0,0,0,0,0,1,0
9.55,17,0,0,46,3,29,2.3561258599220753,-0.9659258262890683,-0.25881904510252063,0,0,0,0,0,0,0,0,1
65.87,7,0,0,60,0,47,4.202750436065887,0.9659258262890683,-0.25881904510252063,0,0,0,0,0,0,1,0,0
18.64,22,0,0,59,3,51,2.97756830292632,-0.5000000000000004,0.8660254037844384,0,0,0,0,1,0,0,0,0
5.33,22,0,0,47,0,45,1.8453002361560848,-0.5000000000000004,0.8660254037844384,0,0,0,0,0,0,0,1,0
4.43,7,0,0,38,1,56,1.691939133945844,0.9659258262890683,-0.25881904510252063,0,0,1,1,0,0,1,0,0
168.26,5,1,0,78,3,55,5.13143599424196,0.9659258262890683,0.25881904510252074,1,0,0,2,0,0,0,1,0
78.93,12,1,0,91,1,28,4.381151251637927,1.2246467991473532e-16,-1.0,0,0,0,1,0,1,0,0,0
302.88,20,0,0,31,1,18,5.716632886635021,-0.8660254037844386,0.5000000000000001,0,0,1,1,0,0,0,0,1
82.75,22,0,0,30,1,19,4.427836170705175,-0.5000000000000004,0.8660254037844384,0,0,1,1,1,0,0,0,0
200.98,10,0,0,56,4,68,5.308168682598411,0.49999999999999994,-0.8660254037844387,0,1,0,1,0,0,0,0,1
219.55,12,0,0,34,0,66,5.396124426550949,1.2246467991473532e-16,-1.0,0,0,1,1,0,0,0,1,0
17.46,22,0,0,92,1,34,2.9156062290747062,-0.5000000000000004,0.8660254037844384,0,0,0,0,0,0,0,1,0
93.65,18,0,0,28,3,51,4.550185877655332,-1.0,-1.8369701987210297e-16,0,0,1,1,0,0,1,0,0
31.02,18,0,1,63,0,46,3.4663607075685685,-1.0,-1.8369701987210297e-16,0,0,0,1,0,0,0,0,1
25.9,2,0,0,26,3,26,3.292126286607793,0.49999999999999994,0.8660254037844387,1,0,1,2,0,0,0,1,0
287.48,11,0,1,94,0,24,5.664625759455007,0.258819045102521,-0.9659258262890682,0,0,0,1,0,0,1,0,0
91.23,2,0,0,33,2,36,4.524285457247627,0.49999999999999994,0.8660254037844387,1,0,1,2,0,0,0,1,0
90.91,11,0,0,95,3,48,4.5208098373700185,0.258819045102521,-0.9659258262890682,0,0,0,0,0,1,0,0,0
71.19,13,0,0,81,2,18,4.279301532151069,-0.2588190451025208,-0.9659258262890683,0,0,0,0,0,0,0,0,1
677.45,7,0,0,96,1,51,6.519810784591962,0.9659258262890683,-0.25881904510252063,0,0,0,0,0,1,0,0,0
122.35,17,0,0,92,3,61,4.815025842975365,-0.9659258262890683,-0.25881904510252063,0,0,0,0,0,0,0,1,0
115.37,2,0,0,79,1,27,4.756774770119986,0.49999999999999994,0.8660254037844387,1,0,0,1,1,0,0,0,0
7.33,22,0,0,77,3,59,2.1198634561787513,-0.5000000000000004,0.8660254037844384,0,0,0,0,0,1,0,0,0
197.76,4,0,0,86,0,48,5.29209806673412,0.8660254037844386,0.5000000000000001,1,0,0,1,0,0,0,0,1
60.53,1,0,0,60,0,47,4.119524860752399,0.25881904510252074,0.9659258262890683,1,0,0,1,0,0,0,0,1
67.54,8,0,0,74,2,56,4.2274175164464625,0.8660254037844387,-0.4999999999999998,0,0,0,0,0,0,0,1,0
75.08,17,0,0,87,4,36,4.331785418237135,-0.9659258262890683,-0.25881904510252063,0,1,0,1,0,0,0,0,1
362.82,4,0,0,36,1,22,5.8966592398340705,0.8660254037844386,0.5000000000000001,1,0,1,2,0,0,0,1,0
229.16,20,0,0,49,0,69,5.438774719243292,-0.8660254037844386,0.5000000000000001,0,0,0,0,0,1,0,0,0
493.46,23,1,0,43,3,69,6.203466258003347,-0.25881904510252157,0.9659258262890681,0,0,0,1,1,0,0,0,0
117.98,5,1,0,89,0,45,4.7789554117597595,0.9659258262890683,0.25881904510252074,1,0,0,2,0,1,0,0,0
64.82,0,0,0,54,2,53,4.186923743515194,0.0,1.0,1,0,0,1,0,1,0,0,0
220.98,10,0,0,65,1,54,5.402587287723834,0.49999999999999994,-0.8660254037844387,0,0,0,0,1,0,0,0,0
35.87,20,0,0,49,2,69,3.607398212246053,-0.8660254037844386,0.5000000000000001,0,0,0,0,0,0,1,0,0
177.14,15,0,1,77,4,22,5.182569758003724,-0.7071067811865471,-0.7071067811865479,0,1,0,2,0,0,1,0,0
220.04,4,0,0,80,2,57,5.398343680615161,0.8660254037844386,0.5000000000000001,1,0,0,1,0,0,1,0,0
1.65,18,0,1,25,0,22,0.9745596399981308,-1.0,-1.8369701987210297e-16,0,0,1,2,0,1,0,0,0
34.96,14,0,0,79,1,38,3.5824072096034194,-0.4999999999999997,-0.8660254037844388,0,0,0,0,0,0,0,1,0
73.3,0,0,0,70,0,59,4.308110951723713,0.0,1.0,1,0,0,1,0,0,0,1,0
311.3,11,1,1,43,3,39,5.7439642642890325,0.258819045102521,-0.9659258262890682,0,0,0,2,0,1,0,0,0
186.83,16,1,0,28,0,38,5.235537298425329,-0.8660254037844385,-0.5000000000000004,0,0,1,2,0,0,0,1,0
48.21,22,0,0,80,2,32,3.8960968548778867,-0.5000000000000004,0.8660254037844384,0,0,0,0,0,0,0,0,1
60.61,15,0,0,88,4,22,4.120824195026479,-0.7071067811865471,-0.7071067811865479,0,1,0,1,0,0,0,1,0
443.43,2,0,0,67,3,62,6.096792562237672,0.49999999999999994,0.8660254037844387,1,0,0,1,1,0,0,0,0
55.65,9,0,0,51,2,63,4.036891987474015,0.7071067811865476,-0.7071067811865475,0,0,0,0,0,0,1,0,0
146.47,19,0,0,50,0,45,4.993624765262849,-0.9659258262890684,0.2588190451025203,0,0,0,0,0,0,0,0,1
266.78,10,0,0,63,2,29,5.590165747869233,0.49999999999999994,-0.8660254037844387,0,0,0,0,0,0,1,0,0
460.34,22,0,0,88,3,51,6.134135298272144,-0.5000000000000004,0.8660254037844384,0,0,0,0,0,0,0,1,0
216.43,6,0,0,75,3,37,5.381876959646967,1.0,6.123233995736766e-17,0,0,0,0,1,0,0,0,0
184.96,19,0,0,71,2,18,5.225531596822384,-0.9659258262890684,0.2588190451025203,0,0,0,0,0,0,1,0,0
378.42,7,0,0,45,0,53,5.9386437709244,0.9659258262890683,-0.25881904510252063,0,0,0,0,0,1,0,0,0
15.32,15,0,0,55,0,51,2.792391349535961,-0.7071067811865471,-0.7071067811865479,0,0,0,0,1,0,0,0,0
153.72,22,0,0,96,3,64,5.041617031704984,-0.5000000000000004,0.8660254037844384,0,0,0,0,1,0,0,0,0
499.66,4,1,0,89,2,19,6.2159272279880895,0.8660254037844386,0.5000000000000001,1,0,0,2,0,1,0,0,0
196.81,12,0,0,45,1,31,5.2873069740279846,1.2246467991473532e-16,-1.0,0,0,0,0,0,0,1,0,0
83.35,0,1,0,30,2,52,4.434974808991977,0.0,1.0,1,0,1,3,0,0,0,1,0
137.53,3,0,0,94,2,46,4.931086908669788,0.7071067811865476,0.7071067811865476,1,0,0,1,1,0,0,0,0
165.34,22,0,0,57,1,40,5.1140338864405415,-0.5000000000000004,0.8660254037844384,0,0,0,0,1,0,0,0,0
350.91,22,0,0,99,4,37,5.863375461087746,-0.5000000000000004,0.8660254037844384,0,1,0,1,0,0,1,0,0
56.85,20,0,0,27,4,27,4.0578534536396855,-0.8660254037844386,0.5000000000000001,0,1,1,2,1,0,0,0,0
104.64,12,0,0,26,3,51,4.660037087428932,1.2246467991473532e-16,-1.0,0,0,1,1,0,0,0,1,0
69.68,19,0,0,71,2,65,4.2581626474514955,-0.9659258262890684,0.2588190451025203,0,0,0,0,0,0,0,1,0
34.58,9,0,0,78,1,49,3.571783682237689,0.7071067811865476,-0.7071067811865475,0,0,0,0,0,1,0,0,0
157.58,13,0,0,85,1,64,5.066259197844253,-0.2588190451025208,-0.9659258262890683,0,0,0,0,0,1,0,0,0
17.59,10,0,0,31,1,34,2.922623801733353,0.49999999999999994,-0.8660254037844387,0,0,1,1,0,0,1,0,0
20.65,2,1,0,94,0,48,3.075005454448499,0.49999999999999994,0.8660254037844387,1,0,0,2,0,0,1,0,0
88.33,12,0,1,99,2,33,4.492337377713747,1.2246467991473532e-16,-1.0,0,0,0,1,0,0,0,0,1
197.6,0,0,0,37,4,39,5.291292751611072,0.0,1.0,1,1,1,3,0,0,1,0,0
14.89,23,0,0,40,3,63,2.7656899805486246,-0.25881904510252157,0.9659258262890681,0,0,0,0,0,0,0,1,0
43.44,18,0,0,65,1,55,3.7941399647714293,-1.0,-1.8369701987210297e-16,0,0,0,0,0,1,0,0,0
34.4,3,0,0,89,3,32,3.5667118201397288,0.7071067811865476,0.7071067811865476,1,0,0,1,0,0,0,0,1
24.74,17,0,0,49,2,63,3.2480462021679806,-0.9659258262890683,-0.25881904510252063,0,0,0,0,1,0,0,0,0
75.15,18,0,0,98,2,69,4.332705079341171,-1.0,-1.8369701987210297e-16,0,0,0,0,0,1,0,0,0
315.66,8,0,0,49,2,64,5.757828643073288,0.8660254037844387,-0.4999999999999998,0,0,0,0,0,0,0,0,1
121.82,9,0,0,33,4,30,4.810719868901253,0.7071067811865476,-0.7071067811865475,0,1,1,2,0,0,1,0,0
320.85,18,0,0,50,2,32,5.774085598498625,-1.0,-1.8369701987210297e-16,0,0,0,0,0,1,0,0,0
442.33,22,1,0,38,1,31,6.094314413722431,-0.5000000000000004,0.8660254037844384,0,0,1,2,0,0,0,0,1
279.72,19,0,0,55,0,24,5.637357731274959,-0.9659258262890684,0.2588190451025203,0,0,0,0,0,1,0,0,0
188.86,0,0,0,29,1,47,5.246286958453653,0.0,1.0,1,0,1,2,0,0,0,1,0
785.57,11,1,0,74,1,66,6.667681720445081,0.258819045102521,-0.9659258262890682,0,0,0,1,0,0,0,0,1
248.79,19,0,0,41,2,44,5.520620564864553,-0.9659258262890684,0.2588190451025203,0,0,0,0,0,0,0,0,1
1.64,17,0,0,54,2,61,0.9707789171582248,-0.9659258262890683,-0.25881904510252063,0,0,0,0,0,1,0,0,0
91.38,7,1,0,67,1,49,4.525910505002459,0.9659258262890683,-0.25881904510252063,0,0,0,1,0,0,0,1,0
89.7,18,0,0,85,0,55,4.507557357121091,-1.0,-1.8369701987210297e-16,0,0,0,0,1,0,0,0,0
171.91,9,0,0,44,0,58,5.152771227916698,0.7071067811865476,-0.7071067811865475,0,0,0,0,0,0,0,0,1
82.04,20,0,1,93,1,57,4.419322419417578,-0.8660254037844386,0.5000000000000001,0,0,0,1,0,0,0,1,0
47.37,18,1,0,26,2,24,3.878879786834892,-1.0,-1.8369701987210297e-16,0,0,1,2,0,1,0,0,0
611.63,4,0,0,45,0,62,6.4177611647960795,0.8660254037844386,0.5000000000000001,1,0,0,1,0,0,0,0,1
20.87,20,0,0,82,3,34,3.0851158346886765,-0.8660254037844386,0.5000000000000001,0,0,0,0,1,0,0,0,0
18.12,20,0,0,39,5,58,2.9507349076232554,-0.8660254037844386,0.5000000000000001,0,1,1,2,0,0,1,0,0
62.68,1,0,0,60,2,58,4.1538705415361274,0.25881904510252074,0.9659258262890683,1,0,0,1,1,0,0,0,0
35.65,16,0,0,56,2,34,3.6014134283326604,-0.8660254037844385,-0.5000000000000004,0,0,0,0,0,0,0,0,1
86.16,19,0,0,54,1,62,4.467745510076419,-0.9659258262890684,0.2588190451025203,0,0,0,0,0,0,0,0,1
103.1,9,0,0,40,4,28,4.645351975620923,0.7071067811865476,-0.7071067811865475,0,1,0,1,0,0,1,0,0
203.13,9,1,0,73,2,63,5.3187570457854925,0.7071067811865476,-0.7071067811865475,0,0,0,1,0,1,0,0,0
337.39,19,0,0,71,3,36,5.824199076468011,-0.9659258262890684,0.2588190451025203,0,0,0,0,1,0,0,0,0
367.27,14,0,0,84,2,24,5.908816364798029,-0.4999999999999997,-0.8660254037844388,0,0,0,0,0,0,1,0,0
316.36,11,0,0,25,3,29,5.760036776206075,0.258819045102521,-0.9659258262890682,0,0,1,1,0,0,0,0,1
147.63,18,0,0,59,4,41,5.001459996160803,-1.0,-1.8369701987210297e-16,0,1,0,1,0,0,1,0,0
200.16,2,0,0,53,1,43,5.304100611303764,0.49999999999999994,0.8660254037844387,1,0,0,1,0,0,0,1,0
38.77,15,0,0,45,5,46,3.6831128592195994,-0.7071067811865471,-0.7071067811865479,0,1,0,1,1,0,0,0,0
21.3,3,0,0,91,2,68,3.104586678466073,0.7071067811865476,0.7071067811865476,1,0,0,1,1,0,0,0,0
121.84,15,0,0,87,1,49,4.810882695572622,-0.7071067811865471,-0.7071067811865479,0,0,0,0,1,0,0,0,0
49.98,12,0,0,45,2,68,3.9314333989479695,1.2246467991473532e-16,-1.0,0,0,0,0,0,0,0,0,1
372.04,3,0,0,26,1,43,5.921685652500066,0.7071067811865476,0.7071067811865476,1,0,1,2,1,0,0,0,0
745.27,11,0,0,86,3,66,6.615087465017697,0.258819045102521,-0.9659258262890682,0,0,0,0,0,0,0,0,1
96.99,23,0,0,52,4,34,4.584865432647727,-0.25881904510252157,0.9659258262890681,0,1,0,1,0,0,0,1,0
160.59,14,0,0,96,0,39,5.085062262984157,-0.4999999999999997,-0.8660254037844388,0,0,0,0,0,0,0,1,0
326.93,17,0,0,52,1,47,5.7928001709738535,-0.9659258262890683,-0.25881904510252063,0,0,0,0,1,0,0,0,0
67.24,11,0,0,67,2,41,4.223030903183424,0.258819045102521,-0.9659258262890682,0,0,0,0,0,0,1,0,0
531.25,17,0,0,75,1,56,6.2771133037735884,-0.9659258262890683,-0.25881904510252063,0,0,0,0,0,0,0,0,1
134.06,9,0,0,41,4,63,4.905719124146696,0.7071067811865476,-0.7071067811865475,0,1,0,1,0,0,0,0,1
334.67,18,0,1,28,3,66,5.816128534487739,-1.0,-1.8369701987210297e-16,0,0,1,2,0,0,0,1,0
232.22,12,0,1,44,1,52,5.451982214092187,1.2246467991473532e-16,-1.0,0,0,0,1,1,0,0,0,0
105.38,14,0,1,56,1,58,4.667017589314171,-0.4999999999999997,-0.8660254037844388,0,0,0,1,1,0,0,0,0
1004.26,23,1,0,90,3,30,6.91300149350209,-0.25881904510252157,0.9659258262890681,0,0,0,1,1,0,0,0,0
33.82,2,0,0,82,1,21,3.550191934340043,0.49999999999999994,0.8660254037844387,1,0,0,1,0,0,0,1,0
304.66,20,0,0,47,4,29,5.722473373099691,-0.8660254037844386,0.5000000000000001,0,1,0,1,0,1,0,0,0
80.15,14,0,1,38,4,23,4.396299293960601,-0.4999999999999997,-0.8660254037844388,0,1,1,3,0,1,0,0,0
226.68,3,0,0,75,0,27,5.427941134341542,0.7071067811865476,0.7071067811865476,1,0,0,1,1,0,0,0,0
167.61,1,0,1,91,0,28,5.127588355789889,0.25881904510252074,0.9659258262890683,1,0,0,2,0,0,0,0,1
147.96,17,0,0,65,5,28,5.003677813528757,-0.9659258262890683,-0.25881904510252063,0,1,0,1,0,0,1,0,0
98.87,19,0,0,37,1,29,4.603869340255043,-0.9659258262890684,0.2588190451025203,0,0,1,1,0,0,0,0,1
40.54,14,0,1,42,2,59,3.726656818447966,-0.4999999999999997,-0.8660254037844388,0,0,0,1,0,0,0,1,0
269.19,3,0,0,27,1,47,5.599125415218723,0.7071067811865476,0.7071067811865476,1,0,1,2,0,0,0,1,0
295.8,22,0,0,80,6,52,5.693058511293225,-0.5000000000000004,0.8660254037844384,0,1,0,1,0,1,0,0,0
5.7,3,0,0,81,4,64,1.9021075263969205,0.7071067811865476,0.7071067811865476,1,1,0,2,1,0,0,0,0
432.34,7,0,0,70,0,51,6.071522639278561,0.9659258262890683,-0.25881904510252063,0,0,0,0,1,0,0,0,0
155.14,14,0,0,56,0,48,5.050753040692145,-0.4999999999999997,-0.8660254037844388,0,0,0,0,0,0,1,0,0
35.97,20,0,0,47,2,49,3.6101067729485403,-0.8660254037844386,0.5000000000000001,0,0,0,0,1,0,0,0,0
515.59,13,0,0,60,1,67,6.247249523137954,-0.2588190451025208,-0.9659258262890683,0,0,0,0,0,0,0,0,1
82.99,19,0,0,30,4,39,4.430697744137536,-0.9659258262890684,0.2588190451025203,0,1,1,2,0,1,0,0,0
49.84,23,0,0,72,2,18,3.928683446321253,-0.25881904510252157,0.9659258262890681,0,0,0,0,0,0,0,0,1
157.49,18,0,0,98,3,23,5.065691499844334,-1.0,-1.8369701987210297e-16,0,0,0,0,0,0,0,1,0
386.63,19,1,0,39,5,63,5.960051276402239,-0.9659258262890684,0.2588190451025203,0,1,1,3,0,0,0,0,1
662.28,23,1,0,29,3,35,6.497197223807963,-0.25881904510252157,0.9659258262890681,0,0,1,2,1,0,0,0,0
217.9,18,0,0,27,1,29,5.388615004528817,-1.0,-1.8369701987210297e-16,0,0,1,1,0,0,0,1,0
104.09,19,0,0,85,1,65,4.654817125877505,-0.9659258262890684,0.2588190451025203,0,0,0,0,0,1,0,0,0
300.71,12,0,0,69,2,63,5.709466291124499,1.2246467991473532e-16,-1.0,0,0,0,0,0,0,1,0,0
50.99,14,1,0,48,1,59,3.9510513923956245,-0.4999999999999997,-0.8660254037844388,0,0,0,1,0,0,1,0,0
401.74,5,0,0,37,3,41,5.998291192450259,0.9659258262890683,0.25881904510252074,1,0,1,2,0,0,0,0,1
768.26,22,0,0,83,2,58,6.645429013792664,-0.5000000000000004,0.8660254037844384,0,0,0,0,0,0,0,0,1
71.75,16,0,0,66,1,61,4.287028906051602,-0.8660254037844385,-0.5000000000000004,0,0,0,0,1,0,0,0,0
19.86,12,1,0,26,3,66,3.0378334495726262,1.2246467991473532e-16,-1.0,0,0,1,2,1,0,0,0,0
227.38,12,1,0,86,1,38,5.431010908273502,1.2246467991473532e-16,-1.0,0,0,0,1,1,0,0,0,0
20.06,5,0,1,32,3,61,3.0473755067058295,0.9659258262890683,0.25881904510252074,1,0,1,3,1,0,0,0,0
101.75,9,0,0,98,6,62,4.632298853376344,0.7071067811865476,-0.7071067811865475,0,1,0,1,0,0,1,0,0
65.03,23,1,0,80,2,32,4.19010918420648,-0.25881904510252157,0.9659258262890681,0,0,0,1,0,0,0,0,1
47.89,15,0,0,90,3,58,3.889572876590554,-0.7071067811865471,-0.7071067811865479,0,0,0,0,0,0,1,0,0
99.34,10,0,0,79,0,43,4.608564419056107,0.49999999999999994,-0.8660254037844387,0,0,0,0,0,0,0,0,1
116.48,13,0,0,86,3,53,4.766268106330419,-0.2588190451025208,-0.9659258262890683,0,0,0,0,0,1,0,0,0
107.8,21,0,0,46,1,60,4.689511334421843,-0.7071067811865477,0.7071067811865474,0,0,0,0,0,1,0,0,0
270.95,21,0,0,88,1,59,5.6056182258689695,-0.7071067811865477,0.7071067811865474,0,0,0,0,0,0,1,0,0
274.51,2,0,0,61,5,21,5.618623925574879,0.49999999999999994,0.8660254037844387,1,1,0,2,0,1,0,0,0
108.22,16,0,0,85,2,38,4.693364196724008,-0.8660254037844385,-0.5000000000000004,0,0,0,0,0,0,0,0,1
241.06,4,0,1,85,2,55,5.489185629310458,0.8660254037844386,0.5000000000000001,1,0,0,2,0,0,0,0,1
216.3,4,0,0,43,2,61,5.381278887262384,0.8660254037844386,0.5000000000000001,1,0,0,1,0,1,0,0,0
33.0,18,0,0,81,0,44,3.5263605246161616,-1.0,-1.8369701987210297e-16,0,0,0,0,0,0,1,0,0
372.97,22,0,0,25,1,60,5.924175580293482,-0.5000000000000004,0.8660254037844384,0,0,1,1,1,0,0,0,0
257.45,15,0,0,94,1,24,5.554702251642048,-0.7071067811865471,-0.7071067811865479,0,0,0,0,1,0,0,0,0
427.5,2,0,0,88,2,67,6.060290738037835,0.49999999999999994,0.8660254037844387,1,0,0,1,0,0,0,1,0
34.39,7,0,0,94,2,46,3.566429294357372,0.9659258262890683,-0.25881904510252063,0,0,0,0,0,0,0,0,1
195.08,12,0,1,71,3,62,5.2785227392198575,1.2246467991473532e-16,-1.0,0,0,0,1,0,0,0,0,1
113.16,6,0,0,43,2,49,4.737600973168581,1.0,6.123233995736766e-17,0,0,0,0,1,0,0,0,0
43.51,16,0,0,73,3,35,3.795713883027763,-0.8660254037844385,-0.5000000000000004,0,0,0,0,0,0,0,0,1
525.63,8,0,1,25,4,52,6.266498214676136,0.8660254037844387,-0.4999999999999998,0,1,1,3,0,0,1,0,0
72.51,17,0,0,52,2,29,4.297421451385996,-0.9659258262890683,-0.25881904510252063,0,0,0,0,0,0,0,1,0
4.81,1,0,0,85,0,35,1.7595805708638197,0.25881904510252074,0.9659258262890683,1,0,0,1,1,0,0,0,0
17.96,18,0,0,49,1,43,2.942331496826876,-1.0,-1.8369701987210297e-16,0,0,0,0,0,1,0,0,0
67.78,23,0,0,43,2,32,4.23091300500412,-0.25881904510252157,0.9659258262890681,0,0,0,0,0,0,1,0,0
332.76,16,0,0,76,1,41,5.810422171812408,-0.8660254037844385,-0.5000000000000004,0,0,0,0,0,1,0,0,0
16.87,14,0,0,79,0,69,2.8831233291713367,-0.4999999999999997,-0.8660254037844388,0,0,0,0,0,1,0,0,0
48.75,12,0,0,53,1,26,3.907010463604602,1.2246467991473532e-16,-1.0,0,0,0,0,0,1,0,0,0
115.45,8,0,0,39,5,43,4.75746199633035,0.8660254037844387,-0.4999999999999998,0,1,1,2,0,0,0,1,0
11.62,22,0,0,75,1,46,2.5352828571130672,-0.5000000000000004,0.8660254037844384,0,0,0,0,0,0,0,1,0
268.22,15,0,0,72,1,18,5.595528889215947,-0.7071067811865471,-0.7071067811865479,0,0,0,0,0,0,1,0,0
24.97,23,0,0,63,0,44,3.256942025674657,-0.25881904510252157,0.9659258262890681,0,0,0,0,0,0,1,0,0
155.64,18,0,0,74,3,58,5.0539501787822,-1.0,-1.8369701987210297e-16,0,0,0,0,0,0,0,1,0
56.4,20,0,0,33,3,35,4.050044303325521,-0.8660254037844386,0.5000000000000001,0,0,1,1,0,0,1,0,0
24.27,11,0,0,90,1,43,3.2296179214001026,0.258819045102521,-0.9659258262890682,0,0,0,0,1,0,0,0,0
108.19,21,0,1,43,3,60,4.6930894840259745,-0.7071067811865477,0.7071067811865474,0,0,0,1,1,0,0,0,0
22.17,1,0,0,92,1,32,3.142858338444285,0.25881904510252074,0.9659258262890683,1,0,0,1,0,1,0,0,0
127.28,1,1,0,63,0,38,4.854215374824954,0.25881904510252074,0.9659258262890683,1,0,0,2,0,0,0,1,0
81.49,16,0,0,48,0,43,4.41267707387264,-0.8660254037844385,-0.5000000000000004,0,0,0,0,1,0,0,0,0
100.39,8,0,0,61,2,32,4.618974466964488,0.8660254037844387,-0.4999999999999998,0,0,0,0,0,0,0,1,0
91.66,8,0,0,88,1,28,4.528936879988502,0.8660254037844387,-0.4999999999999998,0,0,0,0,0,0,1,0,0
52.6,19,0,0,56,4,55,3.9815490680767565,-0.9659258262890684,0.2588190451025203,0,1,0,1,0,0,0,1,0
42.66,21,0,0,26,2,31,3.7764323511217976,-0.7071067811865477,0.7071067811865474,0,0,1,1,0,0,1,0,0
11.82,2,0,0,29,1,21,2.551006451492524,0.49999999999999994,0.8660254037844387,1,0,1,2,0,0,0,0,1
129.02,8,1,0,43,2,46,4.867688284776323,0.8660254037844387,-0.4999999999999998,0,0,0,1,0,0,1,0,0
200.42,21,0,1,93,1,53,5.305392280219999,-0.7071067811865477,0.7071067811865474,0,0,0,1,0,0,1,0,0
16.21,3,0,0,44,3,64,2.845490610223448,0.7071067811865476,0.7071067811865476,1,0,0,1,0,1,0,0,0
39.48,8,0,0,67,2,61,3.70080802497921,0.8660254037844387,-0.4999999999999998,0,0,0,0,0,0,1,0,0
351.78,12,1,0,61,3,18,5.865844633183331,1.2246467991473532e-16,-1.0,0,0,0,1,0,0,0,0,1
96.76,9,0,0,65,0,26,4.582515495423285,0.7071067811865476,-0.7071067811865475,0,0,0,0,0,0,1,0,0
10.49,20,0,0,60,2,42,2.4414770918606643,-0.8660254037844386,0.5000000000000001,0,0,0,0,0,0,0,1,0
50.67,23,0,0,39,1,65,3.9448773422990935,-0.25881904510252157,0.9659258262890681,0,0,1,1,0,0,1,0,0
66.67,13,0,0,86,3,67,4.2146429502441345,-0.2588190451025208,-0.9659258262890683,0,0,0,0,0,1,0,0,0
8.35,14,0,0,46,0,28,2.2353763433005955,-0.4999999999999997,-0.8660254037844388,0,0,0,0,0,0,0,1,0
62.78,18,0,0,49,0,43,4.155439661581911,-1.0,-1.8369701987210297e-16,0,0,0,0,1,0,0,0,0
59.39,14,0,0,76,1,25,4.10082352831981,-0.4999999999999997,-0.8660254037844388,0,0,0,0,1,0,0,0,0
54.21,11,0,0,26,3,69,4.011144096295953,0.258819045102521,-0.9659258262890682,0,0,1,1,0,0,1,0,0
205.16,19,0,0,56,2,58,5.328652566344109,-0.9659258262890684,0.2588190451025203,0,0,0,0,0,0,0,1,0
384.56,6,0,0,32,1,26,5.954696822915768,1.0,6.123233995736766e-17,0,0,1,1,0,0,0,0,1
205.12,2,0,0,26,5,45,5.328458523460023,0.49999999999999994,0.8660254037844387,1,1,1,3,0,0,0,0,1
16.82,13,0,0,33,1,53,2.8803214220426634,-0.2588190451025208,-0.9659258262890683,0,0,1,1,1,0,0,0,0
200.51,16,0,1,40,3,34,5.305839007946883,-0.8660254037844385,-0.5000000000000004,0,0,0,1,0,0,0,0,1
107.09,8,0,1,83,4,58,4.682964213428112,0.8660254037844387,-0.4999999999999998,0,1,0,2,0,1,0,0,0
1.33,11,0,0,70,1,40,0.8458682675776092,0.258819045102521,-0.9659258262890682,0,0,0,0,0,0,0,1,0
122.39,20,0,0,66,1,29,4.815350070910442,-0.8660254037844386,0.5000000000000001,0,0,0,0,1,0,0,0,0
109.61,23,0,0,99,2,35,4.706010500914163,-0.25881904510252157,0.9659258262890681,0,0,0,0,0,0,1,0,0
234.87,7,0,0,33,3,18,5.463280805795784,0.9659258262890683,-0.25881904510252063,0,0,1,1,0,1,0,0,0
46.23,11,1,0,34,3,58,3.8550292839080256,0.258819045102521,-0.9659258262890682,0,0,1,2,0,0,0,1,0
56.35,19,0,0,97,2,39,4.04917284357538,-0.9659258262890684,0.2588190451025203,0,0,0,0,0,0,0,1,0
107.7,22,0,0,95,5,39,4.688591794127164,-0.5000000000000004,0.8660254037844384,0,1,0,1,0,1,0,0,0
156.85,9,0,0,59,2,34,5.061645215004001,0.7071067811865476,-0.7071067811865475,0,0,0,0,0,0,0,1,0
140.42,1,0,0,43,2,46,4.951734186176095,0.25881904510252074,0.9659258262890683,1,0,0,1,0,0,0,0,1
12.64,4,0,0,29,2,36,2.613006652415316,0.8660254037844386,0.5000000000000001,1,0,1,2,0,1,0,0,0
24.35,16,0,0,66,4,22,3.232778730037192,-0.8660254037844385,-0.5000000000000004,0,1,0,1,0,0,1,0,0
350.79,23,0,0,51,2,41,5.863034406657839,-0.25881904510252157,0.9659258262890681,0,0,0,0,0,1,0,0,0
79.02,0,0,0,39,2,21,4.382276603429089,0.0,1.0,1,0,1,2,1,0,0,0,0
488.38,21,0,0,67,2,63,6.193139283806539,-0.7071067811865477,0.7071067811865474,0,0,0,0,1,0,0,0,0
41.29,12,0,0,60,0,52,3.7445506514843974,1.2246467991473532e-16,-1.0,0,0,0,0,0,0,0,1,0
88.03,18,0,0,51,1,22,4.48897339158558,-1.0,-1.8369701987210297e-16,0,0,0,0,1,0,0,0,0
75.62,3,0,0,88,1,26,4.338858139272503,0.7071067811865476,0.7071067811865476,1,0,0,1,0,0,0,1,0
232.0,14,0,0,39,1,40,5.4510384535657,-0.4999999999999997,-0.8660254037844388,0,0,1,1,1,0,0,0,0
740.75,1,0,0,73,3,25,6.609012259170931,0.25881904510252074,0.9659258262890683,1,0,0,1,0,0,1,0,0
32.79,6,0,0,35,1,44,3.5201649007261984,1.0,6.123233995736766e-17,0,0,1,1,0,1,0,0,0
98.58,16,0,0,34,0,18,4.600961341214036,-0.8660254037844385,-0.5000000000000004,0,0,1,1,0,0,0,1,0
180.52,8,0,0,54,2,68,5.201365840471587,0.8660254037844387,-0.4999999999999998,0,0,0,0,1,0,0,0,0
53.7,1,0,0,26,3,23,4.001863709427935,0.25881904510252074,0.9659258262890683,1,0,1,2,0,1,0,0,0
429.16,5,0,0,73,2,46,6.064157232501422,0.9659258262890683,0.25881904510252074,1,0,0,1,0,0,0,0,1
809.75,8,0,0,87,1,35,6.697959745187427,0.8660254037844387,-0.4999999999999998,0,0,0,0,0,0,0,0,1
135.69,5,0,0,76,0,69,4.917715588164562,0.9659258262890683,0.25881904510252074,1,0,0,1,0,0,1,0,0
78.87,5,0,0,78,2,34,4.380400312929297,0.9659258262890683,0.25881904510252074,1,0,0,1,1,0,0,0,0
128.97,21,0,0,98,1,25,4.867303654593497,-0.7071067811865477,0.7071067811865474,0,0,0,0,0,1,0,0,0
35.4,5,1,0,39,2,33,3.594568774642695,0.9659258262890683,0.25881904510252074,1,0,1,3,0,0,0,0,1
23.43,12,0,0,54,1,60,3.195811885269649,1.2246467991473532e-16,-1.0,0,0,0,0,0,0,0,0,1
71.73,0,0,0,31,2,68,4.286753954166449,0.0,1.0,1,0,1,2,1,0,0,0,0
97.65,1,0,0,63,3,45,4.591578232468624,0.25881904510252074,0.9659258262890683,1,0,0,1,1,0,0,0,0
23.27,22,0,0,88,0,52,3.18924101973851,-0.5000000000000004,0.8660254037844384,0,0,0,0,0,0,1,0,0
214.94,3,0,0,75,2,30,5.375000591318995,0.7071067811865476,0.7071067811865476,1,0,0,1,0,1,0,0,0
82.25,9,0,1,84,3,56,4.421848128860553,0.7071067811865476,-0.7071067811865475,0,0,0,1,1,0,0,0,0
416.75,4,0,0,56,1,45,6.0348831674755035,0.8660254037844386,0.5000000000000001,1,0,0,1,0,0,0,1,0
27.92,23,0,0,80,2,21,3.3645333972905638,-0.25881904510252157,0.9659258262890681,0,0,0,0,0,1,0,0,0
138.44,6,1,0,93,1,34,4.937634401211765,1.0,6.123233995736766e-17,0,0,0,1,0,0,0,1,0
129.28,6,0,0,48,4,24,4.869685980408033,1.0,6.123233995736766e-17,0,1,0,1,0,0,0,1,0
200.39,9,0,0,84,4,55,5.30524332661877,0.7071067811865476,-0.7071067811865475,0,1,0,1,0,0,0,1,0
318.68,3,0,0,44,2,60,5.767320495460189,0.7071067811865476,0.7071067811865476,1,0,0,1,1,0,0,0,0
88.8,7,0,0,77,3,47,4.497584975308154,0.9659258262890683,-0.25881904510252063,0,0,0,0,1,0,0,0,0
62.64,7,0,0,72,5,24,4.153242203469586,0.9659258262890683,-0.25881904510252063,0,1,0,1,0,0,1,0,0
5.08,11,0,0,40,0,63,1.8050046959780757,0.258819045102521,-0.9659258262890682,0,0,0,0,0,0,0,0,1
30.64,4,1,0,43,4,20,3.4544221428994533,0.8660254037844386,0.5000000000000001,1,1,0,3,1,0,0,0,0
87.18,16,0,0,54,1,19,4.479380179929792,-0.8660254037844385,-0.5000000000000004,0,0,0,0,0,0,1,0,0
86.02,5,0,0,26,3,40,4.466137977292534,0.9659258262890683,0.25881904510252074,1,0,1,2,0,0,0,1,0
39.36,14,0,0,25,3,65,3.6978391954854084,-0.4999999999999997,-0.8660254037844388,0,0,1,1,0,1,0,0,0
65.82,22,0,0,97,2,36,4.20200243692861,-0.5000000000000004,0.8660254037844384,0,0,0,0,0,0,0,1,0
12.99,21,0,0,29,3,66,2.63834278867739,-0.7071067811865477,0.7071067811865474,0,0,1,1,1,0,0,0,0
180.69,14,0,1,75,2,64,5.202301938114349,-0.4999999999999997,-0.8660254037844388,0,0,0,1,1,0,0,0,0
728.02,13,0,0,98,0,54,6.5917011664745795,-0.2588190451025208,-0.9659258262890683,0,0,0,0,0,0,0,1,0
293.63,18,1,1,62,1,36,5.685720331837793,-1.0,-1.8369701987210297e-16,0,0,0,2,1,0,0,0,0
145.71,17,1,0,50,1,31,4.988457849151553,-0.9659258262890683,-0.25881904510252063,0,0,0,1,0,1,0,0,0
512.22,18,0,0,75,3,30,6.240704603143466,-1.0,-1.8369701987210297e-16,0,0,0,0,0,1,0,0,0
23.29,10,0,0,30,1,20,3.190064743014081,0.49999999999999994,-0.8660254037844387,0,0,1,1,0,0,1,0,0
252.85,5,1,0,53,0,60,5.536743541393403,0.9659258262890683,0.25881904510252074,1,0,0,2,0,0,1,0,0
115.72,6,0,0,28,1,24,4.7597779042145305,1.0,6.123233995736766e-17,0,0,1,1,0,1,0,0,0
337.88,3,0,0,91,1,48,5.825646062413042,0.7071067811865476,0.7071067811865476,1,0,0,1,1,0,0,0,0
642.61,0,0,0,64,0,20,6.467092952598516,0.0,1.0,1,0,0,1,0,0,0,1,0
97.72,15,0,0,91,1,40,4.592287560157078,-0.7071067811865471,-0.7071067811865479,0,0,0,0,0,0,0,0,1
385.35,6,0,0,89,3,29,5.956743694379593,1.0,6.123233995736766e-17,0,0,0,0,0,0,0,1,0
113.4,5,0,0,72,4,65,4.739701078945697,0.9659258262890683,0.25881904510252074,1,1,0,2,0,0,0,1,0
274.04,21,0,1,73,2,47,5.616916541634539,-0.7071067811865477,0.7071067811865474,0,0,0,1,0,0,0,1,0
309.92,16,0,0,48,0,28,5.739535644362019,-0.8660254037844385,-0.5000000000000004,0,0,0,0,0,0,1,0,0
34.14,7,0,0,96,2,44,3.559340082758951,0.9659258262890683,-0.25881904510252063,0,0,0,0,0,0,0,1,0
229.4,5,1,0,36,3,25,5.439816928821736,0.9659258262890683,0.25881904510252074,1,0,1,3,0,0,0,1,0
16.66,9,0,0,86,2,55,2.8713021951758138,0.7071067811865476,-0.7071067811865475,0,0,0,0,0,0,1,0,0
107.54,22,0,0,33,1,56,4.6871187686352584,-0.5000000000000004,0.8660254037844384,0,0,1,1,0,0,0,0,1
44.06,2,0,0,38,0,66,3.8079949350040985,0.49999999999999994,0.8660254037844387,1,0,1,2,1,0,0,0,0
278.66,19,1,0,76,0,54,5.633574579612705,-0.9659258262890684,0.2588190451025203,0,0,0,1,1,0,0,0,0
112.45,12,1,0,93,2,68,4.731362211225851,1.2246467991473532e-16,-1.0,0,0,0,1,1,0,0,0,0
24.63,17,0,0,54,0,49,3.24376354037598,-0.9659258262890683,-0.25881904510252063,0,0,0,0,0,0,0,1,0
118.37,2,1,0,60,5,57,4.782227913106947,0.49999999999999994,0.8660254037844387,1,1,0,3,0,0,0,1,0
60.7,3,0,0,83,3,66,4.122283930911342,0.7071067811865476,0.7071067811865476,1,0,0,1,1,0,0,0,0
426.28,5,0,0,47,4,34,6.057439536031515,0.9659258262890683,0.25881904510252074,1,1,0,2,0,1,0,0,0
154.95,9,0,0,30,2,55,5.049535443053812,0.7071067811865476,-0.7071067811865475,0,0,1,1,0,0,0,1,0
111.14,4,0,0,38,1,26,4.719748090695527,0.8660254037844386,0.5000000000000001,1,0,1,2,1,0,0,0,0
131.09,19,0,0,46,3,35,4.883483508435773,-0.9659258262890684,0.2588190451025203,0,0,0,0,1,0,0,0,0
484.2,11,0,0,67,2,26,6.184561177069895,0.258819045102521,-0.9659258262890682,0,0,0,0,0,0,1,0,0
485.06,4,0,0,63,2,58,6.186332073070455,0.8660254037844386,0.5000000000000001,1,0,0,1,0,0,1,0,0
333.76,12,0,0,41,3,41,5.813413857164673,1.2246467991473532e-16,-1.0,0,0,0,0,0,0,1,0,0
264.88,9,1,0,38,0,46,5.583045079173381,0.7071067811865476,-0.7071067811865475,0,0,1,2,0,0,1,0,0
168.72,15,0,0,86,1,29,5.134150020334124,-0.7071067811865471,-0.7071067811865479,0,0,0,0,0,0,1,0,0
243.61,20,0,0,82,4,25,5.499665105491789,-0.8660254037844386,0.5000000000000001,0,1,0,1,0,0,0,0,1
78.77,21,0,0,57,1,34,4.379147493923038,-0.7071067811865477,0.7071067811865474,0,0,0,0,0,0,1,0,0
2.15,13,0,0,70,0,43,1.1474024528375417,-0.2588190451025208,-0.9659258262890683,0,0,0,0,0,0,0,1,0
111.73,16,0,0,25,1,38,4.72499557905644,-0.8660254037844385,-0.5000000000000004,0,0,1,1,0,1,0,0,0
41.98,12,0,0,30,1,55,3.7607348912143643,1.2246467991473532e-16,-1.0,0,0,1,1,1,0,0,0,0
299.22,11,0,1,25,0,53,5.70451553923203,0.258819045102521,-0.9659258262890682,0,0,1,2,0,1,0,0,0
127.87,17,0,0,43,1,65,4.8588041443003,-0.9659258262890683,-0.25881904510252063,0,0,0,0,0,0,0,0,1
384.24,20,0,0,98,1,67,5.953866516692663,-0.8660254037844386,0.5000000000000001,0,0,0,0,1,0,0,0,0
65.31,15,0,0,56,0,57,4.194340715380776,-0.7071067811865471,-0.7071067811865479,0,0,0,0,0,0,1,0,0
156.14,8,1,1,41,4,55,5.0571371277476755,0.8660254037844387,-0.4999999999999998,0,1,0,3,0,1,0,0,0
66.39,17,0,0,62,2,28,4.2104966389581255,-0.9659258262890683,-0.25881904510252063,0,0,0,0,0,0,0,0,1
144.55,19,0,0,80,3,65,4.980519670191632,-0.9659258262890684,0.2588190451025203,0,0,0,0,1,0,0,0,0
219.18,13,0,0,28,2,34,5.394445393642257,-0.2588190451025208,-0.9659258262890683,0,0,1,1,0,0,0,1,0
361.91,15,0,0,62,2,24,5.894154869639866,-0.7071067811865471,-0.7071067811865479,0,0,0,0,0,0,1,0,0
67.95,8,0,0,27,3,45,4.233381604239311,0.8660254037844387,-0.4999999999999998,0,0,1,1,0,0,1,0,0
24.66,8,0,0,31,3,68,3.2449333591874905,0.8660254037844387,-0.4999999999999998,0,0,1,1,0,0,1,0,0
39.38,9,1,0,35,2,44,3.6983346128846915,0.7071067811865476,-0.7071067811865475,0,0,1,2,0,0,0,0,1
236.26,23,0,0,28,3,49,5.469156586232957,-0.25881904510252157,0.9659258262890681,0,0,1,1,0,1,0,0,0
112.99,12,0,0,61,0,61,4.736110725248687,1.2246467991473532e-16,-1.0,0,0,0,0,0,0,0,1,0
113.35,4,0,0,65,2,40,4.73926392046879,0.8660254037844386,0.5000000000000001,1,0,0,1,0,0,1,0,0
450.61,3,0,0,52,2,34,6.112818975520158,0.7071067811865476,0.7071067811865476,1,0,0,1,0,0,1,0,0
254.13,11,0,1,87,2,63,5.541773219174124,0.258819045102521,-0.9659258262890682,0,0,0,1,0,0,0,0,1
15.04,3,0,0,36,3,29,2.7750856024383683,0.7071067811865476,0.7071067811865476,1,0,1,2,0,1,0,0,0
284.32,23,0,0,50,3,23,5.6536113574098374,-0.25881904510252157,0.9659258262890681,0,0,0,0,0,0,0,1,0
536.06,10,0,0,28,2,49,6.2861098201109025,0.49999999999999994,-0.8660254037844387,0,0,1,1,0,0,1,0,0
13.86,20,0,0,87,5,26,2.698673039289613,-0.8660254037844386,0.5000000000000001,0,1,0,1,0,0,0,1,0
1.8,15,0,0,92,3,21,1.0296194171811581,-0.7071067811865471,-0.7071067811865479,0,0,0,0,1,0,0,0,0
49.01,5,0,0,72,2,27,3.9122229854308124,0.9659258262890683,0.25881904510252074,1,0,0,1,0,0,0,1,0
178.45,10,0,0,58,0,64,5.189896617593616,0.49999999999999994,-0.8660254037844387,0,0,0,0,0,0,0,1,0
196.04,18,0,0,54,6,45,5.283406753812282,-1.0,-1.8369701987210297e-16,0,1,0,1,0,0,0,1,0
12.58,15,0,0,44,0,49,2.60859812213055,-0.7071067811865471,-0.7071067811865479,0,0,0,0,0,0,0,1,0
288.61,1,0,0,91,1,21,5.6685351903021415,0.25881904510252074,0.9659258262890683,1,0,0,1,0,1,0,0,0
34.52,16,0,0,94,4,38,3.5700959181239695,-0.8660254037844385,-0.5000000000000004,0,1,0,1,0,0,0,1,0
173.77,19,0,0,60,1,68,5.16347082377827,-0.9659258262890684,0.2588190451025203,0,0,0,0,1,0,0,0,0
176.86,18,0,0,75,0,69,5.180996723971494,-1.0,-1.8369701987210297e-16,0,0,0,0,1,0,0,0,0
606.12,13,0,0,86,2,19,6.408726465095658,-0.2588190451025208,-0.9659258262890683,0,0,0,0,0,0,1,0,0
84.56,5,0,0,86,3,31,4.449217884214205,0.9659258262890683,0.25881904510252074,1,0,0,1,1,0,0,0,0
33.57,15,0,0,97,2,35,3.5429862539335333,-0.7071067811865471,-0.7071067811865479,0,0,0,0,0,0,1,0,0
88.43,17,0,0,75,0,53,4.49345619635809,-0.9659258262890683,-0.25881904510252063,0,0,0,0,0,1,0,0,0
3.64,7,0,0,48,3,19,1.534714366238164,0.9659258262890683,-0.25881904510252063,0,0,0,0,0,1,0,0,0
244.0,9,0,0,50,3,25,5.501258210544727,0.7071067811865476,-0.7071067811865475,0,0,0,0,0,1,0,0,0
54.15,2,0,0,54,3,35,4.0100567456995115,0.49999999999999994,0.8660254037844387,1,0,0,1,0,1,0,0,0
105.59,15,0,0,49,2,18,4.668989698701045,-0.7071067811865471,-0.7071067811865479,0,0,0,0,0,1,0,0,0
620.65,12,0,0,80,2,41,6.432377233398946,1.2246467991473532e-16,-1.0,0,0,0,0,0,1,0,0,0
316.34,14,0,0,94,2,57,5.7599737543059435,-0.4999999999999997,-0.8660254037844388,0,0,0,0,0,0,0,0,1
29.92,9,0,0,70,1,67,3.4314032237192214,0.7071067811865476,-0.7071067811865475,0,0,0,0,0,0,0,0,1
146.44,0,0,1,79,2,50,4.9934213133615675,0.0,1.0,1,0,0,2,0,0,1,0,0
234.66,9,0,0,36,0,46,5.462390088285194,0.7071067811865476,-0.7071067811865475,0,0,1,1,0,0,1,0,0
87.06,12,0,0,93,3,18,4.478018400327608,1.2246467991473532e-16,-1.0,0,0,0,0,1,0,0,0,0
497.13,17,0,0,77,4,24,6.210861087135257,-0.9659258262890683,-0.25881904510252063,0,1,0,1,1,0,0,0,0
11.57,10,0,0,97,0,59,2.531313022602156,0.49999999999999994,-0.8660254037844387,0,0,0,0,0,1,0,0,0
158.56,20,0,0,54,0,58,5.0724200270372055,-0.8660254037844386,0.5000000000000001,0,0,0,0,0,0,0,0,1
56.23,1,0,0,67,3,34,4.047078236421011,0.25881904510252074,0.9659258262890683,1,0,0,1,0,0,0,0,1
3.48,9,0,0,83,3,52,1.4996230464268938,0.7071067811865476,-0.7071067811865475,0,0,0,0,0,0,0,1,0
26.24,17,0,0,58,4,33,3.3046864812813115,-0.9659258262890683,-0.25881904510252063,0,1,0,1,1,0,0,0,0
11.92,3,0,0,56,3,62,2.558776498354456,0.7071067811865476,0.7071067811865476,1,0,0,1,1,0,0,0,0
78.37,15,0,1,32,1,42,4.374120463102784,-0.7071067811865471,-0.7071067811865479,0,0,1,2,0,0,0,1,0
140.27,15,0,0,58,2,66,4.950672952923573,-0.7071067811865471,-0.7071067811865479,0,0,0,0,1,0,0,0,0
77.74,13,0,0,70,1,32,4.366151285515591,-0.2588190451025208,-0.9659258262890683,0,0,0,0,0,0,1,0,0
85.27,14,0,0,49,3,36,4.457481913088487,-0.4999999999999997,-0.8660254037844388,0,0,0,0,0,0,1,0,0
68.08,17,0,1,85,1,43,4.235265253278478,-0.9659258262890683,-0.25881904510252063,0,0,0,1,0,0,0,0,1
216.54,6,0,0,27,4,28,5.382382741665704,1.0,6.123233995736766e-17,0,1,1,2,1,0,0,0,0
25.61,9,0,0,90,2,28,3.281287084989598,0.7071067811865476,-0.7071067811865475,0,0,0,0,0,0,0,0,1
132.81,3,0,0,62,3,45,4.896420883316898,0.7071067811865476,0.7071067811865476,1,0,0,1,0,0,0,1,0
52.22,8,0,1,77,2,53,3.9744342655495433,0.8660254037844387,-0.4999999999999998,0,0,0,1,0,0,0,0,1
63.93,16,0,0,31,2,53,4.173309766520395,-0.8660254037844385,-0.5000000000000004,0,0,1,1,0,0,0,1,0
112.25,1,0,0,62,4,30,4.7295977643631435,0.25881904510252074,0.9659258262890683,1,1,0,2,0,0,1,0,0
291.26,18,0,0,83,0,62,5.677643817046507,-1.0,-1.8369701987210297e-16,0,0,0,0,0,0,0,0,1
19.09,19,0,0,62,3,64,3.000222178826843,-0.9659258262890684,0.2588190451025203,0,0,0,0,0,0,0,1,0
16.66,20,0,0,94,3,44,2.8713021951758138,-0.8660254037844386,0.5000000000000001,0,0,0,0,1,0,0,0,0
180.69,7,0,0,26,0,22,5.202301938114349,0.9659258262890683,-0.25881904510252063,0,0,1,1,0,0,0,1,0
56.52,23,0,0,81,4,18,4.052132713412791,-0.25881904510252157,0.9659258262890681,0,1,0,1,0,0,1,0,0
193.63,17,0,0,29,4,24,5.271100320254484,-0.9659258262890683,-0.25881904510252063,0,1,1,2,0,0,1,0,0
263.56,7,1,0,39,3,49,5.578068068673537,0.9659258262890683,-0.25881904510252063,0,0,1,2,0,1,0,0,0
534.63,9,0,0,81,1,40,6.283443624197623,0.7071067811865476,-0.7071067811865475,0,0,0,0,0,0,0,0,1
101.84,12,0,0,51,2,47,4.633174382397689,1.2246467991473532e-16,-1.0,0,0,0,0,0,0,1,0,0
146.48,11,0,0,55,2,20,4.993692573365943,0.258819045102521,-0.9659258262890682,0,0,0,0,0,0,1,0,0
79.37,8,0,1,64,3,21,4.386640972224627,0.8660254037844387,-0.4999999999999998,0,0,0,1,0,0,0,1,0
276.18,8,0,0,93,4,66,5.624667114640657,0.8660254037844387,-0.4999999999999998,0,1,0,1,0,0,1,0,0
362.02,13,0,0,68,1,40,5.8944579291658314,-0.2588190451025208,-0.9659258262890683,0,0,0,0,0,1,0,0,0
40.38,19,0,0,85,0,34,3.722797672317397,-0.9659258262890684,0.2588190451025203,0,0,0,0,0,0,1,0,0
52.55,8,0,0,42,2,25,3.980615796893758,0.8660254037844387,-0.4999999999999998,0,0,0,0,0,0,0,1,0
40.17,23,0,0,86,1,56,3.7177098357818132,-0.25881904510252157,0.9659258262890681,0,0,0,0,0,0,1,0,0
205.24,13,0,0,95,4,46,5.329040539190878,-0.2588190451025208,-0.9659258262890683,0,1,0,1,0,0,0,0,1
102.21,15,0,0,89,1,23,4.636765747577842,-0.7071067811865471,-0.7071067811865479,0,0,0,0,0,0,1,0,0
118.74,20,0,0,92,1,69,4.785322725497206,-0.8660254037844386,0.5000000000000001,0,0,0,0,0,1,0,0,0
418.55,6,0,0,45,2,69,6.039182708316078,1.0,6.123233995736766e-17,0,0,0,0,0,0,0,1,0
175.47,19,0,0,29,5,40,5.173150890255142,-0.9659258262890684,0.2588190451025203,0,1,1,2,0,0,0,0,1
377.7,7,1,0,81,2,62,5.9367443349077496,0.9659258262890683,-0.25881904510252063,0,0,0,1,0,0,0,0,1
586.8,18,0,0,50,1,21,6.376386753984817,-1.0,-1.8369701987210297e-16,0,0,0,0,0,0,1,0,0
188.11,18,0,0,27,2,37,5.242328856339181,-1.0,-1.8369701987210297e-16,0,0,1,1,0,0,0,0,1
167.84,9,0,0,96,1,63,5.128951520914298,0.7071067811865476,-0.7071067811865475,0,0,0,0,0,1,0,0,0
148.43,8,0,0,78,1,45,5.006828055753302,0.8660254037844387,-0.4999999999999998,0,0,0,0,0,0,0,1,0
295.84,11,0,1,69,4,39,5.693193273101933,0.258819045102521,-0.9659258262890682,0,1,0,2,0,1,0,0,0
142.51,7,0,0,74,2,44,4.96640471918284,0.9659258262890683,-0.25881904510252063,0,0,0,0,0,0,0,0,1
177.15,10,0,0,95,4,32,5.182625892051845,0.49999999999999994,-0.8660254037844387,0,1,0,1,0,1,0,0,0
512.7,6,0,0,39,3,26,6.241639437473222,1.0,6.123233995736766e-17,0,0,1,1,0,0,1,0,0
31.53,12,0,0,96,1,28,3.48216274048526,1.2246467991473532e-16,-1.0,0,0,0,0,1,0,0,0,0
391.17,23,0,0,62,0,20,5.97169541925069,-0.25881904510252157,0.9659258262890681,0,0,0,0,0,0,0,0,1
44.43,3,0,0,52,3,26,3.816172679771312,0.7071067811865476,0.7071067811865476,1,0,0,1,1,0,0,0,0
288.4,10,0,0,75,3,42,5.667809814197383,0.49999999999999994,-0.8660254037844387,0,0,0,0,0,0,0,1,0
224.18,6,0,0,29,0,26,5.416900082374984,1.0,6.123233995736766e-17,0,0,1,1,0,0,0,0,1
175.38,22,0,0,68,2,30,5.172640758460035,-0.5000000000000004,0.8660254037844384,0,0,0,0,0,0,1,0,0
123.98,2,0,0,43,1,56,4.828153724500936,0.49999999999999994,0.8660254037844387,1,0,0,1,0,0,1,0,0
51.0,6,0,0,55,3,33,3.9512437185814275,1.0,6.123233995736766e-17,0,0,0,0,1,0,0,0,0
223.08,21,0,0,85,2,63,5.412003130951853,-0.7071067811865477,0.7071067811865474,0,0,0,0,1,0,0,0,0
31.7,0,0,0,62,1,53,3.487375077903208,0.0,1.0,1,0,0,1,0,0,1,0,0
107.63,13,1,0,59,4,63,4.68794761244566,-0.2588190451025208,-0.9659258262890683,0,1,0,2,0,0,1,0,0
311.58,21,1,0,66,0,60,5.744860436414047,-0.7071067811865477,0.7071067811865474,0,0,0,1,0,0,0,0,1
189.7,23,0,0,90,1,27,5.250701512606374,-0.25881904510252157,0.9659258262890681,0,0,0,0,0,0,0,0,1
90.33,7,0,0,87,2,25,4.514479320703588,0.9659258262890683,-0.25881904510252063,0,0,0,0,0,0,0,0,1
1285.21,10,0,0,63,2,54,7.159455188511155,0.49999999999999994,-0.8660254037844387,0,0,0,0,0,1,0,0,0
195.16,16,0,1,90,2,40,5.278930652747847,-0.8660254037844385,-0.5000000000000004,0,0,0,1,1,0,0,0,0
514.42,12,0,0,52,3,28,6.244982102277174,1.2246467991473532e-16,-1.0,0,0,0,0,0,1,0,0,0
64.5,4,0,0,35,1,32,4.182050142641207,0.8660254037844386,0.5000000000000001,1,0,1,2,0,0,0,0,1
112.83,11,0,0,74,2,66,4.734706107337125,0.258819045102521,-0.9659258262890682,0,0,0,0,0,1,0,0,0
55.45,2,0,0,93,3,65,4.033355290595671,0.49999999999999994,0.8660254037844387,1,0,0,1,0,1,0,0,0
768.38,5,0,0,93,4,31,6.645584995699079,0.9659258262890683,0.25881904510252074,1,1,0,2,0,0,0,0,1
645.08,23,0,0,86,1,64,6.470923335124473,-0.25881904510252157,0.9659258262890681,0,0,0,0,0,0,0,0,1
26.26,2,0,0,73,2,53,3.3054204262683866,0.49999999999999994,0.8660254037844387,1,0,0,1,0,0,0,1,0
67.24,12,0,0,31,3,38,4.223030903183424,1.2246467991473532e-16,-1.0,0,0,1,1,0,1,0,0,0
537.51,14,1,0,29,2,65,6.288806066526156,-0.4999999999999997,-0.8660254037844388,0,0,1,2,1,0,0,0,0
120.67,5,0,0,40,1,41,4.801312461799358,0.9659258262890683,0.25881904510252074,1,0,0,1,0,1,0,0,0
39.96,12,0,0,35,1,51,3.7125959807312525,1.2246467991473532e-16,-1.0,0,0,1,1,0,0,1,0,0
593.99,4,0,1,47,2,53,6.388544598681706,0.8660254037844386,0.5000000000000001,1,0,0,2,0,1,0,0,0
210.75,4,0,0,41,1,22,5.355406333532164,0.8660254037844386,0.5000000000000001,1,0,0,1,0,0,0,0,1
231.42,5,0,1,66,2,58,5.448546079794728,0.9659258262890683,0.25881904510252074,1,0,0,2,0,0,0,0,1
67.76,9,0,0,30,2,44,4.230622180514649,0.7071067811865476,-0.7071067811865475,0,0,1,1,0,0,0,1,0
200.53,16,0,0,42,0,33,5.305938253679398,-0.8660254037844385,-0.5000000000000004,0,0,0,0,0,0,0,1,0
22.27,3,0,1,67,2,47,3.1471649773142003,0.7071067811865476,0.7071067811865476,1,0,0,2,0,0,0,1,0
383.53,4,0,1,55,1,34,5.952021809309053,0.8660254037844386,0.5000000000000001,1,0,0,2,0,1,0,0,0
401.55,4,0,0,81,2,58,5.99781931274599,0.8660254037844386,0.5000000000000001,1,0,0,1,0,1,0,0,0
31.98,22,1,0,55,2,64,3.495901317131453,-0.5000000000000004,0.8660254037844384,0,0,0,1,0,1,0,0,0
95.13,15,0,0,85,2,66,4.565701442077724,-0.7071067811865471,-0.7071067811865479,0,0,0,0,0,1,0,0,0
194.02,14,0,0,33,2,46,5.273102117406973,-0.4999999999999997,-0.8660254037844388,0,0,1,1,0,0,0,0,1
236.74,18,1,0,52,3,42,5.4711776395524785,-1.0,-1.8369701987210297e-16,0,0,0,1,0,1,0,0,0
239.67,1,0,0,42,0,69,5.483426700544313,0.25881904510252074,0.9659258262890683,1,0,0,1,0,0,1,0,0
413.7,4,0,0,93,1,59,6.027555367252336,0.8660254037844386,0.5000000000000001,1,0,0,1,0,1,0,0,0
71.8,9,0,0,33,2,40,4.28771595520264,0.7071067811865476,-0.7071067811865475,0,0,1,1,0,0,1,0,0
99.56,14,0,0,49,2,29,4.610754564281992,-0.4999999999999997,-0.8660254037844388,0,0,0,0,0,0,1,0,0
162.11,3,0,0,79,3,30,5.094424819825939,0.7071067811865476,0.7071067811865476,1,0,0,1,0,0,0,1,0
220.72,17,1,0,42,5,68,5.401415324551604,-0.9659258262890683,-0.25881904510252063,0,1,0,2,0,0,0,1,0
46.04,19,0,0,92,2,68,3.8509983035903717,-0.9659258262890684,0.2588190451025203,0,0,0,0,0,0,1,0,0
9.31,9,0,0,67,2,41,2.333114298028869,0.7071067811865476,-0.7071067811865475,0,0,0,0,0,0,0,1,0
97.68,1,0,0,42,2,18,4.591882291661156,0.25881904510252074,0.9659258262890683,1,0,0,1,0,0,0,0,1
171.58,6,0,0,36,2,64,5.150860897080162,1.0,6.123233995736766e-17,0,0,1,1,0,1,0,0,0
169.64,21,0,1,27,2,68,5.139556074163095,-0.7071067811865477,0.7071067811865474,0,0,1,2,0,0,0,1,0
50.23,16,0,0,66,1,32,3.936325297951111,-0.8660254037844385,-0.5000000000000004,0,0,0,0,0,0,0,1,0
24.17,2,0,0,45,1,53,3.2256528091472245,0.49999999999999994,0.8660254037844387,1,0,0,1,0,0,1,0,0
194.86,8,0,0,57,2,32,5.277400118292649,0.8660254037844387,-0.4999999999999998,0,0,0,0,0,0,0,0,1
3.65,3,0,0,87,1,51,1.536867219599265,0.7071067811865476,0.7071067811865476,1,0,0,1,0,1,0,0,0
218.02,2,0,0,96,1,29,5.389163049847613,0.49999999999999994,0.8660254037844387,1,0,0,1,1,0,0,0,0
203.39,23,0,0,42,1,35,5.320029933453687,-0.25881904510252157,0.9659258262890681,0,0,0,0,0,0,0,0,1
220.58,23,0,0,84,4,33,5.400783698092527,-0.25881904510252157,0.9659258262890681,0,1,0,1,1,0,0,0,0
739.03,22,0,0,76,1,30,6.6066907259170105,-0.5000000000000004,0.8660254037844384,0,0,0,0,0,0,0,0,1
21.22,10,1,0,50,6,36,3.100992784211484,0.49999999999999994,-0.8660254037844387,0,1,0,2,1,0,0,0,0
13.49,22,0,0,25,1,58,2.673458756332591,-0.5000000000000004,0.8660254037844384,0,0,1,1,0,0,1,0,0
17.16,22,1,0,43,2,55,2.8992213731731473,-0.5000000000000004,0.8660254037844384,0,0,0,1,0,0,1,0,0
232.32,8,0,0,42,1,36,5.452410901885437,0.8660254037844387,-0.4999999999999998,0,0,0,0,0,0,1,0,0
19.47,1,0,0,39,1,56,3.018960399673198,0.25881904510252074,0.9659258262890683,1,0,1,2,1,0,0,0,0
352.39,6,0,0,93,1,65,5.86757226293742,1.0,6.123233995736766e-17,0,0,0,0,0,0,1,0,0
96.75,5,0,0,51,0,58,4.582413198865475,0.9659258262890683,0.25881904510252074,1,0,0,1,0,1,0,0,0
85.14,23,0,0,71,1,23,4.455973879625964,-0.25881904510252157,0.9659258262890681,0,0,0,0,0,0,0,0,1
294.65,5,0,0,55,1,26,5.689176322266839,0.9659258262890683,0.25881904510252074,1,0,0,1,0,0,0,1,0
110.21,11,0,1,48,3,57,4.71142030583075,0.258819045102521,-0.9659258262890682,0,0,0,1,0,0,0,0,1
332.17,22,0,0,39,2,49,5.808652870224797,-0.5000000000000004,0.8660254037844384,0,0,1,1,1,0,0,0,0
202.76,18,0,0,68,2,37,5.316942830671201,-1.0,-1.8369701987210297e-16,0,0,0,0,0,1,0,0,0
485.78,9,0,1,98,1,24,6.187812275635029,0.7071067811865476,-0.7071067811865475,0,0,0,1,1,0,0,0,0
13.16,1,1,0,58,2,46,2.6504210882655737,0.25881904510252074,0.9659258262890683,1,0,0,2,1,0,0,0,0
294.23,17,0,0,37,1,34,5.687754713579004,-0.9659258262890683,-0.25881904510252063,0,0,1,1,1,0,0,0,0
380.12,15,0,0,62,3,37,5.943114286166935,-0.7071067811865471,-0.7071067811865479,0,0,0,0,0,0,0,1,0
42.35,11,0,0,80,5,35,3.769306703226551,0.258819045102521,-0.9659258262890682,0,1,0,1,1,0,0,0,0
176.65,16,0,0,46,3,62,5.179815322467036,-0.8660254037844385,-0.5000000000000004,0,0,0,0,0,0,0,0,1
508.34,16,0,0,50,1,69,6.233115769977932,-0.8660254037844385,-0.5000000000000004,0,0,0,0,0,0,0,1,0
244.7,12,0,1,64,0,69,5.504111279527133,1.2246467991473532e-16,-1.0,0,0,0,1,1,0,0,0,0
13.54,17,1,0,30,0,24,2.6769034721053733,-0.9659258262890683,-0.25881904510252063,0,0,1,2,0,0,0,0,1
106.22,21,0,0,70,3,30,4.674882798399391,-0.7071067811865477,0.7071067811865474,0,0,0,0,0,0,0,1,0
63.31,23,0,0,29,3,59,4.163715140146772,-0.25881904510252157,0.9659258262890681,0,0,1,1,1,0,0,0,0
147.73,3,0,0,71,1,52,5.002132581604506,0.7071067811865476,0.7071067811865476,1,0,0,1,0,1,0,0,0
37.17,15,0,0,66,1,31,3.6420498667571386,-0.7071067811865471,-0.7071067811865479,0,0,0,0,0,0,1,0,0
439.96,13,0,0,92,4,45,6.088954168385239,-0.2588190451025208,-0.9659258262890683,0,1,0,1,0,0,1,0,0
42.36,8,1,0,95,4,47,3.769537357131391,0.8660254037844387,-0.4999999999999998,0,1,0,2,0,1,0,0,0
137.29,10,0,0,95,1,53,4.929352929476567,0.49999999999999994,-0.8660254037844387,0,0,0,0,0,1,0,0,0
53.49,7,1,0,77,0,64,3.998017198595007,0.9659258262890683,-0.25881904510252063,0,0,0,1,0,1,0,0,0
83.88,6,0,0,68,2,35,4.441238494305727,1.0,6.123233995736766e-17,0,0,0,0,0,0,0,1,0
236.93,1,0,0,60,2,54,5.471976512763338,0.25881904510252074,0.9659258262890683,1,0,0,1,1,0,0,0,0
73.08,20,0,0,84,4,19,4.305145590337924,-0.8660254037844386,0.5000000000000001,0,1,0,1,0,0,0,1,0
314.7,13,0,0,58,3,45,5.754792395563946,-0.2588190451025208,-0.9659258262890683,0,0,0,0,0,0,1,0,0
10.57,16,1,0,65,1,56,2.448415541205585,-0.8660254037844385,-0.5000000000000004,0,0,0,1,1,0,0,0,0
45.93,10,0,0,81,3,18,3.8486571298063263,0.49999999999999994,-0.8660254037844387,0,0,0,0,1,0,0,0,0
13.35,16,0,1,58,3,64,2.66374994220563,-0.8660254037844385,-0.5000000000000004,0,0,0,1,0,0,0,1,0
65.3,21,0,0,35,1,25,4.194189897191817,-0.7071067811865477,0.7071067811865474,0,0,1,1,0,0,1,0,0
39.2,1,0,0,73,2,54,3.6938669956249757,0.25881904510252074,0.9659258262890683,1,0,0,1,0,0,0,0,1
503.64,9,1,0,51,1,37,6.223845303774674,0.7071067811865476,-0.7071067811865475,0,0,0,1,0,1,0,0,0
503.76,21,0,0,84,4,28,6.22408306878471,-0.7071067811865477,0.7071067811865474,0,1,0,1,0,0,1,0,0
59.75,7,0,0,29,1,41,4.1067670822206574,0.9659258262890683,-0.25881904510252063,0,0,1,1,0,0,1,0,0
579.02,2,0,0,97,3,28,6.363062585704569,0.49999999999999994,0.8660254037844387,1,0,0,1,0,0,0,0,1
419.75,6,0,0,67,0,37,6.042038833070915,1.0,6.123233995736766e-17,0,0,0,0,0,0,0,1,0
100.02,23,0,0,88,1,42,4.615318517039906,-0.25881904510252157,0.9659258262890681,0,0,0,0,0,0,1,0,0
276.84,20,0,0,62,3,42,5.627045408435818,-0.8660254037844386,0.5000000000000001,0,0,0,0,0,0,0,1,0
115.05,17,0,0,37,9,29,4.754021132720446,-0.9659258262890683,-0.25881904510252063,0,1,1,2,0,0,0,0,1
16.31,23,0,0,38,1,50,2.851284369188118,-0.25881904510252157,0.9659258262890681,0,0,1,1,0,0,1,0,0
72.9,0,0,0,46,2,22,4.302712827954156,0.0,1.0,1,0,0,1,1,0,0,0,0
90.92,12,0,1,27,1,50,4.5209186335405,1.2246467991473532e-16,-1.0,0,0,1,2,0,0,0,1,0
243.01,16,0,0,40,3,26,5.497209208059954,-0.8660254037844385,-0.5000000000000004,0,0,0,0,1,0,0,0,0
42.44,18,0,0,42,2,23,3.77138067562568,-1.0,-1.8369701987210297e-16,0,0,0,0,1,0,0,0,0
488.15,1,0,0,28,0,21,6.1926691909034375,0.25881904510252074,0.9659258262890683,1,0,1,2,0,0,1,0,0
158.68,12,1,0,88,0,30,5.073171812563154,1.2246467991473532e-16,-1.0,0,0,0,1,0,1,0,0,0
52.31,22,0,0,62,6,26,3.9761239308346696,-0.5000000000000004,0.8660254037844384,0,1,0,1,0,0,1,0,0
547.57,22,0,0,99,1,59,6.307314892356402,-0.5000000000000004,0.8660254037844384,0,0,0,0,0,0,1,0,0
272.85,19,0,0,58,1,59,5.61258051122973,-0.9659258262890684,0.2588190451025203,0,0,0,0,0,0,1,0,0
220.1,21,0,1,31,2,48,5.3986150878634005,-0.7071067811865477,0.7071067811865474,0,0,1,2,0,0,1,0,0
164.14,21,0,0,59,3,28,5.106793598989283,-0.7071067811865477,0.7071067811865474,0,0,0,0,0,0,0,1,0
296.36,13,0,0,76,2,32,5.694943525988997,-0.2588190451025208,-0.9659258262890683,0,0,0,0,0,0,0,0,1
313.07,20,0,0,60,2,23,5.749615890999373,-0.8660254037844386,0.5000000000000001,0,0,0,0,0,0,0,0,1
586.94,23,1,0,55,1,59,6.376624901875783,-0.25881904510252157,0.9659258262890681,0,0,0,1,0,0,0,1,0
129.27,14,0,0,56,2,58,4.8696092197094725,-0.4999999999999997,-0.8660254037844388,0,0,0,0,0,0,0,0,1
422.03,7,0,0,50,2,33,6.047443098517248,0.9659258262890683,-0.25881904510252063,0,0,0,0,0,0,0,1,0
116.35,20,0,0,65,0,68,4.765160922297032,-0.8660254037844386,0.5000000000000001,0,0,0,0,1,0,0,0,0
262.03,23,0,0,35,3,20,5.572268094113519,-0.25881904510252157,0.9659258262890681,0,0,1,1,0,0,1,0,0
14.87,14,0,0,82,4,29,2.7644305345383176,-0.4999999999999997,-0.8660254037844388,0,1,0,1,0,0,0,1,0
38.22,14,0,1,61,0,47,3.6691868207682004,-0.4999999999999997,-0.8660254037844388,0,0,0,1,0,0,1,0,0
531.09,11,0,0,48,3,47,6.276812647965849,0.258819045102521,-0.9659258262890682,0,0,0,0,0,0,0,1,0
265.26,9,0,0,96,0,49,5.584473275003771,0.7071067811865476,-0.7071067811865475,0,0,0,0,0,0,1,0,0
30.25,19,1,0,45,4,24,3.4420193761824107,-0.9659258262890684,0.2588190451025203,0,1,0,2,1,0,0,0,0
358.99,7,0,0,39,2,49,5.886076253286569,0.9659258262890683,-0.25881904510252063,0,0,1,1,0,0,0,0,1
153.39,3,1,0,81,2,19,5.039481868653835,0.7071067811865476,0.7071067811865476,1,0,0,2,0,0,0,1,0
109.99,12,0,0,76,1,42,4.709440107163888,1.2246467991473532e-16,-1.0,0,0,0,0,0,0,0,0,1
36.48,19,0,0,77,2,44,3.6238074573702215,-0.9659258262890684,0.2588190451025203,0,0,0,0,0,0,1,0,0
201.67,18,0,0,53,3,48,5.311579040531222,-1.0,-1.8369701987210297e-16,0,0,0,0,0,0,1,0,0
311.69,2,0,0,47,4,22,5.745212284419341,0.49999999999999994,0.8660254037844387,1,1,0,2,1,0,0,0,0
3.28,4,1,0,52,4,37,1.4539530095937052,0.8660254037844386,0.5000000000000001,1,1,0,3,1,0,0,0,0
356.97,10,0,0,65,1,38,5.880449184006697,0.49999999999999994,-0.8660254037844387,0,0,0,0,0,0,0,1,0
6.35,1,0,0,41,2,25,1.9947003132247452,0.25881904510252074,0.9659258262890683,1,0,0,1,0,0,0,0,1
158.82,15,0,0,75,2,43,5.074048181946317,-0.7071067811865471,-0.7071067811865479,0,0,0,0,0,0,0,0,1
189.47,12,0,0,54,0,26,5.249494701850468,1.2246467991473532e-16,-1.0,0,0,0,0,1,0,0,0,0
0.2,5,0,0,25,3,25,0.18232155679395465,0.9659258262890683,0.25881904510252074,1,0,1,2,0,0,1,0,0
42.41,22,0,0,99,3,46,3.770689829311502,-0.5000000000000004,0.8660254037844384,0,0,0,0,1,0,0,0,0
13.89,21,1,0,71,2,20,2.7006898466959175,-0.7071067811865477,0.7071067811865474,0,0,0,1,0,0,0,1,0
393.21,20,0,0,46,2,44,5.9768837622304485,-0.8660254037844386,0.5000000000000001,0,0,0,0,0,1,0,0,0
212.69,15,0,0,94,1,34,5.364526366658372,-0.7071067811865471,-0.7071067811865479,0,0,0,0,0,0,0,0,1
81.17,17,0,0,91,1,22,4.408790271943096,-0.9659258262890683,-0.25881904510252063,0,0,0,0,1,0,0,0,0
583.59,14,0,0,99,1,51,6.3709107468175326,-0.4999999999999997,-0.8660254037844388,0,0,0,0,1,0,0,0,0
13.95,3,0,0,59,1,39,2.7047112998366956,0.7071067811865476,0.7071067811865476,1,0,0,1,0,1,0,0,0
129.87,8,0,0,61,2,64,4.87420446406739,0.8660254037844387,-0.4999999999999998,0,0,0,0,0,0,0,1,0
66.25,3,0,0,67,3,54,4.208417018481948,0.7071067811865476,0.7071067811865476,1,0,0,1,0,0,1,0,0
26.21,14,0,0,48,0,58,3.303584552795155,-0.4999999999999997,-0.8660254037844388,0,0,0,0,0,0,0,0,1
68.43,16,0,0,26,0,40,4.240319050765182,-0.8660254037844385,-0.5000000000000004,0,0,1,1,0,0,0,0,1
9.48,17,0,0,45,1,31,2.349468678892896,-0.9659258262890683,-0.25881904510252063,0,0,0,0,0,0,0,0,1
172.59,8,0,0,37,4,38,5.156696196880458,0.8660254037844387,-0.4999999999999998,0,1,1,2,0,0,0,1,0
199.16,2,0,0,32,2,35,5.299117046718601,0.49999999999999994,0.8660254037844387,1,0,1,2,1,0,0,0,0
12.76,20,0,0,50,2,32,2.6217658325051976,-0.8660254037844386,0.5000000000000001,0,0,0,0,0,0,0,1,0
119.53,11,0,0,95,2,58,4.791898684600252,0.258819045102521,-0.9659258262890682,0,0,0,0,0,1,0,0,0
92.91,15,0,1,47,1,61,4.542336876816522,-0.7071067811865471,-0.7071067811865479,0,0,0,1,1,0,0,0,0
50.22,13,0,0,69,1,57,3.9361300807713793,-0.2588190451025208,-0.9659258262890683,0,0,0,0,0,0,0,1,0
224.7,7,0,0,56,2,57,5.41920668382349,0.9659258262890683,-0.25881904510252063,0,0,0,0,0,0,1,0,0
8.61,23,0,0,61,1,45,2.262804222982201,-0.25881904510252157,0.9659258262890681,0,0,0,0,0,0,0,0,1
65.03,12,0,0,48,2,64,4.19010918420648,1.2246467991473532e-16,-1.0,0,0,0,0,0,1,0,0,0
563.15,11,0,0,25,5,47,6.335320173584455,0.258819045102521,-0.9659258262890682,0,1,1,2,0,0,0,0,1
113.05,19,0,0,38,2,29,4.736636948730397,-0.9659258262890684,0.2588190451025203,0,0,1,1,0,0,0,0,1
586.51,5,0,0,38,3,28,6.375893267150049,0.9659258262890683,0.25881904510252074,1,0,1,2,0,0,0,1,0
11.05,3,1,0,57,3,56,2.489064659936664,0.7071067811865476,0.7071067811865476,1,0,0,2,1,0,0,0,0
438.47,0,0,0,39,2,54,6.0855694554097886,0.0,1.0,1,0,1,2,0,0,0,1,0
136.42,7,0,1,72,1,33,4.92304192960293,0.9659258262890683,-0.25881904510252063,0,0,0,1,1,0,0,0,0
20.1,20,0,0,28,3,59,3.0492730404820207,-0.8660254037844386,0.5000000000000001,0,0,1,1,1,0,0,0,0
398.95,20,0,0,81,0,42,5.991339539294831,-0.8660254037844386,0.5000000000000001,0,0,0,0,0,0,0,0,1
84.86,2,1,0,85,2,61,4.452718062796414,0.49999999999999994,0.8660254037844387,1,0,0,2,0,0,1,0,0
280.64,22,0,0,56,3,23,5.640629659650933,-0.5000000000000004,0.8660254037844384,0,0,0,0,0,0,0,0,1
94.3,20,0,1,30,0,32,4.557029810660157,-0.8660254037844386,0.5000000000000001,0,0,1,2,0,1,0,0,0
143.94,0,0,0,42,3,28,4.976319863681136,0.0,1.0,1,0,0,1,1,0,0,0,0
153.59,19,0,0,95,1,52,5.0407764510082425,-0.9659258262890684,0.2588190451025203,0,0,0,0,0,0,0,1,0
12.21,23,0,1,44,5,31,2.580974118534234,-0.25881904510252157,0.9659258262890681,0,1,0,2,0,0,0,1,0
860.19,5,0,0,98,1,38,6.758315153718193,0.9659258262890683,0.25881904510252074,1,0,0,1,0,0,0,1,0
120.83,6,0,1,78,5,53,4.8026266303663165,1.0,6.123233995736766e-17,0,1,0,2,0,0,0,1,0
76.21,6,0,0,50,2,48,4.3465289823207245,1.0,6.123233995736766e-17,0,0,0,0,0,0,0,0,1
325.84,23,0,0,87,1,39,5.789470754516507,-0.25881904510252157,0.9659258262890681,0,0,0,0,0,1,0,0,0
36.3,1,0,0,46,2,19,3.6189933266497696,0.25881904510252074,0.9659258262890683,1,0,0,1,0,0,1,0,0
38.03,21,0,0,53,0,20,3.6643305811925235,-0.7071067811865477,0.7071067811865474,0,0,0,0,0,1,0,0,0
448.76,14,0,0,69,1,68,6.108714107158222,-0.4999999999999997,-0.8660254037844388,0,0,0,0,0,0,1,0,0
173.38,7,0,0,78,1,61,5.161236825999669,0.9659258262890683,-0.25881904510252063,0,0,0,0,0,1,0,0,0
358.52,18,0,0,48,2,45,5.884769808437019,-1.0,-1.8369701987210297e-16,0,0,0,0,1,0,0,0,0
134.98,7,0,0,90,1,66,4.912507816098313,0.9659258262890683,-0.25881904510252063,0,0,0,0,0,0,0,0,1
21.09,3,1,0,73,3,21,3.095125017432026,0.7071067811865476,0.7071067811865476,1,0,0,2,0,0,0,1,0
432.32,8,0,0,33,0,66,6.071476485077366,0.8660254037844387,-0.4999999999999998,0,0,1,1,0,0,0,0,1
232.55,18,1,0,45,3,56,5.453396186948117,-1.0,-1.8369701987210297e-16,0,0,0,1,0,1,0,0,0
387.42,9,0,0,62,1,40,5.962087228397305,0.7071067811865476,-0.7071067811865475,0,0,0,0,0,0,0,1,0
59.32,23,0,0,71,3,19,4.099663723699701,-0.25881904510252157,0.9659258262890681,0,0,0,0,1,0,0,0,0
119.54,3,0,0,43,0,69,4.7919816480548985,0.7071067811865476,0.7071067811865476,1,0,0,1,0,1,0,0,0
424.42,22,0,0,57,1,22,6.053076916235504,-0.5000000000000004,0.8660254037844384,0,0,0,0,0,1,0,0,0
193.41,15,1,0,62,1,46,5.269969331032549,-0.7071067811865471,-0.7071067811865479,0,0,0,1,0,0,1,0,0
3.46,12,0,0,60,0,64,1.4951487660319727,1.2246467991473532e-16,-1.0,0,0,0,0,0,1,0,0,0
229.31,13,0,0,25,2,24,5.439426227507917,-0.2588190451025208,-0.9659258262890683,0,0,1,1,0,1,0,0,0
85.77,12,0,1,90,2,41,4.463260939805398,1.2246467991473532e-16,-1.0,0,0,0,1,0,0,1,0,0
299.5,2,0,0,61,4,63,5.705447753975262,0.49999999999999994,0.8660254037844387,1,1,0,2,0,0,1,0,0
22.5,2,0,0,58,1,61,3.1570004211501135,0.49999999999999994,0.8660254037844387,1,0,0,1,0,0,1,0,0
682.62,2,0,0,33,4,25,6.527402207688827,0.49999999999999994,0.8660254037844387,1,1,1,3,0,0,0,1,0
44.43,13,0,0,55,0,61,3.816172679771312,-0.2588190451025208,-0.9659258262890683,0,0,0,0,1,0,0,0,0
119.45,17,0,0,51,5,26,4.79123472906088,-0.9659258262890683,-0.25881904510252063,0,1,0,1,0,0,0,0,1
32.52,3,0,0,39,3,64,3.5121422756138823,0.7071067811865476,0.7071067811865476,1,0,1,2,0,1,0,0,0
243.86,16,0,0,36,2,36,5.500686618645769,-0.8660254037844385,-0.5000000000000004,0,0,1,1,0,0,0,1,0
160.45,5,0,0,92,4,37,5.084195497204284,0.9659258262890683,0.25881904510252074,1,1,0,2,0,0,0,1,0
49.76,0,0,0,88,2,53,3.927108642846187,0.0,1.0,1,0,0,1,0,0,0,0,1
56.88,13,0,0,80,2,30,4.058371901763283,-0.2588190451025208,-0.9659258262890683,0,0,0,0,0,0,0,1,0
312.6,14,0,0,58,2,29,5.7481182884762525,-0.4999999999999997,-0.8660254037844388,0,0,0,0,1,0,0,0,0
36.62,1,0,0,84,4,19,3.627535823872884,0.25881904510252074,0.9659258262890683,1,1,0,2,0,0,1,0,0
152.03,13,0,0,68,1,32,5.0306339806029445,-0.2588190451025208,-0.9659258262890683,0,0,0,0,1,0,0,0,0
457.94,13,0,0,97,1,19,6.128919482561829,-0.2588190451025208,-0.9659258262890683,0,0,0,0,0,0,1,0,0
9.09,10,0,0,81,2,61,2.3115448343655176,0.49999999999999994,-0.8660254037844387,0,0,0,0,0,0,1,0,0
88.74,13,0,0,31,3,38,4.496916600547837,-0.2588190451025208,-0.9659258262890683,0,0,1,1,1,0,0,0,0
167.54,2,0,0,63,1,30,5.1271731103442075,0.49999999999999994,0.8660254037844387,1,0,0,1,0,0,0,1,0
575.06,2,0,0,74,2,24,6.356211821937587,0.49999999999999994,0.8660254037844387,1,0,0,1,0,0,1,0,0
140.05,10,0,0,44,1,37,4.949114437448006,0.49999999999999994,-0.8660254037844387,0,0,0,0,0,0,1,0,0
222.14,10,0,0,79,1,25,5.407799377165033,0.49999999999999994,-0.8660254037844387,0,0,0,0,0,0,0,1,0
397.94,1,0,0,33,2,40,5.988811029642418,0.25881904510252074,0.9659258262890683,1,0,1,2,1,0,0,0,0
21.94,0,0,0,31,2,36,3.1328821117012247,0.0,1.0,1,0,1,2,0,0,0,1,0
142.41,7,0,0,58,3,65,4.965707660741121,0.9659258262890683,-0.25881904510252063,0,0,0,0,0,1,0,0,0
73.03,16,0,0,38,6,51,4.304470416455007,-0.8660254037844385,-0.5000000000000004,0,1,1,2,0,1,0,0,0
278.13,8,0,0,25,3,33,5.631677623121245,0.8660254037844387,-0.4999999999999998,0,0,1,1,1,0,0,0,0
93.45,6,0,0,45,4,27,4.548070593947519,1.0,6.123233995736766e-17,0,1,0,1,0,0,1,0,0
83.04,22,0,0,97,2,64,4.4312928759767996,-0.5000000000000004,0.8660254037844384,0,0,0,0,0,0,1,0,0
49.13,2,0,0,82,0,40,3.914619631275412,0.49999999999999994,0.8660254037844387,1,0,0,1,0,0,0,1,0
195.45,1,0,0,53,1,28,5.280407946004469,0.25881904510252074,0.9659258262890683,1,0,0,1,1,0,0,0,0
114.66,20,0,0,64,2,51,4.750654852730072,-0.8660254037844386,0.5000000000000001,0,0,0,0,0,0,0,0,1
14.14,9,0,0,59,1,36,2.717340248009303,0.7071067811865476,-0.7071067811865475,0,0,0,0,0,0,0,0,1
9.27,2,0,0,41,2,52,2.329227023940467,0.49999999999999994,0.8660254037844387,1,0,0,1,0,0,1,0,0
182.11,2,0,0,66,3,34,5.210087065153623,0.49999999999999994,0.8660254037844387,1,0,0,1,1,0,0,0,0
29.12,9,0,1,33,2,20,3.405189402931693,0.7071067811865476,-0.7071067811865475,0,0,1,2,0,0,1,0,0
47.27,7,0,0,42,3,68,3.8768102496724017,0.9659258262890683,-0.25881904510252063,0,0,0,0,0,1,0,0,0
43.88,11,1,0,74,3,43,3.803992261214441,0.258819045102521,-0.9659258262890682,0,0,0,1,1,0,0,0,0
240.7,18,1,0,96,4,50,5.487697287709437,-1.0,-1.8369701987210297e-16,0,1,0,2,0,0,0,1,0
435.47,6,0,0,90,4,48,6.078719644395407,1.0,6.123233995736766e-17,0,1,0,1,0,0,1,0,0
214.74,17,0,0,29,2,39,5.374073978947283,-0.9659258262890683,-0.25881904510252063,0,0,1,1,0,0,0,1,0
293.3,20,0,0,71,2,18,5.684599655239428,-0.8660254037844386,0.5000000000000001,0,0,0,0,0,0,1,0,0
57.84,12,0,1,82,1,58,4.074821895733237,1.2246467991473532e-16,-1.0,0,0,0,1,1,0,0,0,0
235.83,0,0,0,84,4,45,5.467342584174642,0.0,1.0,1,1,0,2,1,0,0,0,0
228.65,2,0,0,52,2,21,5.436556410771803,0.49999999999999994,0.8660254037844387,1,0,0,1,0,0,0,0,1
184.77,0,0,0,61,0,62,5.224509349403313,0.0,1.0,1,0,0,1,1,0,0,0,0
133.91,3,0,0,71,2,25,4.904607889450726,0.7071067811865476,0.7071067811865476,1,0,0,1,1,0,0,0,0
86.95,20,0,0,60,2,62,4.476768471183568,-0.8660254037844386,0.5000000000000001,0,0,0,0,0,0,1,0,0
65.57,4,0,0,99,2,49,4.198254025612612,0.8660254037844386,0.5000000000000001,1,0,0,1,0,0,0,1,0
27.0,17,0,0,55,3,20,3.332204510175204,-0.9659258262890683,-0.25881904510252063,0,0,0,0,0,0,0,1,0
565.21,16,0,0,39,1,44,6.338965034125509,-0.8660254037844385,-0.5000000000000004,0,0,1,1,0,0,0,0,1
494.78,3,0,0,52,1,35,6.206132279941148,0.7071067811865476,0.7071067811865476,1,0,0,1,0,0,1,0,0
258.49,8,0,0,52,3,28,5.558718166217954,0.8660254037844387,-0.4999999999999998,0,0,0,0,0,0,0,1,0
126.96,10,0,0,98,2,21,4.8517177150813176,0.49999999999999994,-0.8660254037844387,0,0,0,0,0,0,0,1,0
331.69,20,0,0,91,2,23,5.807211125464201,-0.8660254037844386,0.5000000000000001,0,0,0,0,0,1,0,0,0
14.17,8,0,0,66,2,29,2.719319793360441,0.8660254037844387,-0.4999999999999998,0,0,0,0,0,0,1,0,0
37.69,17,1,0,82,0,50,3.6555811687124216,-0.9659258262890683,-0.25881904510252063,0,0,0,1,1,0,0,0,0
64.04,4,0,0,46,2,67,4.175002465239555,0.8660254037844386,0.5000000000000001,1,0,0,1,1,0,0,0,0
183.01,3,1,0,49,1,60,5.214990103958283,0.7071067811865476,0.7071067811865476,1,0,0,2,0,0,0,0,1
36.12,22,1,0,49,1,36,3.6141559079179997,-0.5000000000000004,0.8660254037844384,0,0,0,1,0,0,0,1,0
5.68,12,0,0,48,1,51,1.8991179875485542,1.2246467991473532e-16,-1.0,0,0,0,0,1,0,0,0,0
149.18,18,0,0,67,4,38,5.011834574671738,-1.0,-1.8369701987210297e-16,0,1,0,1,1,0,0,0,0
108.92,0,0,0,31,7,46,4.699752828474039,0.0,1.0,1,1,1,3,1,0,0,0,0
14.93,7,0,0,86,1,45,2.768204123921957,0.9659258262890683,-0.25881904510252063,0,0,0,0,1,0,0,0,0
126.81,13,0,0,56,1,30,4.850544786143623,-0.2588190451025208,-0.9659258262890683,0,0,0,0,1,0,0,0,0
83.09,2,0,0,76,7,51,4.431887653844806,0.49999999999999994,0.8660254037844387,1,1,0,2,0,0,1,0,0
182.62,12,0,0,81,0,54,5.212868404715554,1.2246467991473532e-16,-1.0,0,0,0,0,0,0,1,0,0
105.58,22,0,0,69,1,62,4.668895876868636,-0.5000000000000004,0.8660254037844384,0,0,0,0,1,0,0,0,0
79.23,17,0,1,97,2,44,4.3848975097655645,-0.9659258262890683,-0.25881904510252063,0,0,0,1,0,0,0,0,1
132.82,15,0,0,71,1,42,4.896495613354671,-0.7071067811865471,-0.7071067811865479,0,0,0,0,0,0,0,0,1
438.67,19,0,1,94,3,58,6.086024445521603,-0.9659258262890684,0.2588190451025203,0,0,0,1,1,0,0,0,0
94.75,2,0,0,42,1,49,4.561740628060756,0.49999999999999994,0.8660254037844387,1,0,0,1,0,1,0,0,0
32.74,21,0,0,91,3,54,3.5186840771178223,-0.7071067811865477,0.7071067811865474,0,0,0,0,1,0,0,0,0
131.58,5,0,1,74,0,31,4.887186236813245,0.9659258262890683,0.25881904510252074,1,0,0,2,1,0,0,0,0
24.42,21,0,0,72,0,68,3.2355362657613083,-0.7071067811865477,0.7071067811865474,0,0,0,0,0,0,0,0,1
14.11,16,0,0,95,4,27,2.715356776284648,-0.8660254037844385,-0.5000000000000004,0,1,0,1,0,0,1,0,0
281.35,13,0,0,35,3,67,5.643147436118846,-0.2588190451025208,-0.9659258262890683,0,0,1,1,1,0,0,0,0
167.23,8,0,0,70,1,52,5.125332090731069,0.8660254037844387,-0.4999999999999998,0,0,0,0,0,0,1,0,0
527.84,2,1,0,30,0,51,6.270685928641896,0.49999999999999994,0.8660254037844387,1,0,1,3,0,0,1,0,0
227.57,13,0,1,69,1,49,5.431842509153028,-0.2588190451025208,-0.9659258262890683,0,0,0,1,1,0,0,0,0
15.77,12,0,0,53,3,69,2.8195915758351173,1.2246467991473532e-16,-1.0,0,0,0,0,0,1,0,0,0
9.45,14,0,0,67,4,53,2.34660197841082,-0.4999999999999997,-0.8660254037844388,0,1,0,1,1,0,0,0,0
27.33,16,0,0,61,1,67,3.3439213138424253,-0.8660254037844385,-0.5000000000000004,0,0,0,0,0,1,0,0,0
28.05,0,0,0,68,2,19,3.3690184832979204,0.0,1.0,1,0,0,1,0,0,0,0,1
356.29,19,0,0,76,5,36,5.878547776952283,-0.9659258262890684,0.2588190451025203,0,1,0,1,1,0,0,0,0
558.66,16,0,0,98,1,58,6.327329456486192,-0.8660254037844385,-0.5000000000000004,0,0,0,0,0,0,0,0,1
206.93,10,0,0,84,1,64,5.337201484598003,0.49999999999999994,-0.8660254037844387,0,0,0,0,1,0,0,0,0
68.9,5,0,0,51,3,22,4.247065649239764,0.9659258262890683,0.25881904510252074,1,0,0,1,0,0,1,0,0
204.05,1,0,0,81,2,53,5.323253851838068,0.25881904510252074,0.9659258262890683,1,0,0,1,0,0,0,1,0
70.78,18,0,0,67,1,40,4.273605885719461,-1.0,-1.8369701987210297e-16,0,0,0,0,1,0,0,0,0
162.75,19,0,0,67,1,44,5.098340874515361,-0.9659258262890684,0.2588190451025203,0,0,0,0,0,0,1,0,0
438.0,13,0,0,74,2,33,6.0844994130751715,-0.2588190451025208,-0.9659258262890683,0,0,0,0,0,1,0,0,0
11.31,6,0,0,41,1,29,2.510411940196362,1.0,6.123233995736766e-17,0,0,0,0,0,1,0,0,0
4.48,0,1,0,76,1,20,1.7011051009599243,0.0,1.0,1,0,0,2,0,0,0,1,0
163.15,19,0,0,27,2,27,5.100780643947601,-0.9659258262890684,0.2588190451025203,0,0,1,1,0,0,0,1,0
23.96,22,0,0,28,2,19,3.217274543501227,-0.5000000000000004,0.8660254037844384,0,0,1,1,0,0,1,0,0
2.36,11,1,0,69,6,44,1.2119409739751128,0.258819045102521,-0.9659258262890682,0,1,0,2,0,1,0,0,0
474.05,8,0,0,66,1,55,6.163420061652759,0.8660254037844387,-0.4999999999999998,0,0,0,0,0,1,0,0,0
151.58,18,0,0,83,4,32,5.027689048662084,-1.0,-1.8369701987210297e-16,0,1,0,1,0,0,0,0,1
206.61,19,0,0,27,1,58,5.335661319688458,-0.9659258262890684,0.2588190451025203,0,0,1,1,0,0,1,0,0
92.01,3,0,0,42,1,66,4.532707014254376,0.7071067811865476,0.7071067811865476,1,0,0,1,0,0,1,0,0
527.92,3,0,0,87,1,25,6.270837191688622,0.7071067811865476,0.7071067811865476,1,0,0,1,0,0,1,0,0
53.9,16,0,0,94,2,34,4.005513348515485,-0.8660254037844385,-0.5000000000000004,0,0,0,0,0,0,0,1,0
122.75,23,0,1,59,1,52,4.8182634014487995,-0.25881904510252157,0.9659258262890681,0,0,0,1,0,0,1,0,0
5.03,9,0,0,91,2,21,1.7967470107390942,0.7071067811865476,-0.7071067811865475,0,0,0,0,0,0,1,0,0
38.21,14,0,0,25,2,27,3.6689318163042404,-0.4999999999999997,-0.8660254037844388,0,0,1,1,1,0,0,0,0
106.53,5,0,0,51,0,60,4.677769878402435,0.9659258262890683,0.25881904510252074,1,0,0,1,0,0,0,0,1
102.32,2,0,0,82,4,54,4.6378309682276395,0.49999999999999994,0.8660254037844387,1,1,0,2,0,0,0,0,1
762.35,2,0,0,57,2,45,6.637716641702951,0.49999999999999994,0.8660254037844387,1,0,0,1,0,0,0,0,1
123.78,8,0,0,69,1,69,4.82655218668264,0.8660254037844387,-0.4999999999999998,0,0,0,0,0,0,0,1,0
169.03,10,0,0,33,1,30,5.135974892069394,0.49999999999999994,-0.8660254037844387,0,0,1,1,0,0,0,1,0
2.54,17,0,0,89,2,36,1.264126727145683,-0.9659258262890683,-0.25881904510252063,0,0,0,0,0,0,1,0,0
159.61,15,0,0,41,1,35,5.0789790660748055,-0.7071067811865471,-0.7071067811865479,0,0,0,0,0,0,0,0,1
166.74,20,0,0,90,1,35,5.122415161556265,-0.8660254037844386,0.5000000000000001,0,0,0,0,0,0,1,0,0
219.47,1,0,1,45,2,67,5.39576163120889,0.25881904510252074,0.9659258262890683,1,0,0,2,1,0,0,0,0
47.73,15,0,0,28,1,53,3.8862948568554145,-0.7071067811865471,-0.7071067811865479,0,0,1,1,1,0,0,0,0
62.21,0,0,1,30,0,58,4.146462516484207,0.0,1.0,1,0,1,3,0,0,1,0,0
347.02,20,1,0,78,0,38,5.852259949387432,-0.8660254037844386,0.5000000000000001,0,0,0,1,0,0,0,0,1
154.62,16,0,0,98,4,53,5.047417138188784,-0.8660254037844385,-0.5000000000000004,0,1,0,1,0,0,0,0,1
39.76,14,0,0,72,1,58,3.707701208354524,-0.4999999999999997,-0.8660254037844388,0,0,0,0,1,0,0,0,0
4.85,22,0,0,88,0,35,1.766441661243765,-0.5000000000000004,0.8660254037844384,0,0,0,0,0,1,0,0,0
210.39,21,0,0,76,0,69,5.353704768627595,-0.7071067811865477,0.7071067811865474,0,0,0,0,1,0,0,0,0
263.7,4,0,0,97,3,49,5.578597109233056,0.8660254037844386,0.5000000000000001,1,0,0,1,0,1,0,0,0
541.15,13,0,0,29,3,44,6.295542715918191,-0.2588190451025208,-0.9659258262890683,0,0,1,1,0,0,0,0,1
82.89,12,0,0,99,5,37,4.429506416858203,1.2246467991473532e-16,-1.0,0,1,0,1,0,1,0,0,0
19.79,11,0,0,69,3,28,3.0344721018699214,0.258819045102521,-0.9659258262890682,0,0,0,0,1,0,0,0,0
235.85,20,0,0,33,0,39,5.467427029369761,-0.8660254037844386,0.5000000000000001,0,0,1,1,0,0,0,1,0
43.47,1,0,1,55,2,50,3.794814804522605,0.25881904510252074,0.9659258262890683,1,0,0,2,0,0,0,1,0
110.63,18,0,1,79,4,41,4.715189831026641,-1.0,-1.8369701987210297e-16,0,1,0,2,0,0,1,0,0
79.1,0,0,0,66,4,28,4.383275854074314,0.0,1.0,1,1,0,2,0,1,0,0,0
1225.04,21,0,0,85,1,21,7.111544742391333,-0.7071067811865477,0.7071067811865474,0,0,0,0,0,1,0,0,0
21.56,5,0,0,72,3,64,3.1161784266298582,0.9659258262890683,0.25881904510252074,1,0,0,1,0,1,0,0,0
292.54,14,0,0,52,2,24,5.6820139161830525,-0.4999999999999997,-0.8660254037844388,0,0,0,0,0,0,0,1,0
209.33,0,0,0,52,3,18,5.348677725886986,0.0,1.0,1,0,0,1,1,0,0,0,0
19.01,19,0,0,49,1,20,2.996232148595642,-0.9659258262890684,0.2588190451025203,0,0,0,0,0,1,0,0,0
7.55,8,0,0,47,0,44,2.145931282948669,0.8660254037844387,-0.4999999999999998,0,0,0,0,0,0,0,1,0
30.57,23,0,0,26,1,22,3.4522073025699003,-0.25881904510252157,0.9659258262890681,0,0,1,1,0,0,0,0,1
107.73,12,1,0,87,2,42,4.6888677450096585,1.2246467991473532e-16,-1.0,0,0,0,1,0,0,0,0,1
60.71,0,0,0,75,5,26,4.122445992332976,0.0,1.0,1,1,0,2,1,0,0,0,0
50.15,15,0,0,36,1,47,3.9347624923976356,-0.7071067811865471,-0.7071067811865479,0,0,1,1,0,0,0,1,0
15.39,4,0,0,99,2,30,2.7966713927557385,0.8660254037844386,0.5000000000000001,1,0,0,1,1,0,0,0,0
378.72,6,0,0,29,3,52,5.939434139013597,1.0,6.123233995736766e-17,0,0,1,1,0,0,0,0,1
294.17,8,0,0,34,4,18,5.687551461545784,0.8660254037844387,-0.4999999999999998,0,1,1,2,0,0,1,0,0
90.05,20,0,0,94,1,57,4.511408806173617,-0.8660254037844386,0.5000000000000001,0,0,0,0,0,1,0,0,0
39.01,13,0,0,76,2,52,3.6891294228691436,-0.2588190451025208,-0.9659258262890683,0,0,0,0,1,0,0,0,0
142.33,13,0,0,49,1,29,4.965149663935124,-0.2588190451025208,-0.9659258262890683,0,0,0,0,0,0,0,0,1
82.39,13,0,0,39,0,27,4.423528398098894,-0.2588190451025208,-0.9659258262890683,0,0,1,1,0,1,0,0,0
153.08,14,0,0,50,0,64,5.037471948049816,-0.4999999999999997,-0.8660254037844388,0,0,0,0,0,0,0,1,0
164.47,12,0,0,67,0,28,5.108789909503753,1.2246467991473532e-16,-1.0,0,0,0,0,1,0,0,0,0
372.26,12,0,0,32,3,62,5.922275227754984,1.2246467991473532e-16,-1.0,0,0,1,1,0,0,0,1,0
73.06,5,0,0,92,5,35,4.304875575485466,0.9659258262890683,0.25881904510252074,1,1,0,2,0,0,0,0,1
478.47,13,0,0,75,1,64,6.172681327194157,-0.2588190451025208,-0.9659258262890683,0,0,0,0,1,0,0,0,0
383.31,9,0,0,61,1,26,5.951449518569746,0.7071067811865476,-0.7071067811865475,0,0,0,0,1,0,0,0,0
51.87,15,0,0,46,0,39,3.9678360702473587,-0.7071067811865471,-0.7071067811865479,0,0,0,0,0,0,0,0,1
406.58,21,0,0,90,3,25,6.010237232431265,-0.7071067811865477,0.7071067811865474,0,0,0,0,0,1,0,0,0
179.34,20,0,0,33,0,22,5.19484395807176,-0.8660254037844386,0.5000000000000001,0,0,1,1,0,0,0,0,1
55.46,22,0,0,91,5,60,4.033532422825343,-0.5000000000000004,0.8660254037844384,0,1,0,1,1,0,0,0,0
28.49,12,1,0,51,0,30,3.3840512228271846,1.2246467991473532e-16,-1.0,0,0,0,1,1,0,0,0,0
308.34,16,0,0,67,2,50,5.734440995609994,-0.8660254037844385,-0.5000000000000004,0,0,0,0,0,0,0,0,1
241.5,13,0,0,73,2,29,5.491001710377538,-0.2588190451025208,-0.9659258262890683,0,0,0,0,0,1,0,0,0
254.05,10,0,0,98,0,21,5.541459604368936,0.49999999999999994,-0.8660254037844387,0,0,0,0,0,0,0,1,0
299.62,3,0,1,87,2,30,5.70584700870508,0.7071067811865476,0.7071067811865476,1,0,0,2,0,1,0,0,0
14.43,18,0,0,91,2,55,2.7363136663750693,-1.0,-1.8369701987210297e-16,0,0,0,0,0,0,0,1,0
675.06,20,0,0,89,1,58,6.516281829500709,-0.8660254037844386,0.5000000000000001,0,0,0,0,1,0,0,0,0
110.37,15,0,0,37,1,54,4.712857991405009,-0.7071067811865471,-0.7071067811865479,0,0,1,1,0,0,0,0,1
63.13,6,0,0,73,3,66,4.160912273160771,1.0,6.123233995736766e-17,0,0,0,0,0,0,0,0,1
66.65,9,0,0,48,3,55,4.214347354616797,0.7071067811865476,-0.7071067811865475,0,0,0,0,0,1,0,0,0
378.84,23,0,0,76,2,53,5.939750111421303,-0.25881904510252157,0.9659258262890681,0,0,0,0,0,0,0,1,0
9.07,19,0,0,54,0,29,2.309560706730471,-0.9659258262890684,0.2588190451025203,0,0,0,0,0,1,0,0,0
479.69,3,0,0,88,3,26,6.175222571687899,0.7071067811865476,0.7071067811865476,1,0,0,1,0,0,0,0,1
512.49,11,0,1,99,3,27,6.241230554982299,0.258819045102521,-0.9659258262890682,0,0,0,1,0,1,0,0,0
61.66,5,0,0,97,1,46,4.137723285524046,0.9659258262890683,0.25881904510252074,1,0,0,1,0,0,0,1,0
152.65,19,1,0,38,3,52,5.034677288576494,-0.9659258262890684,0.2588190451025203,0,0,1,2,0,0,1,0,0
27.03,15,1,0,52,3,33,3.333275365176697,-0.7071067811865471,-0.7071067811865479,0,0,0,1,0,1,0,0,0
549.66,7,0,0,54,1,61,6.311117558801999,0.9659258262890683,-0.25881904510252063,0,0,0,0,0,0,1,0,0
22.07,21,0,0,90,0,47,3.138533072185662,-0.7071067811865477,0.7071067811865474,0,0,0,0,0,0,1,0,0
62.37,4,0,0,73,2,62,4.148990563335426,0.8660254037844386,0.5000000000000001,1,0,0,1,0,0,1,0,0
48.71,2,0,0,43,3,40,3.906206120106581,0.49999999999999994,0.8660254037844387,1,0,0,1,0,1,0,0,0
107.74,12,1,0,26,2,39,4.688959711717774,1.2246467991473532e-16,-1.0,0,0,1,2,0,0,0,0,1
452.86,7,0,0,43,0,38,6.117788780441477,0.9659258262890683,-0.25881904510252063,0,0,0,0,0,0,1,0,0
114.39,23,0,0,27,2,54,4.748317695206576,-0.25881904510252157,0.9659258262890681,0,0,1,1,0,1,0,0,0
630.74,9,0,0,54,4,56,6.448477917096723,0.7071067811865476,-0.7071067811865475,0,1,0,1,0,0,0,1,0
270.9,20,0,0,78,4,65,5.605434351638425,-0.8660254037844386,0.5000000000000001,0,1,0,1,0,0,0,1,0
15.82,23,0,0,43,2,39,2.822568654544802,-0.25881904510252157,0.9659258262890681,0,0,0,0,0,0,0,0,1
37.21,14,0,0,92,1,32,3.6430972614588084,-0.4999999999999997,-0.8660254037844388,0,0,0,0,0,0,0,1,0
339.6,20,0,0,28,0,58,5.830708768228588,-0.8660254037844386,0.5000000000000001,0,0,1,1,0,0,0,0,1
541.38,19,0,1,91,2,58,6.295966862790012,-0.9659258262890684,0.2588190451025203,0,0,0,1,0,0,1,0,0
291.87,17,0,0,98,1,53,5.679728824552481,-0.9659258262890683,-0.25881904510252063,0,0,0,0,0,0,0,0,1
96.9,12,0,0,94,3,32,4.583946549536464,1.2246467991473532e-16,-1.0,0,0,0,0,1,0,0,0,0
47.03,13,0,0,46,1,38,3.871825815676733,-0.2588190451025208,-0.9659258262890683,0,0,0,0,0,1,0,0,0
125.88,12,0,0,97,0,52,4.843241757886537,1.2246467991473532e-16,-1.0,0,0,0,0,0,0,1,0,0
90.85,7,0,1,89,1,45,4.520156811661135,0.9659258262890683,-0.25881904510252063,0,0,0,1,0,0,0,1,0
117.77,11,0,0,71,3,38,4.777188849786149,0.258819045102521,-0.9659258262890682,0,0,0,0,0,0,1,0,0
199.98,7,0,0,29,1,43,5.303205400620812,0.9659258262890683,-0.25881904510252063,0,0,1,1,0,0,0,0,1
156.35,0,0,0,25,1,24,5.058472623510416,0.0,1.0,1,0,1,2,0,1,0,0,0
3.01,20,1,0,62,2,51,1.3887912413184778,-0.8660254037844386,0.5000000000000001,0,0,0,1,0,1,0,0,0
18.88,8,0,0,90,0,21,2.989714201228428,0.8660254037844387,-0.4999999999999998,0,0,0,0,0,0,1,0,0
116.19,4,1,0,51,1,51,4.763796549270511,0.8660254037844386,0.5000000000000001,1,0,0,2,0,0,0,1,0
20.37,14,0,0,38,1,39,3.0619880693310564,-0.4999999999999997,-0.8660254037844388,0,0,1,1,0,0,1,0,0
140.57,8,0,0,91,3,19,4.952794294406406,0.8660254037844387,-0.4999999999999998,0,0,0,0,0,0,1,0,0
130.5,18,0,0,65,1,52,4.879006851617819,-1.0,-1.8369701987210297e-16,0,0,0,0,0,0,0,0,1
40.09,23,0,0,85,1,47,3.7157647828953184,-0.25881904510252157,0.9659258262890681,0,0,0,0,0,0,0,0,1
356.05,9,0,0,94,2,28,5.877875827995119,0.7071067811865476,-0.7071067811865475,0,0,0,0,0,1,0,0,0
81.36,7,1,0,51,4,55,4.411099882159589,0.9659258262890683,-0.25881904510252063,0,1,0,2,1,0,0,0,0
79.54,0,0,0,71,2,37,4.388753955423308,0.0,1.0,1,0,0,1,1,0,0,0,0
483.74,8,0,0,50,4,68,6.183612664719672,0.8660254037844387,-0.4999999999999998,0,1,0,1,0,0,0,0,1
163.95,2,0,0,90,3,67,5.105642397674591,0.49999999999999994,0.8660254037844387,1,0,0,1,0,0,0,0,1
122.69,20,0,1,26,2,32,4.817778435386918,-0.8660254037844386,0.5000000000000001,0,0,1,2,0,1,0,0,0
12.55,9,0,0,81,4,27,2.60638654732571,0.7071067811865476,-0.7071067811865475,0,1,0,1,1,0,0,0,0
309.51,22,0,0,49,1,63,5.7382161069740905,-0.5000000000000004,0.8660254037844384,0,0,0,0,0,1,0,0,0
15.19,2,0,0,83,5,59,2.7843937676895436,0.49999999999999994,0.8660254037844387,1,1,0,2,0,0,0,1,0
12.88,6,1,0,41,2,31,2.6304489550786583,1.0,6.123233995736766e-17,0,0,0,1,0,0,0,0,1
257.0,17,0,1,89,2,54,5.552959584921617,-0.9659258262890683,-0.25881904510252063,0,0,0,1,1,0,0,0,0
186.88,5,0,1,57,0,62,5.2358034611587945,0.9659258262890683,0.25881904510252074,1,0,0,2,1,0,0,0,0
43.74,16,0,0,78,3,21,3.8008679560619836,-0.8660254037844385,-0.5000000000000004,0,0,0,0,0,0,1,0,0
11.37,11,0,0,77,1,31,2.5152741864043966,0.258819045102521,-0.9659258262890682,0,0,0,0,0,0,0,0,1
74.51,6,0,0,95,1,30,4.324265097815334,1.0,6.123233995736766e-17,0,0,0,0,0,0,0,1,0
55.33,13,0,0,45,4,45,4.031227252906622,-0.2588190451025208,-0.9659258262890683,0,1,0,1,0,0,0,0,1
754.26,20,0,0,51,3,63,6.6270620608279165,-0.8660254037844386,0.5000000000000001,0,0,0,0,0,1,0,0,0
217.24,15,0,0,73,2,19,5.3855953746550975,-0.7071067811865471,-0.7071067811865479,0,0,0,0,0,0,1,0,0
246.77,5,0,0,53,0,51,5.512500896490735,0.9659258262890683,0.25881904510252074,1,0,0,1,0,1,0,0,0
378.63,19,0,0,65,3,27,5.939197094171505,-0.9659258262890684,0.2588190451025203,0,0,0,0,0,0,1,0,0
267.65,14,0,1,68,4,57,5.59340941717483,-0.4999999999999997,-0.8660254037844388,0,1,0,2,0,1,0,0,0
114.68,7,0,0,74,2,25,4.750827758410455,0.9659258262890683,-0.25881904510252063,0,0,0,0,0,0,1,0,0
377.38,20,0,0,34,1,45,5.935898981658274,-0.8660254037844386,0.5000000000000001,0,0,1,1,0,0,1,0,0
116.52,12,0,0,29,1,32,4.7666085318656215,1.2246467991473532e-16,-1.0,0,0,1,1,1,0,0,0,0
312.71,1,0,0,64,3,68,5.748468992278607,0.25881904510252074,0.9659258262890683,1,0,0,1,0,0,0,1,0
0.96,17,0,0,57,1,52,0.6729444732424258,-0.9659258262890683,-0.25881904510252063,0,0,0,0,1,0,0,0,0
154.17,17,0,1,57,1,32,5.044521290095393,-0.9659258262890683,-0.25881904510252063,0,0,0,1,0,0,0,0,1
41.71,2,0,0,88,3,21,3.754433084853375,0.49999999999999994,0.8660254037844387,1,0,0,1,1,0,0,0,0
76.94,20,0,0,55,1,48,4.355939299910563,-0.8660254037844386,0.5000000000000001,0,0,0,0,0,0,1,0,0
353.64,19,0,0,72,3,64,5.871103190436798,-0.9659258262890684,0.2588190451025203,0,0,0,0,0,0,0,1,0
131.09,1,0,0,68,1,22,4.883483508435773,0.25881904510252074,0.9659258262890683,1,0,0,1,0,0,0,1,0
206.52,14,0,0,49,0,27,5.335227720568134,-0.4999999999999997,-0.8660254037844388,0,0,0,0,1,0,0,0,0
21.66,9,0,0,46,2,38,3.12060125559986,0.7071067811865476,-0.7071067811865475,0,0,0,0,0,0,0,1,0
48.97,0,0,0,83,0,20,3.9114228253561136,0.0,1.0,1,0,0,1,0,1,0,0,0
373.3,18,0,0,49,1,67,5.925057614910384,-1.0,-1.8369701987210297e-16,0,0,0,0,0,0,1,0,0
381.52,3,0,0,74,1,69,5.946780939481342,0.7071067811865476,0.7071067811865476,1,0,0,1,1,0,0,0,0
105.35,20,0,1,52,0,65,4.666735541646246,-0.8660254037844386,0.5000000000000001,0,0,0,1,0,0,1,0,0
219.09,6,0,0,50,2,21,5.394036553606581,1.0,6.123233995736766e-17,0,0,0,0,0,1,0,0,0
77.46,7,0,0,65,4,41,4.362588940781406,0.9659258262890683,-0.25881904510252063,0,1,0,1,0,0,0,0,1
127.85,8,0,1,83,1,66,4.858648937098374,0.8660254037844387,-0.4999999999999998,0,0,0,1,0,1,0,0,0
28.68,13,1,0,71,2,36,3.39047341829918,-0.2588190451025208,-0.9659258262890683,0,0,0,1,1,0,0,0,0
607.44,10,0,0,25,3,55,6.410898304443542,0.49999999999999994,-0.8660254037844387,0,0,1,1,0,0,0,0,1
65.61,13,0,0,79,0,46,4.198854716425088,-0.2588190451025208,-0.9659258262890683,0,0,0,0,1,0,0,0,0
4.55,20,0,0,42,1,49,1.713797927758343,-0.8660254037844386,0.5000000000000001,0,0,0,0,0,1,0,0,0
148.05,2,0,0,66,2,38,5.00428182012408,0.49999999999999994,0.8660254037844387,1,0,0,1,0,0,0,1,0
107.55,15,0,0,72,2,29,4.6872108963243,-0.7071067811865471,-0.7071067811865479,0,0,0,0,0,1,0,0,0
5.6,13,0,0,70,4,19,1.8870696490323797,-0.2588190451025208,-0.9659258262890683,0,1,0,1,1,0,0,0,0
26.99,0,0,0,73,2,69,3.331847303527362,0.0,1.0,1,0,0,1,1,0,0,0,0
114.72,19,0,0,32,1,43,4.751173480107934,-0.9659258262890684,0.2588190451025203,0,0,1,1,0,0,1,0,0
290.02,14,0,0,37,2,23,5.673391993332133,-0.4999999999999997,-0.8660254037844388,0,0,1,1,0,1,0,0,0
210.02,13,0,0,95,0,44,5.351952915713946,-0.2588190451025208,-0.9659258262890683,0,0,0,0,1,0,0,0,0
432.61,16,0,0,38,3,19,6.072145512590123,-0.8660254037844385,-0.5000000000000004,0,0,1,1,0,1,0,0,0
16.7,21,0,0,37,5,26,2.8735646395797834,-0.7071067811865477,0.7071067811865474,0,1,1,2,0,1,0,0,0
104.28,6,0,0,71,2,52,4.656623467577007,1.0,6.123233995736766e-17,0,0,0,0,0,1,0,0,0
298.62,7,0,0,26,1,35,5.702515005089236,0.9659258262890683,-0.25881904510252063,0,0,1,1,0,0,0,0,1
546.81,5,1,1,53,2,45,6.305928511499892,0.9659258262890683,0.25881904510252074,1,0,0,3,0,0,0,1,0
300.33,0,0,0,69,1,50,5.708206009715981,0.0,1.0,1,0,0,1,0,0,1,0,0
74.53,1,0,0,80,3,27,4.324529928325356,0.25881904510252074,0.9659258262890683,1,0,0,1,0,0,0,0,1
53.86,0,0,0,54,1,64,4.004784485509457,0.0,1.0,1,0,0,1,1,0,0,0,0
108.37,16,0,0,99,2,49,4.694736629347134,-0.8660254037844385,-0.5000000000000004,0,0,0,0,0,0,0,1,0
414.51,11,1,0,46,2,41,6.029506681394576,0.258819045102521,-0.9659258262890682,0,0,0,1,0,1,0,0,0
102.35,23,0,0,25,2,20,4.638121286127777,-0.25881904510252157,0.9659258262890681,0,0,1,1,1,0,0,0,0
666.98,15,0,0,48,4,64,6.504258232968671,-0.7071067811865471,-0.7071067811865479,0,1,0,1,0,0,0,0,1
12.82,7,0,0,99,1,69,2.626116818339524,0.9659258262890683,-0.25881904510252063,0,0,0,0,0,0,0,1,0
202.97,12,0,0,36,2,65,5.317972924206478,1.2246467991473532e-16,-1.0,0,0,1,1,0,0,0,1,0
65.22,2,0,1,56,1,49,4.1929825321191005,0.49999999999999994,0.8660254037844387,1,0,0,2,0,0,0,0,1
298.01,4,0,0,43,2,18,5.700477017647475,0.8660254037844386,0.5000000000000001,1,0,0,1,1,0,0,0,0
117.42,4,0,1,89,4,18,4.77423762710363,0.8660254037844386,0.5000000000000001,1,1,0,3,0,1,0,0,0
12.23,2,1,0,28,3,66,2.5824869781268642,0.49999999999999994,0.8660254037844387,1,0,1,3,0,0,1,0,0
187.55,6,0,0,63,1,31,5.239363223704366,1.0,6.123233995736766e-17,0,0,0,0,0,0,0,0,1
3.48,18,0,0,30,1,33,1.4996230464268938,-1.0,-1.8369701987210297e-16,0,0,1,1,1,0,0,0,0
436.13,16,0,0,59,7,64,6.080230633693873,-0.8660254037844385,-0.5000000000000004,0,1,0,1,0,0,0,1,0
51.43,21,0,1,66,1,53,3.9594789465844413,-0.7071067811865477,0.7071067811865474,0,0,0,1,1,0,0,0,0
732.86,7,0,1,98,1,62,6.598318274727327,0.9659258262890683,-0.25881904510252063,0,0,0,1,0,0,0,1,0
5.83,19,0,0,82,0,49,1.9213246735826988,-0.9659258262890684,0.2588190451025203,0,0,0,0,0,1,0,0,0
15.29,16,1,0,74,1,39,2.790551422613954,-0.8660254037844385,-0.5000000000000004,0,0,0,1,0,1,0,0,0
174.56,23,0,0,52,1,52,5.167980864820033,-0.25881904510252157,0.9659258262890681,0,0,0,0,1,0,0,0,0
14.38,10,0,0,31,0,33,2.733067964077498,0.49999999999999994,-0.8660254037844387,0,0,1,1,0,0,0,1,0
165.78,21,0,0,32,0,25,5.116675578658839,-0.7071067811865477,0.7071067811865474,0,0,1,1,0,0,0,0,1
97.48,9,0,0,82,2,33,4.589853481876198,0.7071067811865476,-0.7071067811865475,0,0,0,0,1,0,0,0,0
969.55,4,0,0,96,3,43,6.8778629211171,0.8660254037844386,0.5000000000000001,1,0,0,1,1,0,0,0,0
30.62,19,0,0,62,1,32,3.453789831781326,-0.9659258262890684,0.2588190451025203,0,0,0,0,0,0,0,1,0
61.95,3,0,1,30,4,41,4.142340760490356,0.7071067811865476,0.7071067811865476,1,1,1,4,0,1,0,0,0
330.89,20,0,0,83,0,57,5.804803588714929,-0.8660254037844386,0.5000000000000001,0,0,0,0,0,1,0,0,0
64.37,4,0,0,69,4,37,4.180063437624638,0.8660254037844386,0.5000000000000001,1,1,0,2,0,0,1,0,0
41.6,11,0,0,97,4,40,3.751854253275325,0.258819045102521,-0.9659258262890682,0,1,0,1,0,0,0,1,0
168.15,20,0,0,29,2,23,5.130785895226717,-0.8660254037844386,0.5000000000000001,0,0,1,1,0,1,0,0,0
62.9,21,0,0,84,0,31,4.157319361383489,-0.7071067811865477,0.7071067811865474,0,0,0,0,0,1,0,0,0
131.5,22,1,0,49,3,51,4.886582645426277,-0.5000000000000004,0.8660254037844384,0,0,0,1,0,0,0,1,0
21.18,10,0,0,51,4,51,3.099190981922221,0.49999999999999994,-0.8660254037844387,0,1,0,1,0,0,0,0,1
263.89,18,0,0,52,1,36,5.579314645471096,-1.0,-1.8369701987210297e-16,0,0,0,0,0,0,1,0,0
368.04,15,0,0,45,4,43,5.910905039249565,-0.7071067811865471,-0.7071067811865479,0,1,0,1,0,1,0,0,0
11.27,23,0,0,52,3,28,2.50715725872282,-0.25881904510252157,0.9659258262890681,0,0,0,0,0,0,1,0,0
63.57,17,0,1,39,2,46,4.167749906638376,-0.9659258262890683,-0.25881904510252063,0,0,1,2,0,0,0,0,1
595.78,13,0,0,32,3,49,6.391548536263666,-0.2588190451025208,-0.9659258262890683,0,0,1,1,0,1,0,0,0
189.06,14,0,1,63,1,19,5.247339811783169,-0.4999999999999997,-0.8660254037844388,0,0,0,1,0,0,1,0,0
120.99,2,0,0,56,4,63,4.803939074160646,0.49999999999999994,0.8660254037844387,1,1,0,2,0,0,0,1,0
191.3,22,0,0,98,1,44,5.259056652594734,-0.5000000000000004,0.8660254037844384,0,0,0,0,0,0,1,0,0
75.45,13,0,0,71,2,30,4.336636932375072,-0.2588190451025208,-0.9659258262890683,0,0,0,0,0,1,0,0,0
194.43,22,0,0,51,1,20,5.275202259041985,-0.5000000000000004,0.8660254037844384,0,0,0,0,0,0,0,0,1
346.28,4,0,0,62,3,53,5.850131370991338,0.8660254037844386,0.5000000000000001,1,0,0,1,0,1,0,0,0
432.54,2,0,0,42,2,64,6.071984064166777,0.49999999999999994,0.8660254037844387,1,0,0,1,0,0,1,0,0
18.05,3,0,0,86,1,24,2.94706710157271,0.7071067811865476,0.7071067811865476,1,0,0,1,0,0,0,0,1
328.94,6,0,0,30,3,28,5.798910819747778,1.0,6.123233995736766e-17,0,0,1,1,1,0,0,0,0
299.98,8,0,0,54,0,51,5.7070438173585725,0.8660254037844387,-0.4999999999999998,0,0,0,0,0,1,0,0,0
30.21,16,0,0,28,2,40,3.440738556282688,-0.8660254037844385,-0.5000000000000004,0,0,1,1,1,0,0,0,0
30.8,6,0,0,90,2,63,3.459466289786131,1.0,6.123233995736766e-17,0,0,0,0,0,1,0,0,0
364.69,17,0,0,37,3,26,5.901785979963302,-0.9659258262890683,-0.25881904510252063,0,0,1,1,0,1,0,0,0
442.91,1,0,0,92,3,33,6.095621839182552,0.25881904510252074,0.9659258262890683,1,0,0,1,0,1,0,0,0
146.73,23,0,0,30,3,43,4.9953862833335165,-0.25881904510252157,0.9659258262890681,0,0,1,1,0,0,0,0,1
780.27,23,0,1,49,3,65,6.660920800722937,-0.25881904510252157,0.9659258262890681,0,0,0,1,0,0,1,0,0
185.11,21,0,0,85,5,31,5.226337896755872,-0.7071067811865477,0.7071067811865474,0,1,0,1,0,0,0,1,0
107.18,3,0,0,52,2,31,4.683796506443281,0.7071067811865476,0.7071067811865476,1,0,0,1,0,0,0,0,1
152.27,19,0,0,59,4,34,5.032201072010817,-0.9659258262890684,0.2588190451025203,0,1,0,1,0,0,1,0,0
23.74,15,0,0,45,7,27,3.208421366964342,-0.7071067811865471,-0.7071067811865479,0,1,0,1,1,0,0,0,0
118.17,20,0,0,97,3,65,4.7805510451027144,-0.8660254037844386,0.5000000000000001,0,0,0,0,0,0,1,0,0
218.25,0,0,0,91,3,25,5.390212631252292,0.0,1.0,1,0,0,1,1,0,0,0,0
63.51,19,0,0,35,1,69,4.16682025054415,-0.9659258262890684,0.2588190451025203,0,0,1,1,1,0,0,0,0
36.87,15,0,0,37,4,33,3.634159241913703,-0.7071067811865471,-0.7071067811865479,0,1,1,2,0,0,0,0,1
176.71,5,0,0,89,2,37,5.1801530081973945,0.9659258262890683,0.25881904510252074,1,0,0,1,0,0,0,1,0
17.25,5,0,0,35,1,28,2.9041650800285006,0.9659258262890683,0.25881904510252074,1,0,1,2,0,1,0,0,0
408.7,19,0,0,34,0,29,6.015425184552825,-0.9659258262890684,0.2588190451025203,0,0,1,1,0,0,1,0,0
985.18,1,0,0,69,2,36,6.89383889372229,0.25881904510252074,0.9659258262890683,1,0,0,1,0,1,0,0,0
83.23,2,0,0,28,0,21,4.433551152327272,0.49999999999999994,0.8660254037844387,1,0,1,2,0,0,1,0,0
401.4,1,1,0,31,0,28,5.9974466187855295,0.25881904510252074,0.9659258262890683,1,0,1,3,0,1,0,0,0
3.99,10,0,0,61,1,35,1.6074359097634274,0.49999999999999994,-0.8660254037844387,0,0,0,0,0,0,1,0,0
306.64,18,0,0,98,4,50,5.728930268188853,-1.0,-1.8369701987210297e-16,0,1,0,1,1,0,0,0,0
99.68,22,0,0,60,0,36,4.611947170267115,-0.5000000000000004,0.8660254037844384,0,0,0,0,0,0,1,0,0
90.84,17,0,0,36,4,40,4.520047932571257,-0.9659258262890683,-0.25881904510252063,0,1,1,2,0,1,0,0,0
115.56,10,0,0,77,2,31,4.758406161886949,0.49999999999999994,-0.8660254037844387,0,0,0,0,1,0,0,0,0
111.21,8,0,0,82,1,33,4.720372115676775,0.8660254037844387,-0.4999999999999998,0,0,0,0,0,0,0,1,0
98.97,22,0,0,28,7,34,4.60487014097909,-0.5000000000000004,0.8660254037844384,0,1,1,2,0,0,0,0,1
76.05,0,0,1,84,2,58,4.344454561766125,0.0,1.0,1,0,0,2,0,0,1,0,0
257.65,15,0,0,60,1,22,5.555475796449524,-0.7071067811865471,-0.7071067811865479,0,0,0,0,1,0,0,0,0
87.81,3,0,0,53,2,23,4.486499256270413,0.7071067811865476,0.7071067811865476,1,0,0,1,1,0,0,0,0
139.12,20,0,0,29,1,42,4.942499198329286,-0.8660254037844386,0.5000000000000001,0,0,1,1,1,0,0,0,0
149.89,5,0,0,27,4,46,5.01655109452556,0.9659258262890683,0.25881904510252074,1,1,1,3,0,0,0,1,0
199.12,17,0,0,95,3,25,5.298917186620004,-0.9659258262890683,-0.25881904510252063,0,0,0,0,0,0,0,0,1
24.72,4,0,0,52,2,23,3.2472688993694185,0.8660254037844386,0.5000000000000001,1,0,0,1,0,0,0,1,0
127.45,15,0,0,50,1,48,4.855539723555893,-0.7071067811865471,-0.7071067811865479,0,0,0,0,0,0,1,0,0
13.98,1,0,0,37,0,39,2.7067159780890733,0.25881904510252074,0.9659258262890683,1,0,1,2,0,0,0,0,1
209.09,15,0,0,72,2,54,5.347536010335536,-0.7071067811865471,-0.7071067811865479,0,0,0,0,0,0,1,0,0
363.15,0,0,0,98,0,65,5.897565870663924,0.0,1.0,1,0,0,1,0,0,1,0,0
287.39,2,0,0,66,2,41,5.664313730745834,0.49999999999999994,0.8660254037844387,1,0,0,1,0,1,0,0,0
111.63,0,0,0,44,2,23,4.724108110059605,0.0,1.0,1,0,0,1,1,0,0,0,0
108.34,0,0,0,61,1,63,4.694462293466853,0.0,1.0,1,0,0,1,0,0,0,1,0
319.17,18,0,0,82,1,37,5.768852104730449,-1.0,-1.8369701987210297e-16,0,0,0,0,0,0,0,0,1
57.49,8,0,0,64,2,60,4.068855799454934,0.8660254037844387,-0.4999999999999998,0,0,0,0,1,0,0,0,0
3.34,23,0,0,93,0,18,1.4678743481123135,-0.25881904510252157,0.9659258262890681,0,0,0,0,0,0,1,0,0
197.95,7,0,0,97,2,30,5.293053536872938,0.9659258262890683,-0.25881904510252063,0,0,0,0,0,0,1,0,0
280.59,2,0,0,77,1,49,5.640452112289707,0.49999999999999994,0.8660254037844387,1,0,0,1,0,1,0,0,0
462.18,23,0,0,60,1,46,6.138115747433675,-0.25881904510252157,0.9659258262890681,0,0,0,0,0,0,1,0,0
530.37,5,0,0,90,5,45,6.27545857708399,0.9659258262890683,0.25881904510252074,1,1,0,2,0,0,0,0,1
238.31,1,0,0,44,2,50,5.477759782591148,0.25881904510252074,0.9659258262890683,1,0,0,1,1,0,0,0,0
356.76,23,0,0,25,1,55,5.87986237052668,-0.25881904510252157,0.9659258262890681,0,0,1,1,1,0,0,0,0
126.39,6,0,0,41,1,30,4.847253247121696,1.0,6.123233995736766e-17,0,0,0,0,0,0,0,0,1
141.17,10,0,0,40,0,29,4.957023524647607,0.49999999999999994,-0.8660254037844387,0,0,0,0,1,0,0,0,0
46.12,1,0,1,41,1,21,3.8526975393433314,0.25881904510252074,0.9659258262890683,1,0,0,2,1,0,0,0,0
10.56,9,0,1,93,1,48,2.4475508632442313,0.7071067811865476,-0.7071067811865475,0,0,0,1,1,0,0,0,0
269.2,9,0,0,83,0,56,5.5991624255260986,0.7071067811865476,-0.7071067811865475,0,0,0,0,0,0,0,1,0
172.65,16,0,0,96,1,32,5.157041779190083,-0.8660254037844385,-0.5000000000000004,0,0,0,0,1,0,0,0,0
42.55,3,0,0,44,4,68,3.7739097032985116,0.7071067811865476,0.7071067811865476,1,1,0,2,0,0,0,0,1
20.9,6,0,0,42,3,43,3.086486636822455,1.0,6.123233995736766e-17,0,0,0,0,0,1,0,0,0
31.68,20,0,1,47,3,49,3.486763269991802,-0.8660254037844386,0.5000000000000001,0,0,0,1,0,0,0,1,0
57.55,11,0,0,83,1,30,4.069881090043726,0.258819045102521,-0.9659258262890682,0,0,0,0,0,0,0,1,0
5.4,15,0,0,46,3,53,1.8562979903656263,-0.7071067811865471,-0.7071067811865479,0,0,0,0,1,0,0,0,0
59.61,6,0,0,96,1,29,4.104459895963194,1.0,6.123233995736766e-17,0,0,0,0,0,0,1,0,0
237.5,22,0,0,61,1,29,5.474369310328396,-0.5000000000000004,0.8660254037844384,0,0,0,0,0,0,0,1,0
29.09,11,0,0,30,2,37,3.4041928906419536,0.258819045102521,-0.9659258262890682,0,0,1,1,0,0,1,0,0
12.48,7,0,0,42,4,61,2.601207105484161,0.9659258262890683,-0.25881904510252063,0,1,0,1,0,0,1,0,0
82.96,0,0,0,78,1,38,4.430340494952432,0.0,1.0,1,0,0,1,0,0,0,0,1
10.67,8,0,1,44,3,63,2.4570214462984645,0.8660254037844387,-0.4999999999999998,0,0,0,1,0,0,1,0,0
9.25,1,0,0,59,2,69,2.327277705584417,0.25881904510252074,0.9659258262890683,1,0,0,1,0,0,0,0,1
38.16,9,1,0,26,1,41,3.6676558176623097,0.7071067811865476,-0.7071067811865475,0,0,1,2,0,0,1,0,0
249.5,11,0,0,52,1,38,5.523458920524919,0.258819045102521,-0.9659258262890682,0,0,0,0,0,1,0,0,0
60.65,21,0,0,58,5,35,4.121473229610353,-0.7071067811865477,0.7071067811865474,0,1,0,1,1,0,0,0,0
68.27,1,0,0,60,2,32,4.238011912034514,0.25881904510252074,0.9659258262890683,1,0,0,1,0,0,1,0,0
48.6,12,0,0,66,3,28,3.903990833730882,1.2246467991473532e-16,-1.0,0,0,0,0,1,0,0,0,0
193.29,12,0,0,25,1,22,5.269351888255022,1.2246467991473532e-16,-1.0,0,0,1,1,0,1,0,0,0
46.59,0,0,0,40,1,31,3.862622655133019,0.0,1.0,1,0,0,1,0,1,0,0,0
140.68,3,1,0,31,1,63,4.953570993474578,0.7071067811865476,0.7071067811865476,1,0,1,3,0,0,1,0,0
2.2,4,0,0,52,2,30,1.1631508098056809,0.8660254037844386,0.5000000000000001,1,0,0,1,1,0,0,0,0
199.28,5,0,0,93,0,57,5.299716387461744,0.9659258262890683,0.25881904510252074,1,0,0,1,0,0,0,0,1
244.91,10,0,0,56,4,40,5.504965615333049,0.49999999999999994,-0.8660254037844387,0,1,0,1,0,0,0,0,1
322.45,5,0,0,83,6,63,5.779044542489994,0.9659258262890683,0.25881904510252074,1,1,0,2,0,0,0,1,0
1.06,3,0,0,44,2,32,0.7227059828014898,0.7071067811865476,0.7071067811865476,1,0,0,1,0,0,0,1,0
82.8,10,0,0,81,3,54,4.428433007488037,0.49999999999999994,-0.8660254037844387,0,0,0,0,1,0,0,0,0
149.54,6,0,0,83,4,22,5.0142288296063855,1.0,6.123233995736766e-17,0,1,0,1,0,0,1,0,0
175.31,22,0,1,43,1,56,5.172243809292668,-0.5000000000000004,0.8660254037844384,0,0,0,1,1,0,0,0,0
386.07,15,0,0,73,4,69,5.9586055552262005,-0.7071067811865471,-0.7071067811865479,0,1,0,1,0,0,0,1,0
131.45,7,0,0,99,2,67,4.886205215718078,0.9659258262890683,-0.25881904510252063,0,0,0,0,0,0,1,0,0
148.06,2,1,0,55,5,66,5.004348909453547,0.49999999999999994,0.8660254037844387,1,1,0,3,0,0,1,0,0
124.81,20,0,0,51,3,22,4.83477283236304,-0.8660254037844386,0.5000000000000001,0,0,0,0,1,0,0,0,0
150.38,17,0,0,80,2,54,5.019793231881021,-0.9659258262890683,-0.25881904510252063,0,0,0,0,1,0,0,0,0
76.7,23,0,0,94,2,21,4.3528552573736015,-0.25881904510252157,0.9659258262890681,0,0,0,0,0,0,0,1,0
131.23,17,0,0,80,2,53,4.884542830568732,-0.9659258262890683,-0.25881904510252063,0,0,0,0,0,0,0,1,0
15.92,12,0,1,70,1,24,2.8284963541780774,1.2246467991473532e-16,-1.0,0,0,0,1,1,0,0,0,0
54.84,22,1,0,34,0,68,4.022490458454117,-0.5000000000000004,0.8660254037844384,0,0,1,2,0,0,0,0,1
361.2,12,0,0,44,3,20,5.892196545449313,1.2246467991473532e-16,-1.0,0,0,0,0,0,0,0,0,1
180.57,23,0,0,80,2,54,5.201641254282576,-0.25881904510252157,0.9659258262890681,0,0,0,0,0,0,1,0,0
100.2,14,0,0,29,5,49,4.617098756853365,-0.4999999999999997,-0.8660254037844388,0,1,1,2,0,0,0,0,1
174.48,10,0,0,30,1,52,5.167525076298014,0.49999999999999994,-0.8660254037844387,0,0,1,1,0,0,0,0,1
61.44,19,0,0,44,1,42,4.134206095647231,-0.9659258262890684,0.2588190451025203,0,0,0,0,0,1,0,0,0
592.13,10,0,0,83,0,51,6.385413599254899,0.49999999999999994,-0.8660254037844387,0,0,0,0,0,1,0,0,0
0.89,22,0,0,87,4,67,0.636576829071551,-0.5000000000000004,0.8660254037844384,0,1,0,1,1,0,0,0,0
154.85,23,1,0,90,1,30,5.048894006213346,-0.25881904510252157,0.9659258262890681,0,0,0,1,0,0,0,1,0
32.4,0,0,0,90,1,48,3.5085558999826545,0.0,1.0,1,0,0,1,0,1,0,0,0
13.49,21,0,0,56,3,40,2.673458756332591,-0.7071067811865477,0.7071067811865474,0,0,0,0,0,0,0,1,0
1.68,17,1,0,54,1,49,0.9858167945227653,-0.9659258262890683,-0.25881904510252063,0,0,0,1,0,0,0,1,0
166.58,5,0,0,36,1,27,5.121460849185141,0.9659258262890683,0.25881904510252074,1,0,1,2,1,0,0,0,0
122.25,2,0,0,31,3,47,4.814214812922799,0.49999999999999994,0.8660254037844387,1,0,1,2,0,1,0,0,0
166.86,23,0,1,94,0,35,5.123130298654681,-0.25881904510252157,0.9659258262890681,0,0,0,1,0,0,0,1,0
73.23,7,0,0,90,0,45,4.307168381129456,0.9659258262890683,-0.25881904510252063,0,0,0,0,0,0,0,0,1
23.1,3,1,0,67,3,27,3.1822118404966093,0.7071067811865476,0.7071067811865476,1,0,0,2,0,0,1,0,0
147.67,9,0,0,76,0,58,5.00172908462526,0.7071067811865476,-0.7071067811865475,0,0,0,0,0,0,1,0,0
40.58,9,0,0,73,2,46,3.727619282429867,0.7071067811865476,-0.7071067811865475,0,0,0,0,0,0,0,0,1
33.16,0,0,0,25,1,37,3.531055368920369,0.0,1.0,1,0,1,2,1,0,0,0,0
280.8,8,0,0,57,2,45,5.64119759946458,0.8660254037844387,-0.4999999999999998,0,0,0,0,1,0,0,0,0
67.67,12,0,0,70,3,35,4.229312422632585,1.2246467991473532e-16,-1.0,0,0,0,0,1,0,0,0,0
16.21,0,0,0,39,6,67,2.845490610223448,0.0,1.0,1,1,1,3,0,1,0,0,0
8.66,21,0,0,32,1,57,2.2679936482244267,-0.7071067811865477,0.7071067811865474,0,0,1,1,0,1,0,0,0
240.56,16,0,1,86,1,61,5.4871178894397,-0.8660254037844385,-0.5000000000000004,0,0,0,1,0,0,0,0,1
56.01,20,1,0,64,3,21,4.043226691043491,-0.8660254037844386,0.5000000000000001,0,0,0,1,0,0,1,0,0
54.15,19,0,0,38,0,48,4.0100567456995115,-0.9659258262890684,0.2588190451025203,0,0,1,1,0,0,1,0,0
112.19,17,0,0,51,1,63,4.729067822644328,-0.9659258262890683,-0.25881904510252063,0,0,0,0,1,0,0,0,0
98.46,17,0,1,62,3,69,4.599755553286593,-0.9659258262890683,-0.25881904510252063,0,0,0,1,1,0,0,0,0
40.09,8,0,0,78,2,48,3.7157647828953184,0.8660254037844387,-0.4999999999999998,0,0,0,0,0,0,0,0,1
30.82,5,0,1,70,1,41,3.4600950229096408,0.9659258262890683,0.25881904510252074,1,0,0,2,0,0,0,1,0
201.83,6,0,0,27,2,41,5.312368189770696,1.0,6.123233995736766e-17,0,0,1,1,0,0,0,0,1
52.01,8,0,0,53,1,20,3.9704805749997147,0.8660254037844387,-0.4999999999999998,0,0,0,0,0,0,1,0,0
137.23,19,0,0,56,2,37,4.928918964476265,-0.9659258262890684,0.2588190451025203,0,0,0,0,0,0,0,1,0
18.57,7,0,0,39,1,69,2.9739977814079848,0.9659258262890683,-0.25881904510252063,0,0,1,1,0,0,0,0,1
32.42,9,0,0,29,1,66,3.509154523167248,0.7071067811865476,-0.7071067811865475,0,0,1,1,0,0,1,0,0
165.75,12,0,1,40,2,42,5.1164956847957335,1.2246467991473532e-16,-1.0,0,0,0,1,0,1,0,0,0
27.75,6,0,0,54,5,42,3.3586377672433594,1.0,6.123233995736766e-17,0,1,0,1,0,0,0,0,1
59.07,8,1,0,33,4,20,4.09551054886207,0.8660254037844387,-0.4999999999999998,0,1,1,3,0,0,0,0,1
51.02,12,0,0,85,1,35,3.9516282600205055,1.2246467991473532e-16,-1.0,0,0,0,0,0,0,0,0,1
139.27,13,0,0,44,2,31,4.94356913673158,-0.2588190451025208,-0.9659258262890683,0,0,0,0,0,0,1,0,0
95.54,7,0,0,45,2,60,4.569957430232347,0.9659258262890683,-0.25881904510252063,0,0,0,0,0,1,0,0,0
563.44,11,0,0,61,4,56,6.33583408918956,0.258819045102521,-0.9659258262890682,0,1,0,1,0,0,1,0,0
9.88,8,0,0,45,0,59,2.3869262414277967,0.8660254037844387,-0.4999999999999998,0,0,0,0,1,0,0,0,0
127.93,10,0,0,84,4,66,4.859269621422746,0.49999999999999994,-0.8660254037844387,0,1,0,1,1,0,0,0,0
173.9,14,0,0,70,2,31,5.164214382024556,-0.4999999999999997,-0.8660254037844388,0,0,0,0,0,0,0,0,1
7.23,8,0,0,60,2,22,2.1077860146889784,0.8660254037844387,-0.4999999999999998,0,0,0,0,0,1,0,0,0
68.28,14,0,0,92,1,50,4.2381562642541795,-0.4999999999999997,-0.8660254037844388,0,0,0,0,0,0,0,0,1
775.12,6,0,0,41,2,37,6.654307147403072,1.0,6.123233995736766e-17,0,0,0,0,0,1,0,0,0
254.68,6,0,0,81,4,18,5.54392666257791,1.0,6.123233995736766e-17,0,1,0,1,0,1,0,0,0
41.38,17,0,1,98,1,66,3.746676552840153,-0.9659258262890683,-0.25881904510252063,0,0,0,1,0,1,0,0,0
31.39,14,1,0,89,3,52,3.477849733183238,-0.4999999999999997,-0.8660254037844388,0,0,0,1,0,0,0,0,1
183.5,0,0,0,99,2,42,5.217649463480582,0.0,1.0,1,0,0,1,1,0,0,0,0
39.55,17,0,0,84,2,48,3.702535780561422,-0.9659258262890683,-0.25881904510252063,0,0,0,0,0,0,1,0,0
68.6,20,0,0,48,3,68,4.242764567340374,-0.8660254037844386,0.5000000000000001,0,0,0,0,1,0,0,0,0
298.33,14,0,0,46,0,20,5.701546643714624,-0.4999999999999997,-0.8660254037844388,0,0,0,0,1,0,0,0,0
139.79,9,0,0,83,1,29,4.947269418474436,0.7071067811865476,-0.7071067811865475,0,0,0,0,0,0,0,0,1
199.7,5,0,0,47,0,25,5.301811255802292,0.9659258262890683,0.25881904510252074,1,0,0,1,0,0,0,0,1
325.91,19,0,0,94,3,51,5.789684903656904,-0.9659258262890684,0.2588190451025203,0,0,0,0,1,0,0,0,0
87.27,5,0,0,94,0,20,4.480400299032142,0.9659258262890683,0.25881904510252074,1,0,0,1,0,0,0,0,1
66.87,16,0,0,94,0,67,4.217594110715667,-0.8660254037844385,-0.5000000000000004,0,0,0,0,0,0,1,0,0
67.93,14,0,0,83,3,38,4.23309149689756,-0.4999999999999997,-0.8660254037844388,0,0,0,0,0,1,0,0,0
76.58,21,0,0,44,0,30,4.351309662011821,-0.7071067811865477,0.7071067811865474,0,0,0,0,0,0,0,0,1
592.51,20,0,0,41,1,53,6.38605406310744,-0.8660254037844386,0.5000000000000001,0,0,0,0,0,0,1,0,0
63.7,15,0,0,90,2,50,4.169761201506855,-0.7071067811865471,-0.7071067811865479,0,0,0,0,0,0,0,0,1
613.85,5,1,0,95,2,44,6.421378335618456,0.9659258262890683,0.25881904510252074,1,0,0,2,0,0,1,0,0
16.39,7,0,1,60,3,59,2.855895328366192,0.9659258262890683,-0.25881904510252063,0,0,0,1,0,1,0,0,0
27.53,14,0,0,80,2,47,3.3509561652254085,-0.4999999999999997,-0.8660254037844388,0,0,0,0,0,0,0,0,1
16.37,18,0,0,52,3,46,2.854744580253014,-1.0,-1.8369701987210297e-16,0,0,0,0,0,0,0,1,0
187.86,18,0,0,73,0,25,5.241005999834923,-1.0,-1.8369701987210297e-16,0,0,0,0,0,0,1,0,0
5.58,18,0,0,75,3,62,1.884034745337226,-1.0,-1.8369701987210297e-16,0,0,0,0,1,0,0,0,0
7.8,21,0,0,95,3,21,2.174751721484161,-0.7071067811865477,0.7071067811865474,0,0,0,0,1,0,0,0,0
181.96,12,0,0,57,5,45,5.209267549714526,1.2246467991473532e-16,-1.0,0,1,0,1,0,0,1,0,0
100.78,10,0,0,68,1,46,4.622813621160686,0.49999999999999994,-0.8660254037844387,0,0,0,0,0,1,0,0,0
144.26,3,0,0,65,1,47,4.978525240178022,0.7071067811865476,0.7071067811865476,1,0,0,1,0,1,0,0,0
76.22,14,0,0,92,2,34,4.346658490836091,-0.4999999999999997,-0.8660254037844388,0,0,0,0,0,0,0,1,0
74.25,9,0,0,60,0,37,4.3208159036289855,0.7071067811865476,-0.7071067811865475,0,0,0,0,1,0,0,0,0
142.04,23,0,0,26,0,20,4.963124311425204,-0.25881904510252157,0.9659258262890681,0,0,1,1,0,0,0,1,0
624.96,12,0,0,50,2,63,6.439286471294971,1.2246467991473532e-16,-1.0,0,0,0,0,0,0,0,1,0
9.92,21,0,0,55,2,47,2.390595970316759,-0.7071067811865477,0.7071067811865474,0,0,0,0,0,1,0,0,0
61.3,12,0,0,25,3,65,4.131961425793407,1.2246467991473532e-16,-1.0,0,0,1,1,0,1,0,0,0
62.56,20,0,0,72,1,60,4.151984341668515,-0.8660254037844386,0.5000000000000001,0,0,0,0,0,0,0,0,1
66.07,10,0,0,72,1,60,4.205736850111646,0.49999999999999994,-0.8660254037844387,0,0,0,0,0,1,0,0,0
3.53,20,0,0,26,2,39,1.5107219394949425,-0.8660254037844386,0.5000000000000001,0,0,1,1,0,0,1,0,0
284.39,13,0,0,58,4,34,5.653856665886475,-0.2588190451025208,-0.9659258262890683,0,1,0,1,0,1,0,0,0
347.62,11,1,0,74,5,59,5.853982503786719,0.258819045102521,-0.9659258262890682,0,1,0,2,0,1,0,0,0
60.95,16,0,0,77,4,62,4.126327608075152,-0.8660254037844385,-0.5000000000000004,0,1,0,1,0,0,1,0,0
3.29,17,0,0,65,4,42,1.4562867329399256,-0.9659258262890683,-0.25881904510252063,0,1,0,1,0,1,0,0,0
34.76,9,0,0,86,2,43,3.576829950305313,0.7071067811865476,-0.7071067811865475,0,0,0,0,0,0,0,1,0
224.07,10,0,0,85,1,55,5.416411464930505,0.49999999999999994,-0.8660254037844387,0,0,0,0,0,0,1,0,0
225.29,6,0,1,44,4,40,5.421817362533649,1.0,6.123233995736766e-17,0,1,0,2,0,0,1,0,0
55.51,9,0,0,45,4,27,4.034417613641752,0.7071067811865476,-0.7071067811865475,0,1,0,1,0,0,0,0,1
36.04,19,0,0,79,6,29,3.6119984097779785,-0.9659258262890684,0.2588190451025203,0,1,0,1,0,1,0,0,0
195.07,0,0,1,96,1,43,5.2784717383273305,0.0,1.0,1,0,0,2,0,0,0,0,1
619.99,18,0,0,82,1,68,6.431314978744242,-1.0,-1.8369701987210297e-16,0,0,0,0,0,0,1,0,0
142.77,11,0,0,64,4,69,4.9682148004345015,0.258819045102521,-0.9659258262890682,0,1,0,1,0,0,0,1,0
363.21,2,0,0,78,3,51,5.897730624357526,0.49999999999999994,0.8660254037844387,1,0,0,1,0,0,0,0,1
745.34,0,1,0,76,5,40,6.615181260449928,0.0,1.0,1,1,0,3,0,0,1,0,0
16.92,6,0,1,85,5,35,2.8859174075467844,1.0,6.123233995736766e-17,0,1,0,2,0,0,0,0,1
409.82,11,0,1,79,3,48,6.018155162361026,0.258819045102521,-0.9659258262890682,0,0,0,1,0,1,0,0,0
113.55,8,0,0,36,3,31,4.741011408899505,0.8660254037844387,-0.4999999999999998,0,0,1,1,1,0,0,0,0
31.55,0,0,0,83,9,30,3.482777368654578,0.0,1.0,1,1,0,2,1,0,0,0,0
74.24,21,0,0,41,1,29,4.32068300443283,-0.7071067811865477,0.7071067811865474,0,0,0,0,0,0,1,0,0
26.3,14,0,0,52,3,27,3.3068867021909143,-0.4999999999999997,-0.8660254037844388,0,0,0,0,0,0,0,1,0
55.56,9,0,0,43,0,60,4.0353020215883175,0.7071067811865476,-0.7071067811865475,0,0,0,0,0,0,0,0,1
37.61,21,0,0,69,1,46,3.653511310276145,-0.7071067811865477,0.7071067811865474,0,0,0,0,0,0,0,0,1
49.39,1,0,0,49,4,61,3.9197927426925068,0.25881904510252074,0.9659258262890683,1,1,0,2,0,0,0,1,0
57.02,11,0,0,76,2,65,4.060787778693258,0.258819045102521,-0.9659258262890682,0,0,0,0,0,0,0,1,0
254.38,13,0,0,94,4,50,5.542752631996535,-0.2588190451025208,-0.9659258262890683,0,1,0,1,0,1,0,0,0
210.82,14,0,0,97,3,50,5.355736857415523,-0.4999999999999997,-0.8660254037844388,0,0,0,0,0,1,0,0,0
53.93,21,1,0,90,1,60,4.006059647354529,-0.7071067811865477,0.7071067811865474,0,0,0,1,0,0,1,0,0
232.59,22,0,1,50,0,33,5.4535674418185955,-0.5000000000000004,0.8660254037844384,0,0,0,1,0,0,0,0,1
143.68,5,0,0,82,0,41,4.974524407083897,0.9659258262890683,0.25881904510252074,1,0,0,1,0,0,1,0,0
61.39,1,0,0,49,3,66,4.133405006122695,0.25881904510252074,0.9659258262890683,1,0,0,1,0,0,1,0,0
29.77,13,0,0,41,1,62,3.4265401893339504,-0.2588190451025208,-0.9659258262890683,0,0,0,0,0,0,0,1,0
112.54,0,0,1,52,1,68,4.73215519774258,0.0,1.0,1,0,0,2,0,0,0,0,1
55.13,14,0,0,60,2,37,4.027670428954108,-0.4999999999999997,-0.8660254037844388,0,0,0,0,0,0,1,0,0
102.77,21,1,0,72,4,48,4.642176911617187,-0.7071067811865477,0.7071067811865474,0,1,0,2,0,0,1,0,0
9.21,11,0,0,45,2,24,2.3233676321765744,0.258819045102521,-0.9659258262890682,0,0,0,0,0,0,0,0,1
248.69,7,0,0,43,3,53,5.520220148426113,0.9659258262890683,-0.25881904510252063,0,0,0,0,0,0,1,0,0
59.24,13,0,0,40,1,53,4.098336583491638,-0.2588190451025208,-0.9659258262890683,0,0,0,0,0,0,0,0,1
210.41,21,0,0,92,5,29,5.353799376007041,-0.7071067811865477,0.7071067811865474,0,1,0,1,0,0,0,0,1
498.74,22,0,0,71,1,49,6.214087963175304,-0.5000000000000004,0.8660254037844384,0,0,0,0,0,0,1,0,0
291.43,8,0,1,83,2,59,5.678225321791894,0.8660254037844387,-0.4999999999999998,0,0,0,1,0,0,0,1,0
59.68,7,0,0,37,0,65,4.105614154480332,0.9659258262890683,-0.25881904510252063,0,0,1,1,0,0,1,0,0
168.36,13,0,0,71,2,47,5.13202662682661,-0.2588190451025208,-0.9659258262890683,0,0,0,0,0,0,0,1,0
86.52,19,0,0,64,3,20,4.471867338673671,-0.9659258262890684,0.2588190451025203,0,0,0,0,1,0,0,0,0
78.63,20,0,0,47,1,40,4.377390906269353,-0.8660254037844386,0.5000000000000001,0,0,0,0,0,1,0,0,0
65.16,4,0,0,39,2,40,4.1920760507154355,0.8660254037844386,0.5000000000000001,1,0,1,2,0,0,0,0,1
83.75,15,0,0,31,2,57,4.43970574626056,-0.7071067811865471,-0.7071067811865479,0,0,1,1,1,0,0,0,0
365.05,3,0,1,28,3,38,5.9027699360926515,0.7071067811865476,0.7071067811865476,1,0,1,3,0,1,0,0,0
264.52,9,0,0,90,2,69,5.581690167411719,0.7071067811865476,-0.7071067811865475,0,0,0,0,0,0,0,0,1
374.49,10,0,0,87,4,51,5.928231839691119,0.49999999999999994,-0.8660254037844387,0,1,0,1,0,0,0,0,1
58.85,15,0,0,33,0,60,4.091841432003982,-0.7071067811865471,-0.7071067811865479,0,0,1,1,0,0,0,1,0
400.31,12,0,0,46,1,62,5.994734195975605,1.2246467991473532e-16,-1.0,0,0,0,0,0,1,0,0,0
386.92,18,0,0,42,1,69,5.960799132797097,-1.0,-1.8369701987210297e-16,0,0,0,0,1,0,0,0,0
264.11,15,0,0,80,5,42,5.580144834198022,-0.7071067811865471,-0.7071067811865479,0,1,0,1,0,1,0,0,0
79.46,6,0,0,66,2,60,4.387760166521642,1.0,6.123233995736766e-17,0,0,0,0,0,0,0,0,1
489.22,19,0,0,96,3,51,6.19485426993533,-0.9659258262890684,0.2588190451025203,0,0,0,0,1,0,0,0,0
196.2,3,0,0,37,2,31,5.284218442168535,0.7071067811865476,0.7071067811865476,1,0,1,2,0,0,0,0,1
75.72,5,0,0,38,5,47,4.340162430575183,0.9659258262890683,0.25881904510252074,1,1,1,3,0,0,0,1,0
28.41,14,0,0,90,1,56,3.3813347525659037,-0.4999999999999997,-0.8660254037844388,0,0,0,0,0,1,0,0,0
188.2,1,0,0,48,3,45,5.2428046566177775,0.25881904510252074,0.9659258262890683,1,0,0,1,0,0,1,0,0
392.81,22,0,0,66,4,59,5.975868559483426,-0.5000000000000004,0.8660254037844384,0,1,0,1,1,0,0,0,0
64.45,10,0,0,79,2,38,4.181286492355909,0.49999999999999994,-0.8660254037844387,0,0,0,0,0,0,1,0,0
565.61,8,1,0,94,1,25,6.339671236375865,0.8660254037844387,-0.4999999999999998,0,0,0,1,1,0,0,0,0
123.42,5,0,0,35,2,47,4.823662939086874,0.9659258262890683,0.25881904510252074,1,0,1,2,0,0,1,0,0
19.43,23,0,0,40,3,22,3.0170044088295307,-0.25881904510252157,0.9659258262890681,0,0,0,0,0,0,0,1,0
29.22,14,0,0,40,1,58,3.4085039568445934,-0.4999999999999997,-0.8660254037844388,0,0,0,0,1,0,0,0,0
94.37,21,0,0,44,0,36,4.557764063590821,-0.7071067811865477,0.7071067811865474,0,0,0,0,0,0,0,1,0
162.07,22,1,0,68,2,26,5.094179556473186,-0.5000000000000004,0.8660254037844384,0,0,0,1,0,1,0,0,0
286.48,4,0,0,44,0,53,5.661153292600242,0.8660254037844386,0.5000000000000001,1,0,0,1,0,1,0,0,0
471.42,16,0,0,70,1,19,6.157868420429562,-0.8660254037844385,-0.5000000000000004,0,0,0,0,1,0,0,0,0
42.51,22,0,0,32,0,57,3.772990796732589,-0.5000000000000004,0.8660254037844384,0,0,1,1,1,0,0,0,0
78.73,2,0,0,38,1,36,4.378645926514404,0.49999999999999994,0.8660254037844387,1,0,1,2,0,0,0,1,0
293.16,21,0,0,60,0,42,5.684123836993017,-0.7071067811865477,0.7071067811865474,0,0,0,0,0,1,0,0,0
155.62,18,0,0,65,3,19,5.053822489322791,-1.0,-1.8369701987210297e-16,0,0,0,0,0,0,0,0,1
275.63,22,0,0,61,1,20,5.62268087321916,-0.5000000000000004,0.8660254037844384,0,0,0,0,0,1,0,0,0
306.69,14,0,0,40,5,28,5.729092782612366,-0.4999999999999997,-0.8660254037844388,0,1,0,1,0,0,0,1,0
130.89,0,0,0,46,2,24,4.881968241837793,0.0,1.0,1,0,0,1,0,0,0,1,0
435.03,7,1,0,95,2,58,6.077711048321367,0.9659258262890683,-0.25881904510252063,0,0,0,1,0,1,0,0,0
93.37,15,0,0,36,2,25,4.547223226033242,-0.7071067811865471,-0.7071067811865479,0,0,1,1,1,0,0,0,0
177.39,1,1,0,32,5,53,5.183972164763176,0.25881904510252074,0.9659258262890683,1,1,1,4,0,0,0,0,1
310.78,17,0,0,80,3,29,5.742297810884534,-0.9659258262890683,-0.25881904510252063,0,0,0,0,1,0,0,0,0
115.73,2,0,0,79,1,38,4.759863575664572,0.49999999999999994,0.8660254037844387,1,0,0,1,1,0,0,0,0
0.28,19,0,0,74,2,28,0.2468600779315258,-0.9659258262890684,0.2588190451025203,0,0,0,0,0,0,1,0,0
248.53,12,0,1,84,0,30,5.519579148444228,1.2246467991473532e-16,-1.0,0,0,0,1,0,0,0,1,0
53.5,16,0,0,39,5,39,3.9982007016691985,-0.8660254037844385,-0.5000000000000004,0,1,1,2,0,0,0,0,1
161.88,19,0,0,57,1,58,5.093013733362158,-0.9659258262890684,0.2588190451025203,0,0,0,0,0,1,0,0,0
14.95,3,0,0,61,3,21,2.7694588292308535,0.7071067811865476,0.7071067811865476,1,0,0,1,0,0,0,0,1
60.35,2,0,0,81,4,34,4.116595171156921,0.49999999999999994,0.8660254037844387,1,1,0,2,0,0,0,0,1
169.23,13,1,0,98,0,54,5.137150463826479,-0.2588190451025208,-0.9659258262890683,0,0,0,1,1,0,0,0,0
381.4,6,0,0,90,3,27,5.946467181177246,1.0,6.123233995736766e-17,0,0,0,0,0,1,0,0,0
192.33,5,0,0,49,3,24,5.264398573344411,0.9659258262890683,0.25881904510252074,1,0,0,1,0,0,1,0,0
230.59,23,0,0,43,3,18,5.4449685668737295,-0.25881904510252157,0.9659258262890681,0,0,0,0,0,0,0,0,1
89.04,3,0,0,35,4,54,4.500254016038531,0.7071067811865476,0.7071067811865476,1,1,1,3,1,0,0,0,0
11.53,14,0,1,49,2,24,2.528125768907977,-0.4999999999999997,-0.8660254037844388,0,0,0,1,0,0,0,0,1
104.56,7,0,0,83,1,42,4.659279511635123,0.9659258262890683,-0.25881904510252063,0,0,0,0,0,0,0,1,0
200.8,21,0,0,93,4,42,5.307277107919509,-0.7071067811865477,0.7071067811865474,0,1,0,1,0,1,0,0,0
115.46,22,0,0,91,3,20,4.757547866408974,-0.5000000000000004,0.8660254037844384,0,0,0,0,0,0,0,0,1
254.46,0,0,0,26,4,62,5.543065841614631,0.0,1.0,1,1,1,3,0,0,0,0,1
17.63,8,0,0,61,3,61,2.924773184613497,0.8660254037844387,-0.4999999999999998,0,0,0,0,0,0,1,0,0
143.3,12,0,0,82,1,58,4.971894465779825,1.2246467991473532e-16,-1.0,0,0,0,0,0,0,0,1,0
208.19,21,0,0,78,2,28,5.343242929901029,-0.7071067811865477,0.7071067811865474,0,0,0,0,0,0,0,0,1
81.69,7,0,0,74,3,39,4.415098675734075,0.9659258262890683,-0.25881904510252063,0,0,0,0,0,0,0,1,0
56.56,13,0,0,59,2,45,4.052827882019167,-0.2588190451025208,-0.9659258262890683,0,0,0,0,0,0,1,0,0
47.52,0,0,0,81,1,57,3.8819760840758493,0.0,1.0,1,0,0,1,0,0,1,0,0
221.94,2,0,0,70,2,32,5.406902676961478,0.49999999999999994,0.8660254037844387,1,0,0,1,1,0,0,0,0
56.12,3,1,0,75,0,51,4.0451543180313285,0.7071067811865476,0.7071067811865476,1,0,0,2,0,0,0,1,0
214.5,5,0,0,80,2,65,5.372960909543803,0.9659258262890683,0.25881904510252074,1,0,0,1,0,0,0,0,1
368.35,15,0,0,78,0,57,5.911744703974747,-0.7071067811865471,-0.7071067811865479,0,0,0,0,0,0,1,0,0
38.27,10,0,0,42,4,54,3.6704608685899185,0.49999999999999994,-0.8660254037844387,0,1,0,1,0,0,0,1,0
11.83,11,0,0,86,2,64,2.551786178627545,0.258819045102521,-0.9659258262890682,0,0,0,0,0,0,0,1,0
105.48,1,0,1,27,3,59,4.667957174086856,0.25881904510252074,0.9659258262890683,1,0,1,3,0,0,0,0,1
53.3,22,0,0,38,1,48,3.9945242269398897,-0.5000000000000004,0.8660254037844384,0,0,1,1,0,0,0,1,0
254.49,6,1,0,38,0,42,5.543183269934562,1.0,6.123233995736766e-17,0,0,1,2,0,0,0,0,1
15.21,18,0,0,95,4,42,2.785628335747585,-1.0,-1.8369701987210297e-16,0,1,0,1,0,1,0,0,0
48.8,20,0,0,76,2,64,3.9080149840306073,-0.8660254037844386,0.5000000000000001,0,0,0,0,0,0,0,1,0
307.77,4,0,0,43,3,34,5.732596663172162,0.8660254037844386,0.5000000000000001,1,0,0,1,0,0,0,1,0
5.64,9,0,0,44,1,23,1.8931119634883424,0.7071067811865476,-0.7071067811865475,0,0,0,0,0,0,0,0,1
286.74,17,0,0,43,1,18,5.662057294608887,-0.9659258262890683,-0.25881904510252063,0,0,0,0,0,1,0,0,0
261.46,14,0,0,41,1,60,5.57009868946814,-0.4999999999999997,-0.8660254037844388,0,0,0,0,0,0,1,0,0
53.96,16,0,0,98,1,31,4.006605647914094,-0.8660254037844385,-0.5000000000000004,0,0,0,0,0,0,1,0,0
155.86,14,0,0,83,2,56,5.05535368778452,-0.4999999999999997,-0.8660254037844388,0,0,0,0,0,1,0,0,0
25.42,20,0,0,78,0,65,3.2741212990941793,-0.8660254037844386,0.5000000000000001,0,0,0,0,0,0,1,0,0
108.33,7,0,0,36,0,64,4.694370831446394,0.9659258262890683,-0.25881904510252063,0,0,1,1,1,0,0,0,0
163.16,17,0,0,59,1,22,5.100841561982405,-0.9659258262890683,-0.25881904510252063,0,0,0,0,0,0,0,0,1
245.52,7,0,0,62,3,55,5.507443126094042,0.9659258262890683,-0.25881904510252063,0,0,0,0,0,0,0,0,1
16.61,23,0,0,57,5,69,2.8684669225081145,-0.25881904510252157,0.9659258262890681,0,1,0,1,1,0,0,0,0
129.35,7,0,0,84,3,34,4.870223140379511,0.9659258262890683,-0.25881904510252063,0,0,0,0,0,1,0,0,0
32.88,10,0,0,33,3,31,3.522824869783854,0.49999999999999994,-0.8660254037844387,0,0,1,1,0,0,1,0,0
495.39,10,0,0,60,2,44,6.207361908083219,0.49999999999999994,-0.8660254037844387,0,0,0,0,1,0,0,0,0
193.5,11,0,0,35,0,35,5.270432163058501,0.258819045102521,-0.9659258262890682,0,0,1,1,0,0,0,1,0
188.22,4,0,0,59,0,29,5.242910359276298,0.8660254037844386,0.5000000000000001,1,0,0,1,0,0,1,0,0
71.82,18,0,1,72,1,51,4.287990642747287,-1.0,-1.8369701987210297e-16,0,0,0,1,0,0,0,0,1
69.65,14,0,0,77,2,65,4.257738109130536,-0.4999999999999997,-0.8660254037844388,0,0,0,0,0,0,0,1,0
221.8,20,1,0,77,4,49,5.406274508053129,-0.8660254037844386,0.5000000000000001,0,1,0,2,0,0,0,1,0
10.14,19,0,0,70,0,62,2.410542234499138,-0.9659258262890684,0.2588190451025203,0,0,0,0,1,0,0,0,0
108.72,3,0,0,81,0,51,4.697931666069403,0.7071067811865476,0.7071067811865476,1,0,0,1,0,1,0,0,0
120.62,21,0,0,47,1,39,4.800901429691963,-0.7071067811865477,0.7071067811865474,0,0,0,0,0,0,1,0,0
4.2,1,0,0,97,4,57,1.6486586255873816,0.25881904510252074,0.9659258262890683,1,1,0,2,0,0,0,1,0
145.85,17,1,0,39,2,50,4.989411657644629,-0.9659258262890683,-0.25881904510252063,0,0,1,2,1,0,0,0,0
26.63,16,0,0,78,2,52,3.318902138935325,-0.8660254037844385,-0.5000000000000004,0,0,0,0,0,0,1,0,0
128.19,20,0,0,72,1,36,4.86128418897221,-0.8660254037844386,0.5000000000000001,0,0,0,0,0,0,1,0,0
189.34,7,1,0,95,0,41,5.248811946644198,0.9659258262890683,-0.25881904510252063,0,0,0,1,0,0,0,0,1
48.31,16,0,0,79,5,60,3.8981269002360346,-0.8660254037844385,-0.5000000000000004,0,1,0,1,1,0,0,0,0
2.1,20,0,0,65,2,63,1.1314021114911006,-0.8660254037844386,0.5000000000000001,0,0,0,0,0,0,1,0,0
317.53,10,0,0,96,3,51,5.763716662099238,0.49999999999999994,-0.8660254037844387,0,0,0,0,1,0,0,0,0
65.52,9,0,0,65,2,66,4.197502654324727,0.7071067811865476,-0.7071067811865475,0,0,0,0,0,0,0,0,1
2.2,18,0,1,60,2,45,1.1631508098056809,-1.0,-1.8369701987210297e-16,0,0,0,1,0,0,1,0,0
565.69,9,1,0,84,2,48,6.339812416999059,0.7071067811865476,-0.7071067811865475,0,0,0,1,1,0,0,0,0
30.88,9,0,0,40,1,27,3.461978853922014,0.7071067811865476,-0.7071067811865475,0,0,0,0,0,1,0,0,0
8.07,2,0,0,69,1,25,2.2049722641270453,0.49999999999999994,0.8660254037844387,1,0,0,1,0,1,0,0,0
129.91,17,0,0,65,2,51,4.874510064192008,-0.9659258262890683,-0.25881904510252063,0,0,0,0,1,0,0,0,0
260.52,2,0,1,56,3,37,5.566510762415955,0.49999999999999994,0.8660254037844387,1,0,0,2,0,0,0,1,0
290.92,15,1,0,48,3,40,5.676479792128192,-0.7071067811865471,-0.7071067811865479,0,0,0,1,1,0,0,0,0
16.37,2,0,0,53,1,22,2.854744580253014,0.49999999999999994,0.8660254037844387,1,0,0,1,1,0,0,0,0
18.76,17,0,0,76,0,53,2.983659692319722,-0.9659258262890683,-0.25881904510252063,0,0,0,0,0,0,1,0,0
87.49,5,0,0,80,2,41,4.482889551279259,0.9659258262890683,0.25881904510252074,1,0,0,1,1,0,0,0,0
355.67,17,0,0,82,4,44,5.876810984538563,-0.9659258262890683,-0.25881904510252063,0,1,0,1,0,0,1,0,0
608.9,0,0,0,89,5,61,6.413295009302411,0.0,1.0,1,1,0,2,0,0,0,1,0
63.87,7,1,0,34,3,65,4.172385267224964,0.9659258262890683,-0.25881904510252063,0,0,1,2,0,0,1,0,0
101.76,22,0,0,89,1,54,4.632396172241683,-0.5000000000000004,0.8660254037844384,0,0,0,0,0,0,0,0,1
283.03,6,0,0,66,0,62,5.649079866385166,1.0,6.123233995736766e-17,0,0,0,0,0,0,0,0,1
8.29,21,0,0,94,1,32,2.2289385528257473,-0.7071067811865477,0.7071067811865474,0,0,0,0,0,0,0,1,0
19.95,14,0,0,29,0,47,3.0421386463681466,-0.4999999999999997,-0.8660254037844388,0,0,1,1,0,0,0,1,0
97.8,13,0,0,34,3,18,4.593097604753822,-0.2588190451025208,-0.9659258262890683,0,0,1,1,0,1,0,0,0
13.87,23,0,0,28,0,19,2.6993457604720636,-0.25881904510252157,0.9659258262890681,0,0,1,1,0,1,0,0,0
61.59,3,0,0,32,0,59,4.13660552093661,0.7071067811865476,0.7071067811865476,1,0,1,2,0,0,0,0,1
262.65,18,0,0,54,1,68,5.5746224659764785,-1.0,-1.8369701987210297e-16,0,0,0,0,0,0,0,1,0
23.08,22,0,0,50,6,27,3.1813816204406202,-0.5000000000000004,0.8660254037844384,0,1,0,1,0,1,0,0,0
397.73,5,0,0,41,3,42,5.988284496101351,0.9659258262890683,0.25881904510252074,1,0,0,1,0,0,1,0,0
8.4,8,0,1,70,1,63,2.2407096892759584,0.8660254037844387,-0.4999999999999998,0,0,0,1,0,1,0,0,0
157.81,1,0,0,80,2,64,5.067708519122555,0.25881904510252074,0.9659258262890683,1,0,0,1,0,0,0,1,0
3.71,5,0,0,87,2,31,1.5496879080283263,0.9659258262890683,0.25881904510252074,1,0,0,1,0,0,0,0,1
317.31,14,0,0,50,3,31,5.76302575069684,-0.4999999999999997,-0.8660254037844388,0,0,0,0,0,0,0,1,0
371.09,15,0,0,42,4,67,5.919135760495347,-0.7071067811865471,-0.7071067811865479,0,1,0,1,0,0,1,0,0
136.78,20,0,0,56,4,27,4.92565821016505,-0.8660254037844386,0.5000000000000001,0,1,0,1,0,0,1,0,0
154.57,5,0,0,95,4,50,5.04709579109903,0.9659258262890683,0.25881904510252074,1,1,0,2,0,0,1,0,0
568.83,0,0,0,63,4,59,6.3453380707304925,0.0,1.0,1,1,0,2,0,0,1,0,0
441.17,23,0,0,50,1,59,6.091694423516777,-0.25881904510252157,0.9659258262890681,0,0,0,0,0,0,0,1,0
671.94,16,0,0,67,0,50,6.5116561726242965,-0.8660254037844385,-0.5000000000000004,0,0,0,0,0,0,0,0,1
30.18,9,0,0,60,4,40,3.4397768636296306,0.7071067811865476,-0.7071067811865475,0,1,0,1,1,0,0,0,0
88.79,18,0,0,75,1,56,4.497473610532717,-1.0,-1.8369701987210297e-16,0,0,0,0,0,1,0,0,0
103.63,18,0,0,95,4,49,4.6504303173929555,-1.0,-1.8369701987210297e-16,0,1,0,1,0,0,0,1,0
60.52,23,0,0,86,1,45,4.119362325197389,-0.25881904510252157,0.9659258262890681,0,0,0,0,0,0,0,0,1
67.67,13,0,0,68,5,52,4.229312422632585,-0.2588190451025208,-0.9659258262890683,0,1,0,1,0,1,0,0,0
225.41,9,0,0,27,2,55,5.422347514964887,0.7071067811865476,-0.7071067811865475,0,0,1,1,0,1,0,0,0
155.24,23,0,0,92,1,19,5.051393286568423,-0.25881904510252157,0.9659258262890681,0,0,0,0,0,0,1,0,0
19.76,22,0,0,79,5,46,3.033028058297688,-0.5000000000000004,0.8660254037844384,0,1,0,1,0,1,0,0,0
280.31,12,0,0,62,0,34,5.639457264099644,1.2246467991473532e-16,-1.0,0,0,0,0,0,0,1,0,0
50.67,11,0,0,52,2,44,3.9448773422990935,0.258819045102521,-0.9659258262890682,0,0,0,0,0,1,0,0,0
115.13,1,1,0,34,1,24,4.754710253257667,0.25881904510252074,0.9659258262890683,1,0,1,3,0,0,0,1,0
25.33,0,0,0,43,4,52,3.270708973508218,0.0,1.0,1,1,0,2,1,0,0,0,0
249.52,1,0,1,99,0,21,5.523538757657212,0.25881904510252074,0.9659258262890683,1,0,0,2,0,0,1,0,0
84.77,11,0,0,67,3,34,4.45166929500233,0.258819045102521,-0.9659258262890682,0,0,0,0,0,0,0,0,1
959.53,9,1,0,48,1,25,6.8674852154532795,0.7071067811865476,-0.7071067811865475,0,0,0,1,0,0,0,1,0
309.87,6,0,0,61,2,33,5.739374818359324,1.0,6.123233995736766e-17,0,0,0,0,0,0,1,0,0
193.5,23,0,0,58,5,46,5.270432163058501,-0.25881904510252157,0.9659258262890681,0,1,0,1,1,0,0,0,0
31.96,4,0,0,29,1,52,3.495294705041271,0.8660254037844386,0.5000000000000001,1,0,1,2,1,0,0,0,0
78.89,16,0,0,52,1,59,4.380650688493951,-0.8660254037844385,-0.5000000000000004,0,0,0,0,0,1,0,0,0
191.79,21,0,0,89,6,26,5.261601513611377,-0.7071067811865477,0.7071067811865474,0,1,0,1,0,0,1,0,0
115.45,15,0,1,76,1,68,4.75746199633035,-0.7071067811865471,-0.7071067811865479,0,0,0,1,1,0,0,0,0
477.07,23,0,0,45,1,44,6.169757165284295,-0.25881904510252157,0.9659258262890681,0,0,0,0,0,0,0,0,1
57.7,22,0,0,98,3,66,4.072439726834051,-0.5000000000000004,0.8660254037844384,0,0,0,0,0,0,0,1,0
201.49,2,0,1,95,1,66,5.310690502611178,0.49999999999999994,0.8660254037844387,1,0,0,2,0,0,0,1,0
551.92,12,0,0,76,0,48,6.315213325596156,1.2246467991473532e-16,-1.0,0,0,0,0,0,1,0,0,0
326.65,16,0,0,89,3,32,5.791945965485506,-0.8660254037844385,-0.5000000000000004,0,0,0,0,0,0,0,1,0
15.43,4,0,0,37,1,25,2.799108932049177,0.8660254037844386,0.5000000000000001,1,0,1,2,0,1,0,0,0
25.22,22,0,0,83,0,41,3.2665224783355535,-0.5000000000000004,0.8660254037844384,0,0,0,0,0,1,0,0,0
110.42,19,0,0,72,2,27,4.71330684459267,-0.9659258262890684,0.2588190451025203,0,0,0,0,1,0,0,0,0
345.6,19,0,0,86,1,69,5.848171377281505,-0.9659258262890684,0.2588190451025203,0,0,0,0,0,0,0,1,0
25.29,5,0,0,42,1,20,3.26918863874179,0.9659258262890683,0.25881904510252074,1,0,0,1,0,1,0,0,0
9.28,12,0,0,75,2,26,2.330200260027019,1.2246467991473532e-16,-1.0,0,0,0,0,0,0,0,0,1
15.27,22,0,0,66,2,25,2.7893229212309465,-0.5000000000000004,0.8660254037844384,0,0,0,0,1,0,0,0,0
9.91,10,0,0,41,1,44,2.3896797998449792,0.49999999999999994,-0.8660254037844387,0,0,0,0,0,0,0,0,1
145.59,1,0,0,71,6,55,4.98763957430194,0.25881904510252074,0.9659258262890683,1,1,0,2,0,0,0,1,0
34.32,13,0,1,79,4,51,3.564449375735759,-0.2588190451025208,-0.9659258262890683,0,1,0,2,0,0,0,1,0
43.81,14,0,0,56,3,59,3.802431328798052,-0.4999999999999997,-0.8660254037844388,0,0,0,0,0,0,0,0,1
156.68,6,0,0,38,1,59,5.0605676628444645,1.0,6.123233995736766e-17,0,0,1,1,0,0,1,0,0
103.62,20,0,0,43,3,56,4.650334737942465,-0.8660254037844386,0.5000000000000001,0,0,0,0,0,0,0,1,0
248.27,23,0,0,71,3,43,5.518536646345,-0.25881904510252157,0.9659258262890681,0,0,0,0,0,0,1,0,0
150.26,11,0,1,80,3,23,5.019000210427883,0.258819045102521,-0.9659258262890682,0,0,0,1,0,0,1,0,0
403.59,12,0,0,49,1,30,6.002874208659545,1.2246467991473532e-16,-1.0,0,0,0,0,0,1,0,0,0
214.14,23,0,1,38,5,31,5.371288979003859,-0.25881904510252157,0.9659258262890681,0,1,1,3,0,0,1,0,0
245.58,15,0,0,32,2,20,5.5076864844404065,-0.7071067811865471,-0.7071067811865479,0,0,1,1,0,1,0,0,0
8.13,8,0,0,96,1,43,2.211565694606877,0.8660254037844387,-0.4999999999999998,0,0,0,0,1,0,0,0,0
50.35,23,0,0,28,3,35,3.9386649363745674,-0.25881904510252157,0.9659258262890681,0,0,1,1,0,0,0,0,1
217.76,4,0,0,73,0,55,5.387975238478572,0.8660254037844386,0.5000000000000001,1,0,0,1,0,1,0,0,0
71.07,6,0,0,77,0,33,4.27763786893635,1.0,6.123233995736766e-17,0,0,0,0,0,0,1,0,0
355.34,20,0,0,43,2,56,5.875885331255824,-0.8660254037844386,0.5000000000000001,0,0,0,0,0,1,0,0,0
205.38,6,0,0,32,2,21,5.329719129687568,1.0,6.123233995736766e-17,0,0,1,1,0,0,1,0,0
20.99,15,1,1,39,2,19,3.09058780456667,-0.7071067811865471,-0.7071067811865479,0,0,1,3,0,0,0,1,0
81.21,14,0,0,67,0,34,4.409276949164042,-0.4999999999999997,-0.8660254037844388,0,0,0,0,0,0,0,1,0
155.53,3,0,0,45,1,37,5.053247684900132,0.7071067811865476,0.7071067811865476,1,0,0,1,1,0,0,0,0
7.16,22,0,0,49,2,24,2.0992441689760155,-0.5000000000000004,0.8660254037844384,0,0,0,0,1,0,0,0,0
181.89,14,0,0,82,0,58,5.208884879216484,-0.4999999999999997,-0.8660254037844388,0,0,0,0,0,0,0,1,0
534.93,18,0,0,55,2,26,6.2840035555273435,-1.0,-1.8369701987210297e-16,0,0,0,0,1,0,0,0,0
54.14,7,0,0,62,1,60,4.0098754055956505,0.9659258262890683,-0.25881904510252063,0,0,0,0,0,0,0,1,0
123.04,22,0,1,36,3,62,4.820604094232248,-0.5000000000000004,0.8660254037844384,0,0,1,2,0,0,1,0,0
1.9,5,0,0,42,1,42,1.0647107369924282,0.9659258262890683,0.25881904510252074,1,0,0,1,0,1,0,0,0
564.3,6,0,0,58,0,27,6.3373565636812454,1.0,6.123233995736766e-17,0,0,0,0,0,1,0,0,0
346.82,6,1,0,49,2,67,5.851685104579697,1.0,6.123233995736766e-17,0,0,0,1,0,1,0,0,0
82.21,19,0,0,43,4,60,4.421367532912338,-0.9659258262890684,0.2588190451025203,0,1,0,1,0,0,1,0,0
12.11,7,0,0,42,3,42,2.5733752977756086,0.9659258262890683,-0.25881904510252063,0,0,0,0,1,0,0,0,0
21.18,9,0,0,27,3,19,3.099190981922221,0.7071067811865476,-0.7071067811865475,0,0,1,1,0,0,0,1,0
104.86,20,0,0,95,2,46,4.662117466429842,-0.8660254037844386,0.5000000000000001,0,0,0,0,1,0,0,0,0
162.88,11,0,0,30,4,48,5.09913445267867,0.258819045102521,-0.9659258262890682,0,1,1,2,0,1,0,0,0
125.8,2,0,0,29,2,34,4.842611042003125,0.49999999999999994,0.8660254037844387,1,0,1,2,0,0,0,0,1
49.92,18,0,0,91,4,31,3.930255773689206,-1.0,-1.8369701987210297e-16,0,1,0,1,0,0,0,1,0
97.67,14,1,0,89,0,20,4.591780948869076,-0.4999999999999997,-0.8660254037844388,0,0,0,1,0,1,0,0,0
14.72,14,0,0,80,3,41,2.7549337870010606,-0.4999999999999997,-0.8660254037844388,0,0,0,0,1,0,0,0,0
37.07,15,0,0,28,3,60,3.639426570394406,-0.7071067811865471,-0.7071067811865479,0,0,1,1,0,0,1,0,0
141.48,21,0,0,38,5,49,4.959201638981406,-0.7071067811865477,0.7071067811865474,0,1,1,2,1,0,0,0,0
13.51,2,0,0,90,2,58,2.6748380668960965,0.49999999999999994,0.8660254037844387,1,0,0,1,1,0,0,0,0
1.15,15,0,0,65,2,65,0.7654678421395714,-0.7071067811865471,-0.7071067811865479,0,0,0,0,0,0,0,0,1
5.17,11,0,0,65,1,63,1.8196988379172965,0.258819045102521,-0.9659258262890682,0,0,0,0,0,0,1,0,0
210.5,13,0,0,77,0,59,5.354224998486333,-0.2588190451025208,-0.9659258262890683,0,0,0,0,0,1,0,0,0
136.19,19,0,0,99,0,62,4.921366826338073,-0.9659258262890684,0.2588190451025203,0,0,0,0,0,0,0,1,0
63.49,3,0,0,50,2,64,4.166510173022286,0.7071067811865476,0.7071067811865476,1,0,0,1,0,1,0,0,0
116.97,7,0,0,94,1,55,4.770430354853751,0.9659258262890683,-0.25881904510252063,0,0,0,0,1,0,0,0,0
13.29,18,0,0,49,4,45,2.659559991941776,-1.0,-1.8369701987210297e-16,0,1,0,1,1,0,0,0,0
167.24,1,0,0,60,2,51,5.1253915313944445,0.25881904510252074,0.9659258262890683,1,0,0,1,0,1,0,0,0
22.7,22,0,0,66,2,33,3.1654750481410856,-0.5000000000000004,0.8660254037844384,0,0,0,0,1,0,0,0,0
483.18,23,1,0,73,2,66,6.182456738405107,-0.25881904510252157,0.9659258262890681,0,0,0,1,1,0,0,0,0
64.84,23,0,0,28,1,21,4.187227556368814,-0.25881904510252157,0.9659258262890681,0,0,1,1,0,1,0,0,0
65.39,22,0,0,96,1,20,4.195546442731068,-0.5000000000000004,0.8660254037844384,0,0,0,0,0,0,0,1,0
265.26,15,0,0,35,4,42,5.584473275003771,-0.7071067811865471,-0.7071067811865479,0,1,1,2,0,1,0,0,0
226.61,13,0,0,57,2,58,5.427633638018094,-0.2588190451025208,-0.9659258262890683,0,0,0,0,1,0,0,0,0
14.94,12,0,0,57,1,26,2.768831673362069,1.2246467991473532e-16,-1.0,0,0,0,0,0,0,0,0,1
7.48,5,0,0,88,5,19,2.1377104498038118,0.9659258262890683,0.25881904510252074,1,1,0,2,0,0,0,0,1
284.96,2,0,0,63,1,59,5.655851940898651,0.49999999999999994,0.8660254037844387,1,0,0,1,0,1,0,0,0
94.59,5,0,0,80,5,22,4.560068212075671,0.9659258262890683,0.25881904510252074,1,1,0,2,0,0,0,0,1
12.17,18,0,0,62,5,22,2.5779415157551897,-1.0,-1.8369701987210297e-16,0,1,0,1,0,0,0,0,1
56.07,2,0,0,51,1,60,4.044278584548617,0.49999999999999994,0.8660254037844387,1,0,0,1,0,0,0,1,0
2.64,13,0,0,87,2,45,1.2919836816486494,-0.2588190451025208,-0.9659258262890683,0,0,0,0,0,0,0,1,0
232.75,2,0,0,66,2,38,5.4542521681687965,0.49999999999999994,0.8660254037844387,1,0,0,1,1,0,0,0,0
372.4,23,0,0,98,2,37,5.922650231107622,-0.25881904510252157,0.9659258262890681,0,0,0,0,1,0,0,0,0
70.27,18,0,0,51,2,47,4.266475481513779,-1.0,-1.8369701987210297e-16,0,0,0,0,0,1,0,0,0
244.08,11,0,0,38,0,37,5.501584687857454,0.258819045102521,-0.9659258262890682,0,0,1,1,0,0,1,0,0
74.6,19,1,0,73,3,26,4.3254562831854875,-0.9659258262890684,0.2588190451025203,0,0,0,1,0,0,0,0,1
584.58,5,0,0,48,0,64,6.37260280905841,0.9659258262890683,0.25881904510252074,1,0,0,1,0,0,0,0,1
24.55,8,0,0,81,3,43,3.2406373166497136,0.8660254037844387,-0.4999999999999998,0,0,0,0,0,0,0,0,1
55.06,6,0,0,46,2,24,4.026422545736642,1.0,6.123233995736766e-17,0,0,0,0,0,0,1,0,0
110.02,11,0,1,43,1,23,4.709710365262016,0.258819045102521,-0.9659258262890682,0,0,0,1,0,0,0,0,1
17.94,13,0,0,54,0,48,2.9412760877579323,-0.2588190451025208,-0.9659258262890683,0,0,0,0,0,0,0,1,0
22.77,20,0,0,52,4,48,3.1684242813721024,-0.8660254037844386,0.5000000000000001,0,1,0,1,0,0,0,0,1
130.25,3,0,0,61,3,21,4.877103901471733,0.7071067811865476,0.7071067811865476,1,0,0,1,0,0,0,0,1
269.63,17,0,0,29,1,38,5.600752574336657,-0.9659258262890683,-0.25881904510252063,0,0,1,1,0,0,0,0,1
294.34,13,0,0,56,4,63,5.688127235045628,-0.2588190451025208,-0.9659258262890683,0,1,0,1,1,0,0,0,0
233.8,7,0,0,91,6,47,5.458734087953942,0.9659258262890683,-0.25881904510252063,0,1,0,1,1,0,0,0,0
4.0,23,0,0,90,2,19,1.6094379124341003,-0.25881904510252157,0.9659258262890681,0,0,0,0,0,0,0,0,1
379.98,14,0,0,71,3,52,5.942746880310552,-0.4999999999999997,-0.8660254037844388,0,0,0,0,0,0,1,0,0
227.7,16,0,0,34,1,59,5.432411101028736,-0.8660254037844385,-0.5000000000000004,0,0,1,1,0,0,0,1,0
49.72,23,0,0,85,0,18,3.9263203101289705,-0.25881904510252157,0.9659258262890681,0,0,0,0,0,0,0,0,1
168.17,20,0,0,45,3,37,5.1309041264872,-0.8660254037844386,0.5000000000000001,0,0,0,0,1,0,0,0,0
425.43,0,0,0,37,3,18,6.0554482268495295,0.0,1.0,1,0,1,2,1,0,0,0,0
175.47,21,0,0,97,0,42,5.173150890255142,-0.7071067811865477,0.7071067811865474,0,0,0,0,1,0,0,0,0
45.13,15,0,1,63,5,22,3.8314634975697293,-0.7071067811865471,-0.7071067811865479,0,1,0,2,0,0,0,1,0
360.44,6,0,0,40,0,49,5.890096052719693,1.0,6.123233995736766e-17,0,0,0,0,0,0,0,1,0
1.23,22,0,0,90,2,56,0.8020015854720274,-0.5000000000000004,0.8660254037844384,0,0,0,0,0,0,1,0,0
16.38,19,0,0,77,1,49,2.8553201198372458,-0.9659258262890684,0.2588190451025203,0,0,0,0,0,0,1,0,0
16.95,22,0,0,69,7,42,2.8875901149342877,-0.5000000000000004,0.8660254037844384,0,1,0,1,0,0,1,0,0
292.7,13,0,0,31,0,23,5.682558838204574,-0.2588190451025208,-0.9659258262890683,0,0,1,1,0,0,1,0,0
116.3,6,0,1,42,3,65,4.76473475565943,1.0,6.123233995736766e-17,0,0,0,1,0,1,0,0,0
9.97,17,0,0,68,1,64,2.395164274287139,-0.9659258262890683,-0.25881904510252063,0,0,0,0,1,0,0,0,0
139.58,21,1,0,93,1,57,4.94577672174776,-0.7071067811865477,0.7071067811865474,0,0,0,1,0,0,0,0,1
263.05,22,0,0,46,1,37,5.5761384791529425,-0.5000000000000004,0.8660254037844384,0,0,0,0,0,1,0,0,0
266.3,19,0,0,66,2,42,5.588371623144873,-0.9659258262890684,0.2588190451025203,0,0,0,0,0,1,0,0,0
0.54,1,0,0,37,2,65,0.43178241642553783,0.25881904510252074,0.9659258262890683,1,0,1,2,0,0,0,0,1
179.83,17,0,0,78,1,54,5.197557363396888,-0.9659258262890683,-0.25881904510252063,0,0,0,0,0,0,0,0,1
545.88,2,0,0,58,2,62,6.304229399927226,0.49999999999999994,0.8660254037844387,1,0,0,1,1,0,0,0,0
11.76,5,0,0,50,3,52,2.546315277916644,0.9659258262890683,0.25881904510252074,1,0,0,1,0,0,0,1,0
60.56,10,0,0,35,1,64,4.120012308970678,0.49999999999999994,-0.8660254037844387,0,0,1,1,1,0,0,0,0
102.06,9,0,0,63,5,24,4.635311342900078,0.7071067811865476,-0.7071067811865475,0,1,0,1,0,0,0,1,0
56.29,0,0,1,57,2,55,4.048126088420487,0.0,1.0,1,0,0,2,0,0,0,0,1
297.16,22,0,0,27,2,22,5.697630255171003,-0.5000000000000004,0.8660254037844384,0,0,1,1,0,1,0,0,0
172.82,18,0,0,69,3,34,5.158020281009314,-1.0,-1.8369701987210297e-16,0,0,0,0,0,1,0,0,0
56.71,12,0,0,25,1,22,4.055430468722875,1.2246467991473532e-16,-1.0,0,0,1,1,0,0,0,1,0
49.85,13,0,0,41,4,62,3.928880122494569,-0.2588190451025208,-0.9659258262890683,0,1,0,1,0,1,0,0,0
46.23,18,1,1,57,2,19,3.8550292839080256,-1.0,-1.8369701987210297e-16,0,0,0,2,0,0,1,0,0
178.81,18,0,0,63,3,29,5.191900737843547,-1.0,-1.8369701987210297e-16,0,0,0,0,0,0,1,0,0
359.03,20,0,0,99,2,19,5.8861873613114595,-0.8660254037844386,0.5000000000000001,0,0,0,0,0,0,0,0,1
929.73,9,0,0,65,5,67,6.835969224474681,0.7071067811865476,-0.7071067811865475,0,1,0,1,0,0,0,1,0
245.56,10,0,0,87,0,63,5.507605371571805,0.49999999999999994,-0.8660254037844387,0,0,0,0,0,0,0,1,0
54.71,13,1,0,93,0,44,4.020159664032724,-0.2588190451025208,-0.9659258262890683,0,0,0,1,0,0,0,0,1
42.76,9,0,0,84,1,64,3.7787201581137255,0.7071067811865476,-0.7071067811865475,0,0,0,0,0,0,0,1,0
82.46,23,0,0,60,3,52,4.424367475163407,-0.25881904510252157,0.9659258262890681,0,0,0,0,1,0,0,0,0
176.76,7,0,0,32,1,45,5.18043432589132,0.9659258262890683,-0.25881904510252063,0,0,1,1,0,1,0,0,0
54.75,7,0,0,63,0,43,4.020877410340228,0.9659258262890683,-0.25881904510252063,0,0,0,0,1,0,0,0,0
511.67,16,0,0,44,3,47,6.239632363326927,-0.8660254037844385,-0.5000000000000004,0,0,0,0,1,0,0,0,0
112.6,16,0,0,80,1,30,4.732683506287051,-0.8660254037844385,-0.5000000000000004,0,0,0,0,0,0,1,0,0
104.21,18,0,0,58,0,47,4.655958352820196,-1.0,-1.8369701987210297e-16,0,0,0,0,1,0,0,0,0
570.93,18,0,0,49,2,25,6.349016606268668,-1.0,-1.8369701987210297e-16,0,0,0,0,0,1,0,0,0
190.92,3,0,0,51,2,20,5.257078618531439,0.7071067811865476,0.7071067811865476,1,0,0,1,0,1,0,0,0
32.39,13,0,0,38,0,65,3.508256453955563,-0.2588190451025208,-0.9659258262890683,0,0,1,1,1,0,0,0,0
255.58,10,0,0,86,0,58,5.547440506821195,0.49999999999999994,-0.8660254037844387,0,0,0,0,0,0,0,1,0
37.72,6,0,0,83,2,61,3.656356262408376,1.0,6.123233995736766e-17,0,0,0,0,0,0,0,1,0
42.29,0,0,0,56,2,43,3.7679216614538893,0.0,1.0,1,0,0,1,0,1,0,0,0
126.0,1,0,0,54,6,36,4.844187086458591,0.25881904510252074,0.9659258262890683,1,1,0,2,0,0,0,1,0
63.16,2,0,0,27,4,68,4.161379963558259,0.49999999999999994,0.8660254037844387,1,1,1,3,1,0,0,0,0
212.81,22,0,0,93,2,60,5.365087770181889,-0.5000000000000004,0.8660254037844384,0,0,0,0,0,0,1,0,0
127.45,14,0,0,63,6,45,4.855539723555893,-0.4999999999999997,-0.8660254037844388,0,1,0,1,0,0,1,0,0
12.82,5,0,0,34,1,26,2.626116818339524,0.9659258262890683,0.25881904510252074,1,0,1,2,0,0,1,0,0
146.48,3,0,0,33,1,47,4.993692573365943,0.7071067811865476,0.7071067811865476,1,0,1,2,0,0,0,0,1
123.23,14,0,0,83,0,40,4.822134686225586,-0.4999999999999997,-0.8660254037844388,0,0,0,0,0,0,1,0,0
294.27,21,0,0,45,0,60,5.68789019198734,-0.7071067811865477,0.7071067811865474,0,0,0,0,1,0,0,0,0
4.21,22,0,0,72,0,34,1.6505798557652755,-0.5000000000000004,0.8660254037844384,0,0,0,0,0,0,1,0,0
64.18,17,0,0,78,2,67,4.177152673409416,-0.9659258262890683,-0.25881904510252063,0,0,0,0,0,0,0,0,1
580.6,10,0,0,58,2,60,6.3657829262193095,0.49999999999999994,-0.8660254037844387,0,0,0,0,0,0,0,1,0
242.93,6,0,0,46,2,44,5.496881298887856,1.0,6.123233995736766e-17,0,0,0,0,1,0,0,0,0
347.11,11,0,0,29,3,23,5.852518521781961,0.258819045102521,-0.9659258262890682,0,0,1,1,1,0,0,0,0
126.74,16,0,0,44,1,59,4.849996948133443,-0.8660254037844385,-0.5000000000000004,0,0,0,0,0,0,0,1,0
1.67,1,0,0,98,3,35,0.9820784724121582,0.25881904510252074,0.9659258262890683,1,0,0,1,0,0,1,0,0
592.31,3,0,0,83,3,63,6.385717028002043,0.7071067811865476,0.7071067811865476,1,0,0,1,0,0,0,0,1
507.61,2,0,0,99,2,37,6.231681514611481,0.49999999999999994,0.8660254037844387,1,0,0,1,0,1,0,0,0
5.69,4,0,0,31,2,38,1.900613874140137,0.8660254037844386,0.5000000000000001,1,0,1,2,1,0,0,0,0
35.64,12,0,0,26,0,38,3.6011405398059297,1.2246467991473532e-16,-1.0,0,0,1,1,0,0,0,0,1
12.74,18,0,0,70,4,60,2.620311286794203,-1.0,-1.8369701987210297e-16,0,1,0,1,1,0,0,0,0
53.56,20,0,0,75,1,31,3.9993010135352067,-0.8660254037844386,0.5000000000000001,0,0,0,0,1,0,0,0,0
17.7,3,0,0,72,3,60,2.928523523860541,0.7071067811865476,0.7071067811865476,1,0,0,1,0,0,1,0,0
167.98,3,0,0,57,4,51,5.129780364724699,0.7071067811865476,0.7071067811865476,1,1,0,2,1,0,0,0,0
21.78,15,0,0,76,5,18,3.125882958019036,-0.7071067811865471,-0.7071067811865479,0,1,0,1,0,0,0,1,0
27.78,8,0,0,31,3,30,3.359680701459222,0.8660254037844387,-0.4999999999999998,0,0,1,1,0,0,1,0,0
141.11,0,0,0,58,2,58,4.95660140560377,0.0,1.0,1,0,0,1,0,1,0,0,0
309.13,13,0,0,79,2,35,5.736991564413236,-0.2588190451025208,-0.9659258262890683,0,0,0,0,0,0,1,0,0
513.45,4,0,0,66,1,37,6.243098368821819,0.8660254037844386,0.5000000000000001,1,0,0,1,0,0,0,1,0
92.05,10,0,0,90,3,58,4.5331369830882595,0.49999999999999994,-0.8660254037844387,0,0,0,0,0,0,0,1,0
97.57,11,0,0,83,2,67,4.590766955677347,0.258819045102521,-0.9659258262890682,0,0,0,0,1,0,0,0,0
456.36,18,0,0,46,0,28,6.125470826955716,-1.0,-1.8369701987210297e-16,0,0,0,0,1,0,0,0,0
12.4,21,0,0,65,1,66,2.5952547069568657,-0.7071067811865477,0.7071067811865474,0,0,0,0,0,1,0,0,0
211.43,1,0,0,73,2,40,5.358612522331792,0.25881904510252074,0.9659258262890683,1,0,0,1,0,0,1,0,0
71.21,23,0,0,97,1,54,4.27957854046309,-0.25881904510252157,0.9659258262890681,0,0,0,0,0,0,0,0,1
153.54,8,0,0,29,3,19,5.040452962505438,0.8660254037844387,-0.4999999999999998,0,0,1,1,0,0,0,0,1
45.79,20,0,0,55,4,66,3.845669504878125,-0.8660254037844386,0.5000000000000001,0,1,0,1,0,0,0,1,0
144.07,12,1,0,99,3,21,4.977216384550811,1.2246467991473532e-16,-1.0,0,0,0,1,0,0,0,0,1
4.44,13,0,0,42,2,56,1.6937790608678513,-0.2588190451025208,-0.9659258262890683,0,0,0,0,0,0,0,1,0
667.84,8,1,0,97,4,26,6.505544868594469,0.8660254037844387,-0.4999999999999998,0,1,0,2,1,0,0,0,0
575.99,15,1,0,98,3,35,6.357824935335385,-0.7071067811865471,-0.7071067811865479,0,0,0,1,1,0,0,0,0
47.58,13,0,0,33,2,45,3.8832119235740263,-0.2588190451025208,-0.9659258262890683,0,0,1,1,0,0,0,0,1
20.46,22,0,0,36,1,52,3.0661907372025525,-0.5000000000000004,0.8660254037844384,0,0,1,1,0,0,0,0,1
193.28,6,0,0,84,5,43,5.269300417477544,1.0,6.123233995736766e-17,0,1,0,1,0,0,0,1,0
495.29,15,0,0,33,2,67,6.207160433287035,-0.7071067811865471,-0.7071067811865479,0,0,1,1,0,0,0,1,0
32.57,12,0,0,64,4,51,3.5136328109919437,1.2246467991473532e-16,-1.0,0,1,0,1,0,0,1,0,0
85.97,0,0,0,96,3,35,4.465563231601674,0.0,1.0,1,0,0,1,1,0,0,0,0
94.5,9,0,1,64,2,50,4.5591262474866845,0.7071067811865476,-0.7071067811865475,0,0,0,1,0,0,1,0,0
443.48,14,0,0,67,2,64,6.096905059565979,-0.4999999999999997,-0.8660254037844388,0,0,0,0,1,0,0,0,0
166.49,20,0,1,36,2,50,5.120923647990379,-0.8660254037844386,0.5000000000000001,0,0,1,2,0,1,0,0,0
71.41,3,0,0,91,2,49,4.28234441140073,0.7071067811865476,0.7071067811865476,1,0,0,1,0,1,0,0,0
231.45,21,0,0,67,3,33,5.448675148136593,-0.7071067811865477,0.7071067811865474,0,0,0,0,1,0,0,0,0
29.88,2,0,0,65,4,51,3.4301087251565754,0.49999999999999994,0.8660254037844387,1,1,0,2,1,0,0,0,0
77.21,22,0,1,91,5,39,4.35939751661352,-0.5000000000000004,0.8660254037844384,0,1,0,2,0,0,1,0,0
92.39,21,0,0,83,1,56,4.536784273121627,-0.7071067811865477,0.7071067811865474,0,0,0,0,0,0,0,0,1
35.08,19,0,0,65,7,41,3.585738695194423,-0.9659258262890684,0.2588190451025203,0,1,0,1,0,1,0,0,0
5.49,11,0,0,48,3,42,1.8702625307159986,0.258819045102521,-0.9659258262890682,0,0,0,0,0,0,0,0,1
57.11,6,0,0,82,0,31,4.062337766087015,1.0,6.123233995736766e-17,0,0,0,0,0,1,0,0,0
76.4,8,0,0,26,6,29,4.3489867805956814,0.8660254037844387,-0.4999999999999998,0,1,1,2,1,0,0,0,0
31.73,11,0,0,90,2,55,3.4882920885130893,0.258819045102521,-0.9659258262890682,0,0,0,0,0,0,1,0,0
33.31,6,0,0,80,2,27,3.5354368568703585,1.0,6.123233995736766e-17,0,0,0,0,0,1,0,0,0
14.75,16,0,1,84,0,65,2.7568403652716422,-0.8660254037844385,-0.5000000000000004,0,0,0,1,0,1,0,0,0
41.18,6,0,0,78,1,25,3.7419461750506287,1.0,6.123233995736766e-17,0,0,0,0,0,0,1,0,0
283.15,12,0,0,63,3,65,5.649502267743131,1.2246467991473532e-16,-1.0,0,0,0,0,0,0,0,1,0
468.81,15,0,0,27,2,68,6.152328357651745,-0.7071067811865471,-0.7071067811865479,0,0,1,1,0,0,0,0,1
39.1,16,0,1,55,5,28,3.6913763343125234,-0.8660254037844385,-0.5000000000000004,0,1,0,2,0,0,0,1,0
252.34,7,0,0,41,1,48,5.534732460055486,0.9659258262890683,-0.25881904510252063,0,0,0,0,1,0,0,0,0
301.29,2,0,0,60,1,46,5.711386821516136,0.49999999999999994,0.8660254037844387,1,0,0,1,1,0,0,0,0
5.23,4,0,1,92,1,60,1.8293763327993617,0.8660254037844386,0.5000000000000001,1,0,0,2,0,0,1,0,0
260.75,10,0,0,88,0,26,5.567389849750646,0.49999999999999994,-0.8660254037844387,0,0,0,0,0,0,1,0,0
127.04,8,1,0,57,3,36,4.8523427151016625,0.8660254037844387,-0.4999999999999998,0,0,0,1,1,0,0,0,0
153.34,3,0,0,40,2,53,5.039157961029457,0.7071067811865476,0.7071067811865476,1,0,0,1,1,0,0,0,0
16.93,1,0,0,30,2,51,2.8864752876170416,0.25881904510252074,0.9659258262890683,1,0,1,2,0,0,1,0,0
438.22,1,0,1,44,0,49,6.085000426499147,0.25881904510252074,0.9659258262890683,1,0,0,2,1,0,0,0,0
9.47,12,0,0,91,2,63,2.3485140248824456,1.2246467991473532e-16,-1.0,0,0,0,0,0,0,0,0,1
199.35,9,0,0,60,3,26,5.300065837082154,0.7071067811865476,-0.7071067811865475,0,0,0,0,0,0,0,1,0
212.02,6,0,0,89,1,45,5.36138605801502,1.0,6.123233995736766e-17,0,0,0,0,0,1,0,0,0
128.57,12,1,0,68,2,19,4.86422127564072,1.2246467991473532e-16,-1.0,0,0,0,1,0,0,0,0,1
12.86,20,1,0,27,1,34,2.6290069937617573,-0.8660254037844386,0.5000000000000001,0,0,1,2,0,0,0,0,1
151.99,8,0,0,51,0,37,5.030372559779288,0.8660254037844387,-0.4999999999999998,0,0,0,0,0,0,0,0,1
301.54,14,0,0,68,4,64,5.7122135001340535,-0.4999999999999997,-0.8660254037844388,0,1,0,1,0,0,0,1,0
289.57,0,0,1,42,1,66,5.671844511120261,0.0,1.0,1,0,0,2,1,0,0,0,0
770.65,4,0,0,93,2,68,6.64853107934684,0.8660254037844386,0.5000000000000001,1,0,0,1,0,0,1,0,0
227.51,5,0,1,78,2,40,5.4315799730528065,0.9659258262890683,0.25881904510252074,1,0,0,2,0,0,0,1,0
114.21,13,0,0,52,2,22,4.746756550049962,-0.2588190451025208,-0.9659258262890683,0,0,0,0,1,0,0,0,0
129.38,18,1,0,97,2,37,4.870453263496393,-1.0,-1.8369701987210297e-16,0,0,0,1,0,0,0,0,1
35.86,8,0,0,53,1,36,3.607126952241677,0.8660254037844387,-0.4999999999999998,0,0,0,0,0,1,0,0,0
83.59,20,0,0,51,1,58,4.437816056315923,-0.8660254037844386,0.5000000000000001,0,0,0,0,0,0,0,1,0
38.56,5,0,0,85,1,49,3.6778185067545115,0.9659258262890683,0.25881904510252074,1,0,0,1,0,0,0,1,0
258.41,17,0,0,77,1,67,5.558409821640448,-0.9659258262890683,-0.25881904510252063,0,0,0,0,1,0,0,0,0
47.57,17,0,0,88,2,36,3.8830060563576536,-0.9659258262890683,-0.25881904510252063,0,0,0,0,0,0,0,1,0
612.58,5,1,0,68,1,53,6.419310654997713,0.9659258262890683,0.25881904510252074,1,0,0,2,0,0,1,0,0
43.51,18,0,0,61,0,64,3.795713883027763,-1.0,-1.8369701987210297e-16,0,0,0,0,0,1,0,0,0
11.16,18,1,0,62,1,69,2.498151876538021,-1.0,-1.8369701987210297e-16,0,0,0,1,0,0,1,0,0
84.47,22,0,0,66,3,40,4.448165437177926,-0.5000000000000004,0.8660254037844384,0,0,0,0,0,1,0,0,0
292.14,9,0,0,81,3,67,5.680650310599154,0.7071067811865476,-0.7071067811865475,0,0,0,0,1,0,0,0,0
51.24,14,0,0,46,2,43,3.955848484968176,-0.4999999999999997,-0.8660254037844388,0,0,0,0,0,1,0,0,0
32.73,16,0,0,47,3,24,3.5183876490735586,-0.8660254037844385,-0.5000000000000004,0,0,0,0,1,0,0,0,0
13.26,18,0,0,61,1,50,2.65745841498615,-1.0,-1.8369701987210297e-16,0,0,0,0,0,1,0,0,0
35.4,6,0,0,87,4,19,3.594568774642695,1.0,6.123233995736766e-17,0,1,0,1,0,0,0,0,1
82.68,21,0,0,77,2,58,4.427000000316613,-0.7071067811865477,0.7071067811865474,0,0,0,0,0,0,0,1,0
1028.32,1,0,0,27,2,36,6.9366536690247855,0.25881904510252074,0.9659258262890683,1,0,1,2,0,0,0,1,0
230.95,16,0,0,42,1,44,5.446521831197753,-0.8660254037844385,-0.5000000000000004,0,0,0,0,0,0,0,0,1
43.63,5,0,0,77,0,55,3.7984062786411785,0.9659258262890683,0.25881904510252074,1,0,0,1,1,0,0,0,0
16.06,3,0,0,59,2,52,2.836736542063533,0.7071067811865476,0.7071067811865476,1,0,0,1,0,0,0,1,0
128.0,4,0,0,43,2,67,4.859812404361672,0.8660254037844386,0.5000000000000001,1,0,0,1,1,0,0,0,0
16.85,17,0,0,98,0,38,2.8820035082256483,-0.9659258262890683,-0.25881904510252063,0,0,0,0,0,0,0,1,0
256.52,9,0,0,94,1,31,5.551097386990553,0.7071067811865476,-0.7071067811865475,0,0,0,0,1,0,0,0,0
22.44,8,0,0,46,0,20,3.154443964708812,0.8660254037844387,-0.4999999999999998,0,0,0,0,0,0,0,0,1
4.41,3,0,0,38,2,58,1.6882490928583902,0.7071067811865476,0.7071067811865476,1,0,1,2,1,0,0,0,0
7.29,21,0,0,63,0,68,2.1150499691472033,-0.7071067811865477,0.7071067811865474,0,0,0,0,0,0,1,0,0
397.98,8,0,0,39,0,42,5.988911290320265,0.8660254037844387,-0.4999999999999998,0,0,1,1,0,0,0,1,0
3.63,7,0,0,50,1,25,1.5325568680981427,0.9659258262890683,-0.25881904510252063,0,0,0,0,1,0,0,0,0
205.95,4,0,0,35,3,48,5.332477218194741,0.8660254037844386,0.5000000000000001,1,0,1,2,0,1,0,0,0
50.82,3,0,0,63,2,68,3.947776175133964,0.7071067811865476,0.7071067811865476,1,0,0,1,1,0,0,0,0
176.36,21,0,0,43,2,27,5.178181565308056,-0.7071067811865477,0.7071067811865474,0,0,0,0,0,0,1,0,0
629.53,14,0,0,76,7,44,6.446560735557716,-0.4999999999999997,-0.8660254037844388,0,1,0,1,1,0,0,0,0
96.09,4,0,0,29,2,54,4.575638383382054,0.8660254037844386,0.5000000000000001,1,0,1,2,0,0,0,1,0
16.72,17,1,0,84,0,22,2.8746939451769347,-0.9659258262890683,-0.25881904510252063,0,0,0,1,0,0,1,0,0
136.23,10,0,0,53,2,58,4.921658350281541,0.49999999999999994,-0.8660254037844387,0,0,0,0,0,0,0,0,1
397.04,18,0,0,56,0,30,5.986552502746961,-1.0,-1.8369701987210297e-16,0,0,0,0,0,0,1,0,0
126.91,16,1,0,84,1,49,4.8513268916113015,-0.8660254037844385,-0.5000000000000004,0,0,0,1,1,0,0,0,0
7.94,1,0,1,41,0,30,2.190535589185423,0.25881904510252074,0.9659258262890683,1,0,0,2,1,0,0,0,0
17.94,15,0,0,92,2,60,2.9412760877579323,-0.7071067811865471,-0.7071067811865479,0,0,0,0,0,1,0,0,0
166.38,14,0,0,57,2,18,5.120266676604728,-0.4999999999999997,-0.8660254037844388,0,0,0,0,1,0,0,0,0
174.23,23,0,0,82,4,38,5.166099396720328,-0.25881904510252157,0.9659258262890681,0,1,0,1,1,0,0,0,0
218.37,8,0,0,46,4,60,5.390759801937596,0.8660254037844387,-0.4999999999999998,0,1,0,1,0,0,1,0,0
8.33,0,0,0,34,2,27,2.2332350148592526,0.0,1.0,1,0,1,2,1,0,0,0,0
315.17,16,0,0,59,2,18,5.756280043613955,-0.8660254037844385,-0.5000000000000004,0,0,0,0,0,1,0,0,0
90.26,0,0,0,89,2,51,4.513712575499256,0.0,1.0,1,0,0,1,0,0,0,0,1
274.95,22,0,0,48,2,60,5.62021968988551,-0.5000000000000004,0.8660254037844384,0,0,0,0,0,0,1,0,0
138.8,15,0,0,59,2,39,4.94021282979971,-0.7071067811865471,-0.7071067811865479,0,0,0,0,0,1,0,0,0
513.09,21,0,1,42,0,36,6.242398347403691,-0.7071067811865477,0.7071067811865474,0,0,0,1,0,0,0,1,0
169.66,18,0,0,63,3,60,5.139673273108439,-1.0,-1.8369701987210297e-16,0,0,0,0,0,0,1,0,0
36.48,6,0,0,38,0,29,3.6238074573702215,1.0,6.123233995736766e-17,0,0,1,1,0,0,1,0,0
372.44,15,0,0,87,2,67,5.922757349098191,-0.7071067811865471,-0.7071067811865479,0,0,0,0,0,1,0,0,0
383.54,3,0,0,66,2,69,5.952047814744191,0.7071067811865476,0.7071067811865476,1,0,0,1,0,0,0,0,1
407.85,7,0,0,43,0,58,6.013348340607986,0.9659258262890683,-0.25881904510252063,0,0,0,0,0,0,1,0,0
335.33,1,0,0,57,1,62,5.818092820833612,0.25881904510252074,0.9659258262890683,1,0,0,1,0,1,0,0,0
13.26,14,0,0,97,2,38,2.65745841498615,-0.4999999999999997,-0.8660254037844388,0,0,0,0,0,1,0,0,0
268.83,12,0,0,60,0,38,5.597792131068768,1.2246467991473532e-16,-1.0,0,0,0,0,1,0,0,0,0
214.11,15,0,0,85,0,23,5.371149525197707,-0.7071067811865471,-0.7071067811865479,0,0,0,0,0,0,0,1,0
112.48,22,0,0,88,2,56,4.73162660994065,-0.5000000000000004,0.8660254037844384,0,0,0,0,0,0,0,0,1
46.44,16,0,0,76,3,33,3.85946575468947,-0.8660254037844385,-0.5000000000000004,0,0,0,0,0,1,0,0,0
295.15,12,0,0,36,1,59,5.690866082722974,1.2246467991473532e-16,-1.0,0,0,1,1,0,0,0,0,1
68.2,17,0,0,63,3,46,4.237000862623624,-0.9659258262890683,-0.25881904510252063,0,0,0,0,0,1,0,0,0
51.29,2,0,0,97,1,33,3.956805148200039,0.49999999999999994,0.8660254037844387,1,0,0,1,0,0,0,1,0
51.77,14,0,0,76,4,60,3.9659428474175766,-0.4999999999999997,-0.8660254037844388,0,1,0,1,1,0,0,0,0
206.94,11,0,0,47,5,65,5.337249576549824,0.258819045102521,-0.9659258262890682,0,1,0,1,1,0,0,0,0
58.78,8,1,0,88,1,25,4.090671156855792,0.8660254037844387,-0.4999999999999998,0,0,0,1,0,0,1,0,0
615.82,20,0,0,39,1,53,6.424577247144958,-0.8660254037844386,0.5000000000000001,0,0,1,1,0,0,0,1,0
1103.19,1,0,0,36,0,29,7.00686731347856,0.25881904510252074,0.9659258262890683,1,0,1,2,0,1,0,0,0
773.77,5,0,0,54,3,19,6.652566211113623,0.9659258262890683,0.25881904510252074,1,0,0,1,0,0,1,0,0
218.94,15,0,1,89,1,62,5.393354781882788,-0.7071067811865471,-0.7071067811865479,0,0,0,1,0,0,1,0,0
77.01,7,0,0,25,2,52,4.356837023600222,0.9659258262890683,-0.25881904510252063,0,0,1,1,0,1,0,0,0
566.95,21,0,0,52,2,30,6.34203338667743,-0.7071067811865477,0.7071067811865474,0,0,0,0,0,1,0,0,0
110.73,7,0,0,69,0,32,4.716085246559246,0.9659258262890683,-0.25881904510252063,0,0,0,0,0,0,0,1,0
7.5,21,0,0,73,5,61,2.1400661634962708,-0.7071067811865477,0.7071067811865474,0,1,0,1,0,0,1,0,0
123.03,8,1,0,73,3,61,4.820523471827238,0.8660254037844387,-0.4999999999999998,0,0,0,1,0,1,0,0,0
37.51,7,1,1,55,2,27,3.6509179478268177,0.9659258262890683,-0.25881904510252063,0,0,0,2,0,1,0,0,0
102.64,18,0,0,43,3,56,4.640923355693909,-1.0,-1.8369701987210297e-16,0,0,0,0,0,0,0,0,1
147.12,22,0,1,49,2,24,4.998022756045412,-0.5000000000000004,0.8660254037844384,0,0,0,1,0,0,1,0,0
888.48,9,0,0,76,1,30,6.790637022311231,0.7071067811865476,-0.7071067811865475,0,0,0,0,0,0,0,1,0
176.45,7,1,1,91,0,30,5.178688879092506,0.9659258262890683,-0.25881904510252063,0,0,0,2,0,0,1,0,0
5.71,1,0,0,89,2,43,1.9035989509835904,0.25881904510252074,0.9659258262890683,1,0,0,1,0,0,1,0,0
81.35,15,1,0,86,3,62,4.410978456623649,-0.7071067811865471,-0.7071067811865479,0,0,0,1,0,0,0,0,1
156.06,22,0,0,81,1,48,5.056627897946728,-0.5000000000000004,0.8660254037844384,0,0,0,0,0,0,0,1,0
111.11,12,0,0,97,2,59,4.719480532165502,1.2246467991473532e-16,-1.0,0,0,0,0,0,0,0,1,0
663.31,11,0,0,94,2,31,6.498748907997604,0.258819045102521,-0.9659258262890682,0,0,0,0,0,0,1,0,0
41.58,14,0,0,85,2,56,3.7513846594653333,-0.4999999999999997,-0.8660254037844388,0,0,0,0,0,0,1,0,0
301.6,7,0,0,97,2,42,5.712411801354255,0.9659258262890683,-0.25881904510252063,0,0,0,0,0,1,0,0,0
140.09,12,0,0,61,2,35,4.949397984625066,1.2246467991473532e-16,-1.0,0,0,0,0,0,0,1,0,0
34.11,16,1,0,58,2,29,3.558485990180341,-0.8660254037844385,-0.5000000000000004,0,0,0,1,0,0,0,0,1
233.8,17,0,0,42,2,65,5.458734087953942,-0.9659258262890683,-0.25881904510252063,0,0,0,0,0,0,0,0,1
160.17,9,0,0,85,0,61,5.082459708534627,0.7071067811865476,-0.7071067811865475,0,0,0,0,0,0,1,0,0
184.38,16,0,0,25,4,38,5.222407772447687,-0.8660254037844385,-0.5000000000000004,0,1,1,2,0,1,0,0,0
152.77,1,0,0,78,2,62,5.035457979527601,0.25881904510252074,0.9659258262890683,1,0,0,1,0,0,0,1,0
31.11,15,0,0,73,1,31,3.4691675081014224,-0.7071067811865471,-0.7071067811865479,0,0,0,0,1,0,0,0,0
36.72,23,0,1,55,0,46,3.6301904577652566,-0.25881904510252157,0.9659258262890681,0,0,0,1,0,1,0,0,0
266.84,13,0,0,63,0,68,5.590389787301111,-0.2588190451025208,-0.9659258262890683,0,0,0,0,1,0,0,0,0
157.57,18,0,0,84,3,61,5.0661961362014765,-1.0,-1.8369701987210297e-16,0,0,0,0,0,1,0,0,0
569.04,7,1,0,36,2,68,6.345706533805012,0.9659258262890683,-0.25881904510252063,0,0,1,2,0,0,0,1,0
6.94,4,0,0,77,2,58,2.0719132752590443,0.8660254037844386,0.5000000000000001,1,0,0,1,0,0,0,1,0
270.22,21,0,0,70,3,54,5.602930299659799,-0.7071067811865477,0.7071067811865474,0,0,0,0,0,0,0,0,1
252.19,20,0,1,67,2,45,5.53414019501932,-0.8660254037844386,0.5000000000000001,0,0,0,1,1,0,0,0,0
872.69,13,0,0,31,2,58,6.772725621662263,-0.2588190451025208,-0.9659258262890683,0,0,1,1,0,0,0,1,0
348.16,14,0,0,86,2,30,5.855530269867149,-0.4999999999999997,-0.8660254037844388,0,0,0,0,0,1,0,0,0
70.04,7,0,0,35,2,55,4.2632430986839145,0.9659258262890683,-0.25881904510252063,0,0,1,1,0,0,1,0,0
215.59,8,0,0,26,2,51,5.3780061654494045,0.8660254037844387,-0.4999999999999998,0,0,1,1,0,1,0,0,0
190.12,21,1,0,59,2,57,5.252901503017554,-0.7071067811865477,0.7071067811865474,0,0,0,1,0,0,1,0,0
196.07,21,0,0,76,2,67,5.283558995572491,-0.7071067811865477,0.7071067811865474,0,0,0,0,1,0,0,0,0
24.86,8,0,0,38,3,65,3.2526973733437115,0.8660254037844387,-0.4999999999999998,0,0,1,1,0,1,0,0,0
74.64,21,0,0,57,4,25,4.325985243790257,-0.7071067811865477,0.7071067811865474,0,1,0,1,0,0,1,0,0
165.69,6,0,0,43,1,39,5.116135799954996,1.0,6.123233995736766e-17,0,0,0,0,0,0,1,0,0
35.81,4,1,0,93,3,33,3.60576954739093,0.8660254037844386,0.5000000000000001,1,0,0,2,0,0,0,0,1
234.79,22,0,0,56,2,21,5.4629415783829565,-0.5000000000000004,0.8660254037844384,0,0,0,0,0,1,0,0,0
114.56,5,0,0,67,3,18,4.749789875598035,0.9659258262890683,0.25881904510252074,1,0,0,1,0,0,1,0,0
163.16,0,0,0,40,3,44,5.100841561982405,0.0,1.0,1,0,0,1,0,0,0,1,0
4.68,18,0,0,90,1,26,1.7369512327330598,-1.0,-1.8369701987210297e-16,0,0,0,0,0,0,0,1,0
107.16,22,0,0,33,4,59,4.683611612294654,-0.5000000000000004,0.8660254037844384,0,1,1,2,0,1,0,0,0
418.84,0,0,0,40,3,31,6.039873686315669,0.0,1.0,1,0,0,1,0,0,1,0,0
24.87,23,0,0,88,1,62,3.2530839961979376,-0.25881904510252157,0.9659258262890681,0,0,0,0,1,0,0,0,0
4.27,5,0,0,57,2,31,1.6620303625532709,0.9659258262890683,0.25881904510252074,1,0,0,1,0,1,0,0,0
665.77,16,0,0,86,1,20,6.502445158862714,-0.8660254037844385,-0.5000000000000004,0,0,0,0,1,0,0,0,0
20.95,1,0,0,59,3,31,3.08876713952118,0.25881904510252074,0.9659258262890683,1,0,0,1,0,0,1,0,0
234.07,12,0,0,77,2,40,5.459883342129427,1.2246467991473532e-16,-1.0,0,0,0,0,0,1,0,0,0
47.27,14,0,0,94,4,50,3.8768102496724017,-0.4999999999999997,-0.8660254037844388,0,1,0,1,1,0,0,0,0
34.55,20,0,0,28,1,30,3.5709401562492498,-0.8660254037844386,0.5000000000000001,0,0,1,1,0,0,0,0,1
76.46,2,0,0,94,2,48,4.349761674086606,0.49999999999999994,0.8660254037844387,1,0,0,1,0,1,0,0,0
286.97,2,0,1,76,2,54,5.662856308043556,0.49999999999999994,0.8660254037844387,1,0,0,2,1,0,0,0,0
279.44,21,0,0,67,4,58,5.636359798338767,-0.7071067811865477,0.7071067811865474,0,1,0,1,0,0,0,1,0
123.75,22,0,0,36,2,35,4.826311734631628,-0.5000000000000004,0.8660254037844384,0,0,1,1,0,0,0,0,1
256.91,13,0,0,45,2,57,5.552610686854463,-0.2588190451025208,-0.9659258262890683,0,0,0,0,0,0,0,0,1
96.97,7,0,0,52,0,40,4.584661309356551,0.9659258262890683,-0.25881904510252063,0,0,0,0,0,0,0,0,1
2.19,20,0,0,55,5,43,1.1600209167967532,-0.8660254037844386,0.5000000000000001,0,1,0,1,0,0,1,0,0
355.23,9,0,0,30,2,47,5.875576589656054,0.7071067811865476,-0.7071067811865475,0,0,1,1,0,0,0,0,1
613.29,1,0,0,57,2,40,6.420467129346189,0.25881904510252074,0.9659258262890683,1,0,0,1,0,1,0,0,0
43.38,13,0,1,99,1,36,3.792788917504448,-0.2588190451025208,-0.9659258262890683,0,0,0,1,1,0,0,0,0
18.49,11,0,0,58,3,69,2.9699015135194693,0.258819045102521,-0.9659258262890682,0,0,0,0,1,0,0,0,0
56.3,11,0,0,97,3,51,4.048300623720694,0.258819045102521,-0.9659258262890682,0,0,0,0,0,0,0,0,1
139.89,23,0,1,36,2,37,4.947979444065186,-0.25881904510252157,0.9659258262890681,0,0,1,2,0,0,1,0,0
4.11,19,0,0,89,0,61,1.631199404215613,-0.9659258262890684,0.2588190451025203,0,0,0,0,0,1,0,0,0
64.15,23,0,0,98,1,40,4.176692303570854,-0.25881904510252157,0.9659258262890681,0,0,0,0,1,0,0,0,0
324.95,6,0,0,73,3,36,5.786743995370548,1.0,6.123233995736766e-17,0,0,0,0,0,0,0,1,0
88.82,9,0,0,78,0,22,4.4978076676595915,0.7071067811865476,-0.7071067811865475,0,0,0,0,0,0,0,0,1
407.09,16,0,0,54,1,47,6.011487738313448,-0.8660254037844385,-0.5000000000000004,0,0,0,0,1,0,0,0,0
188.18,13,0,0,96,0,26,5.242698942785024,-0.2588190451025208,-0.9659258262890683,0,0,0,0,1,0,0,0,0
272.16,6,0,1,68,1,24,5.610057704092888,1.0,6.123233995736766e-17,0,0,0,1,0,0,0,1,0
25.44,21,0,0,58,5,54,3.2748780149834857,-0.7071067811865477,0.7071067811865474,0,1,0,1,0,0,1,0,0
342.17,16,0,0,76,1,53,5.8382259512056915,-0.8660254037844385,-0.5000000000000004,0,0,0,0,0,0,1,0,0
7.73,19,0,0,77,1,67,2.166765369851511,-0.9659258262890684,0.2588190451025203,0,0,0,0,0,0,1,0,0
81.04,20,0,0,65,4,65,4.40720693320418,-0.8660254037844386,0.5000000000000001,0,1,0,1,0,0,0,0,1
150.19,18,0,0,90,3,57,5.01853732399211,-1.0,-1.8369701987210297e-16,0,0,0,0,0,0,0,1,0
54.45,6,0,0,98,1,64,4.015481713796376,1.0,6.123233995736766e-17,0,0,0,0,0,1,0,0,0
301.93,19,0,0,94,1,19,5.713501755717111,-0.9659258262890684,0.2588190451025203,0,0,0,0,0,0,0,0,1
33.29,17,0,0,43,4,50,3.534853766474829,-0.9659258262890683,-0.25881904510252063,0,1,0,1,0,0,0,0,1
31.69,5,0,0,74,1,46,3.487069220736119,0.9659258262890683,0.25881904510252074,1,0,0,1,0,0,0,1,0
22.78,20,1,1,70,2,18,3.1688448912626357,-0.8660254037844386,0.5000000000000001,0,0,0,2,0,1,0,0,0
77.71,6,0,0,38,2,41,4.3657702121543585,1.0,6.123233995736766e-17,0,0,1,1,0,0,0,0,1
76.35,15,0,0,86,2,59,4.348340577019075,-0.7071067811865471,-0.7071067811865479,0,0,0,0,0,0,1,0,0
107.79,0,0,0,59,1,27,4.689419418432991,0.0,1.0,1,0,0,1,0,0,0,0,1
322.45,17,0,0,48,1,52,5.779044542489994,-0.9659258262890683,-0.25881904510252063,0,0,0,0,0,1,0,0,0
540.09,19,0,0,69,2,31,6.293585623605619,-0.9659258262890684,0.2588190451025203,0,0,0,0,0,1,0,0,0
11.58,19,0,0,95,1,19,2.5321082512722946,-0.9659258262890684,0.2588190451025203,0,0,0,0,0,0,0,0,1
42.12,22,0,0,68,4,43,3.7639869266007415,-0.5000000000000004,0.8660254037844384,0,1,0,1,1,0,0,0,0
81.94,19,1,0,77,1,32,4.418117454818235,-0.9659258262890684,0.2588190451025203,0,0,0,1,0,0,1,0,0
11.87,17,0,0,78,1,48,2.554899021608035,-0.9659258262890683,-0.25881904510252063,0,0,0,0,1,0,0,0,0
244.44,1,0,0,47,3,37,5.503052518178891,0.25881904510252074,0.9659258262890683,1,0,0,1,0,0,0,0,1
786.88,21,0,0,55,3,31,6.669345793997494,-0.7071067811865477,0.7071067811865474,0,0,0,0,0,0,0,0,1
688.82,7,0,0,94,2,48,6.536430693993704,0.9659258262890683,-0.25881904510252063,0,0,0,0,0,0,1,0,0
8.32,16,1,0,98,1,63,2.2321626286975,-0.8660254037844385,-0.5000000000000004,0,0,0,1,0,0,0,0,1
232.32,16,0,0,45,5,58,5.452410901885437,-0.8660254037844385,-0.5000000000000004,0,1,0,1,1,0,0,0,0
0.23,18,0,1,81,1,64,0.20701416938432615,-1.0,-1.8369701987210297e-16,0,0,0,1,0,0,0,1,0
64.18,23,0,1,82,2,58,4.177152673409416,-0.25881904510252157,0.9659258262890681,0,0,0,1,0,1,0,0,0
66.71,20,1,0,91,3,62,4.215233879497554,-0.8660254037844386,0.5000000000000001,0,0,0,1,1,0,0,0,0
314.58,16,0,0,77,2,43,5.754412215607523,-0.8660254037844385,-0.5000000000000004,0,0,0,0,0,0,1,0,0
264.67,11,0,0,71,0,43,5.5822549370948344,0.258819045102521,-0.9659258262890682,0,0,0,0,0,0,0,0,1
60.08,20,0,0,72,2,57,4.1121844803504315,-0.8660254037844386,0.5000000000000001,0,0,0,0,0,0,1,0,0
173.15,2,0,0,98,5,65,5.159916996812011,0.49999999999999994,0.8660254037844387,1,1,0,2,1,0,0,0,0
72.3,5,0,0,92,1,33,4.294560608892605,0.9659258262890683,0.25881904510252074,1,0,0,1,0,1,0,0,0
1045.08,14,0,0,32,1,67,6.952805123535846,-0.4999999999999997,-0.8660254037844388,0,0,1,1,0,0,0,0,1
23.07,20,0,0,61,0,23,3.1809662517949806,-0.8660254037844386,0.5000000000000001,0,0,0,0,0,1,0,0,0
14.72,20,0,0,83,3,21,2.7549337870010606,-0.8660254037844386,0.5000000000000001,0,0,0,0,0,0,1,0,0
101.28,8,0,1,87,1,42,4.627714150422986,0.8660254037844387,-0.4999999999999998,0,0,0,1,0,0,0,0,1
30.61,3,0,0,47,2,36,3.4534735262275262,0.7071067811865476,0.7071067811865476,1,0,0,1,1,0,0,0,0
184.38,17,0,1,39,4,22,5.222407772447687,-0.9659258262890683,-0.25881904510252063,0,1,1,3,1,0,0,0,0
241.69,10,0,0,38,0,36,5.491784908752245,0.49999999999999994,-0.8660254037844387,0,0,1,1,0,0,0,0,1
4.7,7,0,0,44,3,69,1.7404661748405046,0.9659258262890683,-0.25881904510252063,0,0,0,0,0,1,0,0,0
1.82,0,1,0,29,2,66,1.0367368849500223,0.0,1.0,1,0,1,3,0,0,0,1,0
109.66,0,0,0,51,1,34,4.7064624374699635,0.0,1.0,1,0,0,1,0,0,0,0,1
132.36,7,0,0,83,2,67,4.893052238442539,0.9659258262890683,-0.25881904510252063,0,0,0,0,1,0,0,0,0
248.97,0,0,0,43,3,38,5.52134091066167,0.0,1.0,1,0,0,1,1,0,0,0,0
468.06,13,0,0,25,2,22,6.150730692033431,-0.2588190451025208,-0.9659258262890683,0,0,1,1,0,0,0,1,0
33.78,1,0,0,79,1,28,3.549042508926137,0.25881904510252074,0.9659258262890683,1,0,0,1,0,0,0,0,1
3.82,20,0,0,54,2,58,1.572773928062509,-0.8660254037844386,0.5000000000000001,0,0,0,0,0,0,0,1,0
141.17,18,0,1,79,3,57,4.957023524647607,-1.0,-1.8369701987210297e-16,0,0,0,1,0,0,0,1,0
11.82,1,0,0,55,1,68,2.551006451492524,0.25881904510252074,0.9659258262890683,1,0,0,1,0,1,0,0,0
306.58,20,0,0,35,3,49,5.728735216011778,-0.8660254037844386,0.5000000000000001,0,0,1,1,1,0,0,0,0
50.74,15,0,0,72,3,32,3.946231176757883,-0.7071067811865471,-0.7071067811865479,0,0,0,0,1,0,0,0,0
318.89,3,1,0,73,1,54,5.7679771866981975,0.7071067811865476,0.7071067811865476,1,0,0,2,1,0,0,0,0
270.14,1,0,0,96,1,36,5.602635292651243,0.25881904510252074,0.9659258262890683,1,0,0,1,1,0,0,0,0
40.62,22,0,0,32,1,63,3.7285808209654885,-0.5000000000000004,0.8660254037844384,0,0,1,1,0,0,0,1,0
598.51,0,0,0,88,3,55,6.396112654895589,0.0,1.0,1,0,0,1,0,0,0,0,1
126.64,16,0,0,88,1,20,4.849213801410043,-0.8660254037844385,-0.5000000000000004,0,0,0,0,0,1,0,0,0
59.05,13,0,0,84,2,69,4.095177548525992,-0.2588190451025208,-0.9659258262890683,0,0,0,0,1,0,0,0,0
221.69,21,0,0,82,2,52,5.405780669797565,-0.7071067811865477,0.7071067811865474,0,0,0,0,0,0,0,0,1
77.74,0,0,0,35,2,24,4.366151285515591,0.0,1.0,1,0,1,2,1,0,0,0,0
348.5,1,0,0,66,2,69,5.856503561673865,0.25881904510252074,0.9659258262890683,1,0,0,1,0,0,0,1,0
149.52,14,0,0,58,2,48,5.014095965725237,-0.4999999999999997,-0.8660254037844388,0,0,0,0,0,0,1,0,0
415.73,0,0,0,27,3,59,6.032438530077408,0.0,1.0,1,0,1,2,1,0,0,0,0
73.98,12,1,0,92,0,45,4.317221411307766,1.2246467991473532e-16,-1.0,0,0,0,1,0,1,0,0,0
646.59,10,0,0,46,2,36,6.473257780053621,0.49999999999999994,-0.8660254037844387,0,0,0,0,1,0,0,0,0
8.21,4,0,0,73,2,28,2.2202898502672155,0.8660254037844386,0.5000000000000001,1,0,0,1,0,0,0,1,0
357.8,2,0,0,34,2,51,5.882765130184641,0.49999999999999994,0.8660254037844387,1,0,1,2,0,0,0,1,0
83.46,15,0,0,98,1,54,4.436278049505797,-0.7071067811865471,-0.7071067811865479,0,0,0,0,0,0,0,0,1
55.41,11,0,0,68,2,56,4.032646447751885,0.258819045102521,-0.9659258262890682,0,0,0,0,0,0,0,1,0
115.63,20,0,0,26,1,27,4.759006530702958,-0.8660254037844386,0.5000000000000001,0,0,1,1,1,0,0,0,0
51.42,2,0,0,72,2,35,3.95928819789526,0.49999999999999994,0.8660254037844387,1,0,0,1,0,0,0,1,0
32.62,12,0,0,44,1,50,3.5151211279804695,1.2246467991473532e-16,-1.0,0,0,0,0,1,0,0,0,0
89.29,3,0,0,29,3,52,4.503026712319388,0.7071067811865476,0.7071067811865476,1,0,1,2,0,0,1,0,0
238.7,14,0,0,64,2,28,5.479388141440339,-0.4999999999999997,-0.8660254037844388,0,0,0,0,0,0,0,0,1
40.03,16,1,0,33,2,43,3.714303506454095,-0.8660254037844385,-0.5000000000000004,0,0,1,2,0,0,1,0,0
343.34,23,0,0,92,0,38,5.841629541348326,-0.25881904510252157,0.9659258262890681,0,0,0,0,0,0,0,1,0
171.87,0,0,0,31,6,45,5.152539866934696,0.0,1.0,1,1,1,3,1,0,0,0,0
89.08,0,0,1,29,1,51,4.50069816439138,0.0,1.0,1,0,1,3,1,0,0,0,0
163.26,22,1,0,63,3,29,5.101450538312046,-0.5000000000000004,0.8660254037844384,0,0,0,1,0,1,0,0,0
224.15,16,0,0,56,2,52,5.4167668467475805,-0.8660254037844385,-0.5000000000000004,0,0,0,0,1,0,0,0,0
86.73,11,0,0,52,1,46,4.474263916140292,0.258819045102521,-0.9659258262890682,0,0,0,0,0,0,0,0,1
237.01,17,0,0,49,1,61,5.472312689595516,-0.9659258262890683,-0.25881904510252063,0,0,0,0,0,0,0,1,0
81.58,9,0,0,98,2,49,4.413767520457944,0.7071067811865476,-0.7071067811865475,0,0,0,0,0,0,0,0,1
120.81,17,1,0,80,2,48,4.802462453711867,-0.9659258262890683,-0.25881904510252063,0,0,0,1,0,0,1,0,0
282.33,22,0,0,67,1,44,5.646612296041165,-0.5000000000000004,0.8660254037844384,0,0,0,0,0,1,0,0,0
2.12,19,1,0,45,2,36,1.1378330018213911,-0.9659258262890684,0.2588190451025203,0,0,0,1,0,0,0,1,0
25.83,14,1,0,37,0,67,3.2895206644375325,-0.4999999999999997,-0.8660254037844388,0,0,1,2,1,0,0,0,0
119.19,6,0,0,57,0,36,4.7890738239646975,1.0,6.123233995736766e-17,0,0,0,0,1,0,0,0,0
81.76,9,0,1,53,1,35,4.415944852877343,0.7071067811865476,-0.7071067811865475,0,0,0,1,0,0,1,0,0
225.77,18,0,0,66,1,62,5.423936287972195,-1.0,-1.8369701987210297e-16,0,0,0,0,0,1,0,0,0
34.68,9,0,0,84,3,53,3.5745903077118086,0.7071067811865476,-0.7071067811865475,0,0,0,0,0,0,0,0,1
179.25,13,0,0,48,2,56,5.1943447761650585,-0.2588190451025208,-0.9659258262890683,0,0,0,0,0,0,1,0,0
145.82,6,0,0,37,1,31,4.989207346682635,1.0,6.123233995736766e-17,0,0,1,1,0,0,1,0,0
93.25,0,0,0,82,0,66,4.54595082632812,0.0,1.0,1,0,0,1,0,0,0,0,1
20.14,0,0,0,41,2,36,3.051166980442092,0.0,1.0,1,0,0,1,0,0,1,0,0
209.82,14,0,0,74,3,48,5.351004688827043,-0.4999999999999997,-0.8660254037844388,0,0,0,0,0,0,0,1,0
116.64,20,0,0,78,0,29,4.7676291136857945,-0.8660254037844386,0.5000000000000001,0,0,0,0,0,0,0,1,0
137.43,17,0,0,82,2,18,4.930364782699644,-0.9659258262890683,-0.25881904510252063,0,0,0,0,0,1,0,0,0
71.18,16,0,0,34,1,38,4.279162999214643,-0.8660254037844385,-0.5000000000000004,0,0,1,1,0,0,1,0,0
486.2,3,1,0,42,0,37,6.1886747163956874,0.7071067811865476,0.7071067811865476,1,0,0,2,0,0,0,1,0
202.88,13,0,0,91,2,58,5.317531585471841,-0.2588190451025208,-0.9659258262890683,0,0,0,0,1,0,0,0,0
52.32,4,0,0,70,2,24,3.976311495310508,0.8660254037844386,0.5000000000000001,1,0,0,1,1,0,0,0,0
7.4,7,0,0,78,0,54,2.128231705849268,0.9659258262890683,-0.25881904510252063,0,0,0,0,0,0,0,0,1
244.81,12,0,0,78,2,47,5.50455887978689,1.2246467991473532e-16,-1.0,0,0,0,0,0,0,1,0,0
325.74,10,0,0,88,1,37,5.789164747598362,0.49999999999999994,-0.8660254037844387,0,0,0,0,0,1,0,0,0
290.98,23,0,1,50,4,56,5.676685306771834,-0.25881904510252157,0.9659258262890681,0,1,0,2,0,0,0,1,0
51.77,1,0,0,83,2,38,3.9659428474175766,0.25881904510252074,0.9659258262890683,1,0,0,1,0,0,0,1,0
220.88,22,0,1,75,1,62,5.402136695187034,-0.5000000000000004,0.8660254037844384,0,0,0,1,1,0,0,0,0
70.83,6,0,0,52,5,20,4.27430221608671,1.0,6.123233995736766e-17,0,1,0,1,1,0,0,0,0
92.54,11,1,0,60,2,25,4.53838915229774,0.258819045102521,-0.9659258262890682,0,0,0,1,0,0,0,0,1
37.08,13,1,0,32,1,27,3.6396892099231644,-0.2588190451025208,-0.9659258262890683,0,0,1,2,0,0,0,1,0
258.23,1,0,0,67,1,50,5.557715698521418,0.25881904510252074,0.9659258262890683,1,0,0,1,0,0,0,1,0
62.84,15,0,0,62,3,50,4.1563799531415535,-0.7071067811865471,-0.7071067811865479,0,0,0,0,0,1,0,0,0
94.65,7,0,0,45,3,28,4.560695695886262,0.9659258262890683,-0.25881904510252063,0,0,0,0,1,0,0,0,0
510.89,9,0,0,63,4,58,6.238109758207283,0.7071067811865476,-0.7071067811865475,0,1,0,1,0,1,0,0,0
80.96,21,0,0,33,1,41,4.406231323370699,-0.7071067811865477,0.7071067811865474,0,0,1,1,0,0,0,0,1
110.31,13,0,0,44,2,45,4.712319101505135,-0.2588190451025208,-0.9659258262890683,0,0,0,0,1,0,0,0,0
20.33,16,0,1,52,2,45,3.0601145324832593,-0.8660254037844385,-0.5000000000000004,0,0,0,1,1,0,0,0,0
18.44,21,0,0,62,2,53,2.967332799032293,-0.7071067811865477,0.7071067811865474,0,0,0,0,0,1,0,0,0
62.95,6,0,0,72,1,45,4.158101528024852,1.0,6.123233995736766e-17,0,0,0,0,0,0,0,1,0
39.65,13,0,0,44,1,58,3.7049988359938197,-0.2588190451025208,-0.9659258262890683,0,0,0,0,0,0,1,0,0
176.59,0,0,0,75,1,25,5.179477522666504,0.0,1.0,1,0,0,1,0,0,0,0,1
254.59,21,0,0,69,4,56,5.543574598107358,-0.7071067811865477,0.7071067811865474,0,1,0,1,0,1,0,0,0
125.9,4,0,1,27,2,31,4.843399374720342,0.8660254037844386,0.5000000000000001,1,0,1,3,0,0,0,1,0
180.25,9,0,0,67,3,66,5.199877293734784,0.7071067811865476,-0.7071067811865475,0,0,0,0,0,1,0,0,0
669.69,13,0,0,79,2,33,6.508307033198804,-0.2588190451025208,-0.9659258262890683,0,0,0,0,0,1,0,0,0
39.99,14,0,1,93,1,49,3.7133281345162463,-0.4999999999999997,-0.8660254037844388,0,0,0,1,0,0,0,0,1
384.23,10,0,0,28,1,28,5.953840558511292,0.49999999999999994,-0.8660254037844387,0,0,1,1,1,0,0,0,0
61.19,22,0,0,97,1,43,4.1301942151157975,-0.5000000000000004,0.8660254037844384,0,0,0,0,0,0,0,0,1
363.05,9,0,0,42,3,65,5.89729122084072,0.7071067811865476,-0.7071067811865475,0,0,0,0,0,0,0,1,0
152.75,0,0,0,69,3,43,5.035327906686628,0.0,1.0,1,0,0,1,0,0,0,1,0
429.28,0,0,0,25,3,52,6.0644361595638046,0.0,1.0,1,0,1,2,1,0,0,0,0
123.4,18,1,0,65,4,57,4.823502180305079,-1.0,-1.8369701987210297e-16,0,1,0,2,0,0,1,0,0
19.17,19,0,0,31,6,36,3.0041963519661206,-0.9659258262890684,0.2588190451025203,0,1,1,2,0,1,0,0,0
48.16,16,0,0,59,1,20,3.895080284697834,-0.8660254037844385,-0.5000000000000004,0,0,0,0,0,0,1,0,0
31.93,9,0,0,70,0,68,3.494384096388273,0.7071067811865476,-0.7071067811865475,0,0,0,0,0,0,0,1,0
214.93,5,0,0,29,0,53,5.37495428108674,0.9659258262890683,0.25881904510252074,1,0,1,2,0,0,0,0,1
49.37,19,0,0,67,3,23,3.9193957597575593,-0.9659258262890684,0.2588190451025203,0,0,0,0,0,0,1,0,0
57.81,7,1,0,67,2,58,4.074311908471865,0.9659258262890683,-0.25881904510252063,0,0,0,1,0,0,1,0,0
43.3,11,0,0,60,2,26,3.7909846770510898,0.258819045102521,-0.9659258262890682,0,0,0,0,0,1,0,0,0
355.27,6,0,0,70,4,32,5.875688870357927,1.0,6.123233995736766e-17,0,1,0,1,0,1,0,0,0
1073.0,13,0,0,78,3,22,6.97914527506881,-0.2588190451025208,-0.9659258262890683,0,0,0,0,0,0,1,0,0
204.35,4,0,1,97,0,62,5.324715840402567,0.8660254037844386,0.5000000000000001,1,0,0,2,0,0,1,0,0
287.28,22,0,0,50,2,23,5.66393223005624,-0.5000000000000004,0.8660254037844384,0,0,0,0,0,0,0,1,0
162.87,6,0,0,80,2,20,5.099073430558133,1.0,6.123233995736766e-17,0,0,0,0,0,1,0,0,0
24.84,21,0,0,41,2,30,3.2519236789144013,-0.7071067811865477,0.7071067811865474,0,0,0,0,0,0,1,0,0
99.77,3,0,0,74,4,65,4.612840692292311,0.7071067811865476,0.7071067811865476,1,1,0,2,0,0,1,0,0
730.68,9,0,0,40,4,20,6.595343259909745,0.7071067811865476,-0.7071067811865475,0,1,0,1,0,1,0,0,0
137.45,16,0,1,67,2,58,4.9305092496169705,-0.8660254037844385,-0.5000000000000004,0,0,0,1,0,0,0,0,1
140.71,14,0,0,85,3,25,4.9537827158367795,-0.4999999999999997,-0.8660254037844388,0,0,0,0,0,1,0,0,0
38.96,23,0,0,45,3,35,3.687878953780353,-0.25881904510252157,0.9659258262890681,0,0,0,0,0,0,0,0,1
502.7,1,0,1,52,0,63,6.221980852751605,0.25881904510252074,0.9659258262890683,1,0,0,2,1,0,0,0,0
33.91,7,0,0,56,1,26,3.5527733211169448,0.9659258262890683,-0.25881904510252063,0,0,0,0,0,1,0,0,0
56.22,14,0,0,96,1,45,4.0469034876219645,-0.4999999999999997,-0.8660254037844388,0,0,0,0,0,0,0,0,1
76.7,4,1,0,95,4,19,4.3528552573736015,0.8660254037844386,0.5000000000000001,1,1,0,3,0,0,0,0,1
133.9,0,0,0,77,1,65,4.90453376321371,0.0,1.0,1,0,0,1,0,0,1,0,0
54.91,3,0,0,38,1,19,4.0237432550385535,0.7071067811865476,0.7071067811865476,1,0,1,2,0,0,0,0,1
87.53,15,0,0,87,0,39,4.483341477622957,-0.7071067811865471,-0.7071067811865479,0,0,0,0,0,1,0,0,0
18.36,19,1,0,61,1,52,2.963209081848431,-0.9659258262890684,0.2588190451025203,0,0,0,1,1,0,0,0,0
471.55,2,0,1,27,3,63,6.158143561441065,0.49999999999999994,0.8660254037844387,1,0,1,3,0,0,1,0,0
62.46,12,0,1,64,2,37,4.150409786155049,1.2246467991473532e-16,-1.0,0,0,0,1,0,0,0,1,0
211.94,10,0,0,34,0,24,5.3610104358864605,0.49999999999999994,-0.8660254037844387,0,0,1,1,0,0,0,0,1
71.84,15,0,0,58,3,45,4.288265254859407,-0.7071067811865471,-0.7071067811865479,0,0,0,0,1,0,0,0,0
290.76,5,0,0,88,0,50,5.675931546500425,0.9659258262890683,0.25881904510252074,1,0,0,1,0,0,0,0,1
76.03,13,0,0,44,0,64,4.344194956364874,-0.2588190451025208,-0.9659258262890683,0,0,0,0,0,0,0,0,1
39.58,5,0,0,48,5,21,3.7032753343976688,0.9659258262890683,0.25881904510252074,1,1,0,2,0,1,0,0,0
213.71,10,1,0,63,2,55,5.3692882804186155,0.49999999999999994,-0.8660254037844387,0,0,0,1,0,0,0,1,0
57.91,10,0,0,88,0,20,4.076010855533596,0.49999999999999994,-0.8660254037844387,0,0,0,0,1,0,0,0,0
24.27,15,0,0,43,1,60,3.2296179214001026,-0.7071067811865471,-0.7071067811865479,0,0,0,0,0,0,0,1,0
101.84,19,0,0,66,2,19,4.633174382397689,-0.9659258262890684,0.2588190451025203,0,0,0,0,0,1,0,0,0
155.42,20,0,0,37,0,31,5.052544697173465,-0.8660254037844386,0.5000000000000001,0,0,1,1,0,0,1,0,0
332.26,11,0,0,64,4,54,5.808922966110478,0.258819045102521,-0.9659258262890682,0,1,0,1,0,0,0,1,0
24.45,14,0,0,27,2,44,3.2367157429965316,-0.4999999999999997,-0.8660254037844388,0,0,1,1,0,0,1,0,0
137.34,19,0,0,81,3,23,4.929714423172439,-0.9659258262890684,0.2588190451025203,0,0,0,0,0,0,0,0,1
11.19,18,0,0,60,4,41,2.5006159434931803,-1.0,-1.8369701987210297e-16,0,1,0,1,0,0,0,1,0
283.97,2,0,0,89,2,32,5.652383911570201,0.49999999999999994,0.8660254037844387,1,0,0,1,0,1,0,0,0
377.88,18,0,0,26,1,63,5.937219532255586,-1.0,-1.8369701987210297e-16,0,0,1,1,0,0,1,0,0
14.42,13,1,0,94,0,61,2.7356653681351832,-0.2588190451025208,-0.9659258262890683,0,0,0,1,1,0,0,0,0
140.7,4,0,0,38,0,44,4.953712146696635,0.8660254037844386,0.5000000000000001,1,0,1,2,0,0,1,0,0
101.75,20,0,0,61,2,52,4.632298853376344,-0.8660254037844386,0.5000000000000001,0,0,0,0,1,0,0,0,0
116.44,18,0,0,72,2,58,4.765927564866206,-1.0,-1.8369701987210297e-16,0,0,0,0,1,0,0,0,0
92.2,12,0,0,71,1,47,4.534747721691546,1.2246467991473532e-16,-1.0,0,0,0,0,0,0,0,0,1
120.45,22,0,0,25,4,59,4.799502655448181,-0.5000000000000004,0.8660254037844384,0,1,1,2,0,0,0,0,1
97.33,18,0,0,29,2,67,4.588329168792065,-1.0,-1.8369701987210297e-16,0,0,1,1,0,0,1,0,0
160.64,10,0,0,62,2,28,5.085371640210273,0.49999999999999994,-0.8660254037844387,0,0,0,0,0,0,0,1,0
311.34,3,0,0,41,3,25,5.7440923380596995,0.7071067811865476,0.7071067811865476,1,0,0,1,1,0,0,0,0
182.5,22,0,0,71,1,47,5.212214667494625,-0.5000000000000004,0.8660254037844384,0,0,0,0,0,0,0,0,1
27.95,16,0,0,77,4,68,3.3655702040190043,-0.8660254037844385,-0.5000000000000004,0,1,0,1,0,1,0,0,0
57.55,18,0,0,36,2,63,4.069881090043726,-1.0,-1.8369701987210297e-16,0,0,1,1,1,0,0,0,0
7.37,9,0,0,94,3,69,2.124653884501384,0.7071067811865476,-0.7071067811865475,0,0,0,0,0,0,0,0,1
324.58,23,0,0,36,0,24,5.785608207180363,-0.25881904510252157,0.9659258262890681,0,0,1,1,1,0,0,0,0
582.24,14,0,0,63,1,23,6.368598765448085,-0.4999999999999997,-0.8660254037844388,0,0,0,0,1,0,0,0,0
112.1,0,0,0,26,2,44,4.728272383122075,0.0,1.0,1,0,1,2,0,0,0,0,1
251.25,5,0,0,30,2,24,5.530420659233719,0.9659258262890683,0.25881904510252074,1,0,1,2,1,0,0,0,0
49.47,23,0,1,48,2,64,3.921379100352171,-0.25881904510252157,0.9659258262890681,0,0,0,1,0,0,0,1,0
110.79,14,0,0,72,4,45,4.716622111282234,-0.4999999999999997,-0.8660254037844388,0,1,0,1,1,0,0,0,0
154.68,22,1,0,33,2,24,5.047802618437695,-0.5000000000000004,0.8660254037844384,0,0,1,2,1,0,0,0,0
200.09,7,0,0,96,2,21,5.303752569037976,0.9659258262890683,-0.25881904510252063,0,0,0,0,1,0,0,0,0
105.81,15,0,0,71,6,59,4.671051555101604,-0.7071067811865471,-0.7071067811865479,0,1,0,1,0,0,0,1,0
274.51,4,0,0,90,2,62,5.618623925574879,0.8660254037844386,0.5000000000000001,1,0,0,1,0,0,1,0,0
259.67,17,0,0,80,0,51,5.563255239519225,-0.9659258262890683,-0.25881904510252063,0,0,0,0,0,1,0,0,0
80.37,6,0,0,89,2,28,4.3990066547085656,1.0,6.123233995736766e-17,0,0,0,0,0,0,0,1,0
190.38,1,0,1,75,1,54,5.254260980351117,0.25881904510252074,0.9659258262890683,1,0,0,2,0,0,1,0,0
118.1,9,0,0,46,0,63,4.779963476361254,0.7071067811865476,-0.7071067811865475,0,0,0,0,0,1,0,0,0
533.46,6,0,0,28,4,41,6.281256891369122,1.0,6.123233995736766e-17,0,1,1,2,0,0,1,0,0
42.27,10,0,0,82,1,22,3.7674595542367935,0.49999999999999994,-0.8660254037844387,0,0,0,0,1,0,0,0,0
167.85,3,1,0,75,1,67,5.129010746831577,0.7071067811865476,0.7071067811865476,1,0,0,2,0,0,0,1,0
336.45,20,0,0,84,2,28,5.821417351189416,-0.8660254037844386,0.5000000000000001,0,0,0,0,1,0,0,0,0
224.45,8,0,0,36,0,45,5.418098404867093,0.8660254037844387,-0.4999999999999998,0,0,1,1,0,0,0,0,1
229.24,13,0,0,52,4,32,5.439122243139058,-0.2588190451025208,-0.9659258262890683,0,1,0,1,0,0,0,0,1
15.45,9,0,0,84,2,44,2.800325477211381,0.7071067811865476,-0.7071067811865475,0,0,0,0,0,0,0,1,0
173.92,7,0,0,86,6,44,5.16432872654472,0.9659258262890683,-0.25881904510252063,0,1,0,1,0,1,0,0,0
188.79,13,0,0,91,1,64,5.2459181977488285,-0.2588190451025208,-0.9659258262890683,0,0,0,0,0,0,0,0,1
51.39,6,0,0,65,5,42,3.9587157334201284,1.0,6.123233995736766e-17,0,1,0,1,0,0,1,0,0
206.58,19,0,0,41,1,69,5.335516807537143,-0.9659258262890684,0.2588190451025203,0,0,0,0,0,0,1,0,0
7.49,1,0,0,97,1,47,2.138889000323256,0.25881904510252074,0.9659258262890683,1,0,0,1,0,0,0,1,0
122.26,6,0,0,35,2,54,4.814295945534097,1.0,6.123233995736766e-17,0,0,1,1,0,0,0,1,0
81.32,13,0,0,69,4,63,4.410614091525794,-0.2588190451025208,-0.9659258262890683,0,1,0,1,0,0,0,0,1
283.3,0,1,0,57,0,58,5.650030018656954,0.0,1.0,1,0,0,2,1,0,0,0,0
252.05,2,0,1,96,2,59,5.533587097660087,0.49999999999999994,0.8660254037844387,1,0,0,2,0,0,0,1,0
81.43,2,1,0,75,4,25,4.411949448325136,0.49999999999999994,0.8660254037844387,1,1,0,3,0,0,0,1,0
43.08,20,1,0,76,1,48,3.786006164844659,-0.8660254037844386,0.5000000000000001,0,0,0,1,0,0,0,0,1
291.09,4,0,0,34,0,40,5.677061973956591,0.8660254037844386,0.5000000000000001,1,0,1,2,1,0,0,0,0
446.9,5,0,0,99,1,34,6.104569993213254,0.9659258262890683,0.25881904510252074,1,0,0,1,0,0,1,0,0
28.54,11,0,0,78,3,64,3.3857452771032337,0.258819045102521,-0.9659258262890682,0,0,0,0,0,0,0,1,0
41.57,18,0,1,60,4,56,3.751149779840061,-1.0,-1.8369701987210297e-16,0,1,0,2,0,1,0,0,0
159.48,4,0,0,54,2,29,5.078169324213626,0.8660254037844386,0.5000000000000001,1,0,0,1,0,0,0,0,1
95.31,2,0,0,43,1,39,4.567572155572773,0.49999999999999994,0.8660254037844387,1,0,0,1,0,0,0,1,0
60.99,6,0,0,90,4,60,4.126973081713828,1.0,6.123233995736766e-17,0,1,0,1,1,0,0,0,0
250.45,13,0,0,37,5,50,5.527244162617974,-0.2588190451025208,-0.9659258262890683,0,1,1,2,0,0,0,0,1
22.5,3,0,0,51,0,28,3.1570004211501135,0.7071067811865476,0.7071067811865476,1,0,0,1,0,0,0,0,1
524.38,14,0,0,49,1,26,6.264121810291653,-0.4999999999999997,-0.8660254037844388,0,0,0,0,0,0,0,0,1
829.9,1,1,0,65,2,60,6.722509450670936,0.25881904510252074,0.9659258262890683,1,0,0,2,0,0,0,1,0
39.6,5,0,0,41,3,51,3.703768066607687,0.9659258262890683,0.25881904510252074,1,0,0,1,0,0,0,0,1
239.48,19,1,0,45,5,30,5.482636926004664,-0.9659258262890684,0.2588190451025203,0,1,0,2,0,0,1,0,0
201.07,15,0,0,85,0,61,5.308614172025405,-0.7071067811865471,-0.7071067811865479,0,0,0,0,0,0,1,0,0
38.67,12,0,1,94,3,69,3.6805952345262387,1.2246467991473532e-16,-1.0,0,0,0,1,0,1,0,0,0
21.61,14,0,0,65,2,35,3.1183922862898785,-0.4999999999999997,-0.8660254037844388,0,0,0,0,0,0,0,1,0
12.39,0,0,0,56,3,38,2.5945081597030812,0.0,1.0,1,0,0,1,0,0,0,0,1
372.34,7,0,0,97,0,54,5.922489532604451,0.9659258262890683,-0.25881904510252063,0,0,0,0,0,0,1,0,0
32.23,10,1,0,39,1,68,3.503453082366503,0.49999999999999994,-0.8660254037844387,0,0,1,2,0,0,0,1,0
37.74,15,0,0,83,2,43,3.65687265797885,-0.7071067811865471,-0.7071067811865479,0,0,0,0,0,0,0,1,0
371.8,23,0,1,98,1,32,5.921042082811436,-0.25881904510252157,0.9659258262890681,0,0,0,1,0,0,1,0,0
542.65,9,0,0,31,3,30,6.298305657443758,0.7071067811865476,-0.7071067811865475,0,0,1,1,0,0,0,0,1
12.76,3,0,0,89,3,65,2.6217658325051976,0.7071067811865476,0.7071067811865476,1,0,0,1,0,0,0,1,0
4.24,0,0,1,31,5,65,1.6563214983329508,0.0,1.0,1,1,1,4,0,0,1,0,0
21.98,19,0,0,41,2,47,3.1346242724206097,-0.9659258262890684,0.2588190451025203,0,0,0,0,0,0,1,0,0
60.49,9,1,0,39,1,48,4.118874559965378,0.7071067811865476,-0.7071067811865475,0,0,1,2,0,1,0,0,0
196.2,11,0,0,67,2,50,5.284218442168535,0.258819045102521,-0.9659258262890682,0,0,0,0,0,0,0,1,0
79.12,14,0,0,62,3,25,4.383525510797617,-0.4999999999999997,-0.8660254037844388,0,0,0,0,1,0,0,0,0
147.88,1,0,0,60,2,18,5.003140612333995,0.25881904510252074,0.9659258262890683,1,0,0,1,0,0,0,0,1
127.14,16,1,0,73,2,48,4.853123416210876,-0.8660254037844385,-0.5000000000000004,0,0,0,1,0,0,1,0,0
248.23,3,0,0,66,2,42,5.518376164900322,0.7071067811865476,0.7071067811865476,1,0,0,1,0,0,1,0,0
145.32,20,1,0,40,0,55,4.98579600408261,-0.8660254037844386,0.5000000000000001,0,0,0,1,0,0,1,0,0
482.71,11,0,1,38,1,35,6.181485553586704,0.258819045102521,-0.9659258262890682,0,0,1,2,0,0,0,0,1
7.16,17,0,0,76,1,27,2.0992441689760155,-0.9659258262890683,-0.25881904510252063,0,0,0,0,0,0,1,0,0
171.91,12,0,0,42,0,36,5.152771227916698,1.2246467991473532e-16,-1.0,0,0,0,0,1,0,0,0,0
57.86,4,0,0,40,1,36,4.075161742805327,0.8660254037844386,0.5000000000000001,1,0,0,1,0,1,0,0,0
31.65,21,0,0,59,1,48,3.48584485572244,-0.7071067811865477,0.7071067811865474,0,0,0,0,0,0,0,1,0
14.72,11,1,0,73,3,59,2.7549337870010606,0.258819045102521,-0.9659258262890682,0,0,0,1,0,0,0,0,1
149.45,16,1,0,61,2,38,5.013630803076055,-0.8660254037844385,-0.5000000000000004,0,0,0,1,1,0,0,0,0
97.72,10,0,0,42,0,23,4.592287560157078,0.49999999999999994,-0.8660254037844387,0,0,0,0,0,0,1,0,0
161.62,7,0,1,76,2,61,5.091416190779691,0.9659258262890683,-0.25881904510252063,0,0,0,1,0,0,1,0,0
250.16,11,0,0,99,4,29,5.526090186245908,0.258819045102521,-0.9659258262890682,0,1,0,1,0,0,0,0,1
28.27,13,0,0,35,1,42,3.3765631007037946,-0.2588190451025208,-0.9659258262890683,0,0,1,1,1,0,0,0,0
67.28,23,0,0,74,0,49,4.22361689792624,-0.25881904510252157,0.9659258262890681,0,0,0,0,0,0,0,0,1
553.08,0,1,0,85,1,67,6.317309080654112,0.0,1.0,1,0,0,2,1,0,0,0,0
110.8,16,0,0,38,3,22,4.716711560720999,-0.8660254037844385,-0.5000000000000004,0,0,1,1,1,0,0,0,0
136.4,19,0,0,68,1,23,4.922896379788249,-0.9659258262890684,0.2588190451025203,0,0,0,0,0,0,1,0,0
14.74,5,1,0,93,2,64,2.756205242989257,0.9659258262890683,0.25881904510252074,1,0,0,2,0,1,0,0,0
39.62,8,0,0,38,3,64,3.7042605561522386,0.8660254037844387,-0.4999999999999998,0,0,1,1,0,1,0,0,0
190.86,22,0,0,31,1,56,5.256765939389801,-0.5000000000000004,0.8660254037844384,0,0,1,1,0,0,0,1,0
49.52,16,0,0,58,1,32,3.9223692974822906,-0.8660254037844385,-0.5000000000000004,0,0,0,0,0,1,0,0,0
175.77,1,0,0,76,0,34,5.174849452547792,0.25881904510252074,0.9659258262890683,1,0,0,1,0,0,1,0,0
654.82,15,0,0,54,3,34,6.485886361048296,-0.7071067811865471,-0.7071067811865479,0,0,0,0,0,1,0,0,0
763.93,22,0,0,83,1,34,6.639784326371882,-0.5000000000000004,0.8660254037844384,0,0,0,0,0,0,1,0,0
132.66,1,0,0,31,4,35,4.895299262082924,0.25881904510252074,0.9659258262890683,1,1,1,3,0,1,0,0,0
501.92,21,0,0,48,1,60,6.220431111724981,-0.7071067811865477,0.7071067811865474,0,0,0,0,0,0,0,1,0
47.89,5,0,0,95,2,25,3.889572876590554,0.9659258262890683,0.25881904510252074,1,0,0,1,0,0,1,0,0
399.19,13,0,0,36,1,42,5.991939434331194,-0.2588190451025208,-0.9659258262890683,0,0,1,1,1,0,0,0,0
23.8,12,0,0,59,1,55,3.2108436531709366,1.2246467991473532e-16,-1.0,0,0,0,0,0,1,0,0,0
93.49,3,0,0,58,2,52,4.548494008794535,0.7071067811865476,0.7071067811865476,1,0,0,1,0,0,0,1,0
49.2,23,0,0,79,1,18,3.9160150266976834,-0.25881904510252157,0.9659258262890681,0,0,0,0,0,0,0,1,0
277.75,14,0,0,36,2,32,5.630315322774329,-0.4999999999999997,-0.8660254037844388,0,0,1,1,0,0,0,0,1
225.37,16,0,0,45,4,56,5.422170828715035,-0.8660254037844385,-0.5000000000000004,0,1,0,1,1,0,0,0,0
46.41,16,0,0,78,0,47,3.8588331769140267,-0.8660254037844385,-0.5000000000000004,0,0,0,0,1,0,0,0,0
43.99,11,0,0,62,3,65,3.806440242853081,0.258819045102521,-0.9659258262890682,0,0,0,0,0,0,0,1,0
268.38,9,0,0,36,2,57,5.596123022170668,0.7071067811865476,-0.7071067811865475,0,0,1,1,0,0,1,0,0
55.31,14,0,0,60,0,48,4.030872139266527,-0.4999999999999997,-0.8660254037844388,0,0,0,0,0,0,0,1,0
95.13,17,0,0,38,5,67,4.565701442077724,-0.9659258262890683,-0.25881904510252063,0,1,1,2,0,0,0,1,0
637.64,16,0,0,86,0,47,6.459340915337544,-0.8660254037844385,-0.5000000000000004,0,0,0,0,0,0,0,0,1
253.08,23,0,0,49,1,63,5.537649178058771,-0.25881904510252157,0.9659258262890681,0,0,0,0,0,0,0,1,0
515.36,19,0,1,86,1,23,6.246804196638508,-0.9659258262890684,0.2588190451025203,0,0,0,1,0,1,0,0,0
154.99,16,0,0,33,1,54,5.049791902630777,-0.8660254037844385,-0.5000000000000004,0,0,1,1,0,0,1,0,0
139.12,13,0,0,56,1,50,4.942499198329286,-0.2588190451025208,-0.9659258262890683,0,0,0,0,0,0,0,0,1
89.92,17,0,0,37,0,45,4.509979998984343,-0.9659258262890683,-0.25881904510252063,0,0,1,1,0,0,0,1,0
96.54,3,0,0,60,3,27,4.5802625502819065,0.7071067811865476,0.7071067811865476,1,0,0,1,0,0,0,1,0
221.21,13,0,0,58,0,47,5.403622880693308,-0.2588190451025208,-0.9659258262890683,0,0,0,0,0,0,1,0,0
89.81,8,0,0,28,3,52,4.508769411701737,0.8660254037844387,-0.4999999999999998,0,0,1,1,0,0,1,0,0
508.46,17,0,0,77,3,41,6.233351341239327,-0.9659258262890683,-0.25881904510252063,0,0,0,0,0,0,0,1,0
593.39,12,0,0,79,1,39,6.3875356695742775,1.2246467991473532e-16,-1.0,0,0,0,0,0,1,0,0,0
136.81,0,0,0,60,5,49,4.925875924887054,0.0,1.0,1,1,0,2,1,0,0,0,0
60.34,19,0,0,92,2,34,4.116432158686106,-0.9659258262890684,0.2588190451025203,0,0,0,0,0,0,0,0,1
242.41,13,0,0,54,5,20,5.494747264343823,-0.2588190451025208,-0.9659258262890683,0,1,0,1,0,1,0,0,0
49.56,20,0,0,60,4,42,3.923160749838602,-0.8660254037844386,0.5000000000000001,0,1,0,1,0,0,1,0,0
33.65,16,0,0,63,0,18,3.5452977256359124,-0.8660254037844385,-0.5000000000000004,0,0,0,0,0,0,0,1,0
213.12,23,0,0,82,2,63,5.36653660552518,-0.25881904510252157,0.9659258262890681,0,0,0,0,0,0,1,0,0
67.05,23,0,0,69,3,45,4.220242729097475,-0.25881904510252157,0.9659258262890681,0,0,0,0,0,0,0,0,1
33.15,16,0,0,26,1,41,3.530762586016799,-0.8660254037844385,-0.5000000000000004,0,0,1,1,1,0,0,0,0
272.97,18,0,0,46,2,46,5.6130186113426115,-1.0,-1.8369701987210297e-16,0,0,0,0,0,0,0,1,0
399.42,13,0,0,70,2,44,5.992513996243553,-0.2588190451025208,-0.9659258262890683,0,0,0,0,0,1,0,0,0
189.83,21,0,0,64,2,66,5.251382979358823,-0.7071067811865477,0.7071067811865474,0,0,0,0,0,1,0,0,0
34.78,17,0,0,30,4,39,3.5773890780805733,-0.9659258262890683,-0.25881904510252063,0,1,1,2,0,0,0,1,0
0.66,21,0,0,26,1,37,0.5068176023684519,-0.7071067811865477,0.7071067811865474,0,0,1,1,0,0,1,0,0
90.3,9,0,0,33,4,68,4.514150787600923,0.7071067811865476,-0.7071067811865475,0,1,1,2,0,1,0,0,0
221.02,1,0,0,41,3,68,5.402767467904501,0.25881904510252074,0.9659258262890683,1,0,0,1,0,1,0,0,0
137.29,8,0,0,37,5,36,4.929352929476567,0.8660254037844387,-0.4999999999999998,0,1,1,2,0,1,0,0,0
52.34,13,0,0,43,1,30,3.9766865187538682,-0.2588190451025208,-0.9659258262890683,0,0,0,0,0,1,0,0,0
12.48,22,0,0,70,6,61,2.601207105484161,-0.5000000000000004,0.8660254037844384,0,1,0,1,0,1,0,0,0
431.97,21,0,0,95,1,54,6.070668441537573,-0.7071067811865477,0.7071067811865474,0,0,0,0,0,0,1,0,0
854.58,19,0,1,53,0,57,6.751779601525972,-0.9659258262890684,0.2588190451025203,0,0,0,1,0,0,1,0,0
524.15,22,0,0,26,4,51,6.263683936068785,-0.5000000000000004,0.8660254037844384,0,1,1,2,0,0,1,0,0
215.05,23,0,0,69,4,44,5.3755098623779425,-0.25881904510252157,0.9659258262890681,0,1,0,1,1,0,0,0,0
35.89,19,0,1,30,0,25,3.607940511608584,-0.9659258262890684,0.2588190451025203,0,0,1,2,0,0,1,0,0
197.26,16,0,0,53,1,69,5.289579300604752,-0.8660254037844385,-0.5000000000000004,0,0,0,0,0,0,0,1,0
348.09,10,0,0,94,1,30,5.855329768613345,0.49999999999999994,-0.8660254037844387,0,0,0,0,0,0,0,0,1
239.68,19,0,0,37,0,57,5.483468250352151,-0.9659258262890684,0.2588190451025203,0,0,1,1,1,0,0,0,0
14.59,15,0,1,97,1,33,2.7466296830696852,-0.7071067811865471,-0.7071067811865479,0,0,0,1,0,0,0,0,1
240.27,1,0,0,79,1,64,5.485916638337356,0.25881904510252074,0.9659258262890683,1,0,0,1,0,1,0,0,0
244.12,6,0,0,27,1,40,5.501747886552226,1.0,6.123233995736766e-17,0,0,1,1,0,0,0,0,1
157.08,13,0,0,80,0,67,5.063101233999558,-0.2588190451025208,-0.9659258262890683,0,0,0,0,1,0,0,0,0
36.79,10,0,0,26,1,66,3.6320445173613978,0.49999999999999994,-0.8660254037844387,0,0,1,1,0,0,0,1,0
213.53,10,0,0,89,1,52,5.3684495887284145,0.49999999999999994,-0.8660254037844387,0,0,0,0,0,0,0,1,0
69.21,12,0,0,91,2,60,4.2514907510291575,1.2246467991473532e-16,-1.0,0,0,0,0,0,0,0,0,1
592.39,21,0,0,78,5,68,6.385851855675628,-0.7071067811865477,0.7071067811865474,0,1,0,1,0,0,1,0,0
293.52,21,0,0,80,4,45,5.685346912500516,-0.7071067811865477,0.7071067811865474,0,1,0,1,0,0,0,1,0
161.78,22,0,0,56,1,40,5.092399595898895,-0.5000000000000004,0.8660254037844384,0,0,0,0,1,0,0,0,0
361.92,2,0,1,52,1,34,5.8941824243014285,0.49999999999999994,0.8660254037844387,1,0,0,2,1,0,0,0,0
112.54,19,0,0,42,0,48,4.73215519774258,-0.9659258262890684,0.2588190451025203,0,0,0,0,0,0,0,1,0
193.37,20,1,0,84,1,25,5.269763559129975,-0.8660254037844386,0.5000000000000001,0,0,0,1,0,0,0,0,1
133.72,22,0,0,26,3,38,4.903198550494016,-0.5000000000000004,0.8660254037844384,0,0,1,1,1,0,0,0,0
23.91,11,0,0,65,3,43,3.215269329274089,0.258819045102521,-0.9659258262890682,0,0,0,0,1,0,0,0,0
534.45,5,0,0,61,2,64,6.2831075148468845,0.9659258262890683,0.25881904510252074,1,0,0,1,0,0,0,1,0
74.27,12,0,0,97,3,42,4.321081649046441,1.2246467991473532e-16,-1.0,0,0,0,0,0,0,0,1,0
199.24,15,0,1,76,1,55,5.299516647123519,-0.7071067811865471,-0.7071067811865479,0,0,0,1,1,0,0,0,0
33.57,9,0,0,25,2,23,3.5429862539335333,0.7071067811865476,-0.7071067811865475,0,0,1,1,1,0,0,0,0
43.59,0,0,0,50,1,54,3.7975096186393853,0.0,1.0,1,0,0,1,0,0,0,1,0
482.68,17,0,0,93,1,45,6.181423531031148,-0.9659258262890683,-0.25881904510252063,0,0,0,0,0,0,0,1,0
37.11,16,0,0,68,2,26,3.640476714885769,-0.8660254037844385,-0.5000000000000004,0,0,0,0,0,0,0,1,0
280.0,7,0,0,85,3,57,5.638354669333745,0.9659258262890683,-0.25881904510252063,0,0,0,0,0,0,1,0,0
29.48,18,0,0,80,4,38,3.4170707308184456,-1.0,-1.8369701987210297e-16,0,1,0,1,0,0,0,0,1
609.6,21,0,0,56,1,50,6.414442080300778,-0.7071067811865477,0.7071067811865474,0,0,0,0,0,0,1,0,0
130.83,22,0,0,52,2,47,4.881513213769878,-0.5000000000000004,0.8660254037844384,0,0,0,0,0,0,1,0,0
169.35,21,0,0,54,4,21,5.137855144106975,-0.7071067811865477,0.7071067811865474,0,1,0,1,0,0,0,1,0
83.83,16,0,0,56,2,53,4.440649253819643,-0.8660254037844385,-0.5000000000000004,0,0,0,0,0,0,1,0,0
106.77,19,0,0,73,2,35,4.6799993266087405,-0.9659258262890684,0.2588190451025203,0,0,0,0,1,0,0,0,0
13.55,20,1,0,47,3,56,2.6775909936175015,-0.8660254037844386,0.5000000000000001,0,0,0,1,0,0,1,0,0
133.3,14,0,0,44,1,18,4.900076103529192,-0.4999999999999997,-0.8660254037844388,0,0,0,0,0,0,1,0,0
364.38,7,0,0,64,1,45,5.900937907908424,0.9659258262890683,-0.25881904510252063,0,0,0,0,1,0,0,0,0
11.43,0,0,0,93,3,19,2.5201129055226197,0.0,1.0,1,0,0,1,1,0,0,0,0
0.71,17,0,0,48,3,63,0.5364933705145685,-0.9659258262890683,-0.25881904510252063,0,0,0,0,0,1,0,0,0
166.29,20,0,0,46,2,21,5.119728833343189,-0.8660254037844386,0.5000000000000001,0,0,0,0,1,0,0,0,0
42.41,4,0,0,33,0,21,3.770689829311502,0.8660254037844386,0.5000000000000001,1,0,1,2,1,0,0,0,0
174.88,8,0,0,33,5,59,5.169801944312609,0.8660254037844387,-0.4999999999999998,0,1,1,2,0,1,0,0,0
39.29,2,0,1,28,1,56,3.696103299203256,0.49999999999999994,0.8660254037844387,1,0,1,3,1,0,0,0,0
559.54,13,0,0,50,4,30,6.328900604818674,-0.2588190451025208,-0.9659258262890683,0,1,0,1,1,0,0,0,0
63.22,11,0,0,70,3,49,4.162314688661368,0.258819045102521,-0.9659258262890682,0,0,0,0,0,0,1,0,0
156.57,1,0,0,27,1,26,5.059869803973954,0.25881904510252074,0.9659258262890683,1,0,1,2,0,0,1,0,0
340.33,17,0,0,31,2,52,5.832849751258659,-0.9659258262890683,-0.25881904510252063,0,0,1,1,0,0,1,0,0
201.75,17,0,0,29,4,34,5.311973692995522,-0.9659258262890683,-0.25881904510252063,0,1,1,2,0,1,0,0,0
145.26,13,0,0,59,4,33,4.985385859842805,-0.2588190451025208,-0.9659258262890683,0,1,0,1,0,1,0,0,0
185.86,23,0,0,74,4,34,5.230359673364809,-0.25881904510252157,0.9659258262890681,0,1,0,1,0,0,0,1,0
628.03,3,0,0,62,3,35,6.444178950316659,0.7071067811865476,0.7071067811865476,1,0,0,1,0,0,0,0,1
174.86,10,0,1,76,3,45,5.169688223950856,0.49999999999999994,-0.8660254037844387,0,0,0,1,1,0,0,0,0
42.03,6,0,0,85,4,69,3.7618975468505083,1.0,6.123233995736766e-17,0,1,0,1,0,0,0,1,0
308.29,0,0,0,79,0,19,5.734279348098205,0.0,1.0,1,0,0,1,0,0,0,1,0
520.82,2,0,0,88,3,37,6.257322700829729,0.49999999999999994,0.8660254037844387,1,0,0,1,1,0,0,0,0
39.75,6,0,1,95,2,36,3.7074558396868715,1.0,6.123233995736766e-17,0,0,0,1,0,0,0,0,1
353.26,16,0,0,59,1,65,5.870031106824451,-0.8660254037844385,-0.5000000000000004,0,0,0,0,1,0,0,0,0
113.82,21,1,0,97,0,29,4.743365684739491,-0.7071067811865477,0.7071067811865474,0,0,0,1,1,0,0,0,0
21.78,0,0,0,28,1,41,3.125882958019036,0.0,1.0,1,0,1,2,1,0,0,0,0
60.01,6,0,0,72,3,43,4.111037785163761,1.0,6.123233995736766e-17,0,0,0,0,0,0,0,1,0
449.06,21,0,0,30,1,56,6.1093809072096,-0.7071067811865477,0.7071067811865474,0,0,1,1,0,0,0,1,0
31.08,20,0,1,54,3,40,3.4682327829983137,-0.8660254037844386,0.5000000000000001,0,0,0,1,0,0,0,1,0
76.29,18,1,0,32,0,35,4.34756458111878,-1.0,-1.8369701987210297e-16,0,0,1,2,0,0,0,0,1
284.5,6,0,0,43,1,33,5.654242029096065,1.0,6.123233995736766e-17,0,0,0,0,0,0,0,1,0
101.07,13,0,0,62,4,68,4.625658852415407,-0.2588190451025208,-0.9659258262890683,0,1,0,1,0,0,0,0,1
23.0,16,0,0,83,4,24,3.1780538303479458,-0.8660254037844385,-0.5000000000000004,0,1,0,1,0,0,0,1,0
210.3,22,0,0,61,5,24,5.353278924622011,-0.5000000000000004,0.8660254037844384,0,1,0,1,0,1,0,0,0
247.85,18,0,0,46,4,59,5.516850305304563,-1.0,-1.8369701987210297e-16,0,1,0,1,0,0,1,0,0
9.58,13,0,0,69,3,25,2.3589654264301534,-0.2588190451025208,-0.9659258262890683,0,0,0,0,0,1,0,0,0
101.46,7,0,0,46,3,32,4.629472478511056,0.9659258262890683,-0.25881904510252063,0,0,0,0,0,0,0,1,0
209.52,13,0,0,95,3,58,5.349580660485579,-0.2588190451025208,-0.9659258262890683,0,0,0,0,0,0,0,1,0
65.86,21,0,1,66,3,47,4.202600880991953,-0.7071067811865477,0.7071067811865474,0,0,0,1,0,1,0,0,0
140.81,6,0,0,34,2,39,4.954488133473255,1.0,6.123233995736766e-17,0,0,1,1,0,1,0,0,0
21.72,12,0,0,56,2,54,3.1232455938529506,1.2246467991473532e-16,-1.0,0,0,0,0,0,0,0,1,0
57.94,3,0,0,37,3,30,4.076519977309548,0.7071067811865476,0.7071067811865476,1,0,1,2,0,0,0,0,1
94.0,20,0,0,35,1,46,4.553876891600541,-0.8660254037844386,0.5000000000000001,0,0,1,1,1,0,0,0,0
162.08,16,1,0,33,1,43,5.094240877951052,-0.8660254037844385,-0.5000000000000004,0,0,1,2,0,1,0,0,0
172.84,12,0,0,40,1,19,5.158135335948174,1.2246467991473532e-16,-1.0,0,0,0,0,0,0,1,0,0
403.79,16,0,0,81,1,29,6.003368414110806,-0.8660254037844385,-0.5000000000000004,0,0,0,0,1,0,0,0,0
43.68,20,0,0,72,3,56,3.799525974201,-0.8660254037844386,0.5000000000000001,0,0,0,0,0,0,1,0,0
48.66,6,0,0,36,1,19,3.9051997800800207,1.0,6.123233995736766e-17,0,0,1,1,1,0,0,0,0
114.0,5,0,0,87,2,54,4.74493212836325,0.9659258262890683,0.25881904510252074,1,0,0,1,0,1,0,0,0
307.03,14,0,0,43,2,67,5.730197180827652,-0.4999999999999997,-0.8660254037844388,0,0,0,0,0,0,1,0,0
272.58,4,0,0,32,1,19,5.6115940836612985,0.8660254037844386,0.5000000000000001,1,0,1,2,0,0,0,1,0
16.69,10,0,0,34,3,26,2.872999508171694,0.49999999999999994,-0.8660254037844387,0,0,1,1,0,1,0,0,0
275.15,18,0,0,67,0,63,5.620944196347197,-1.0,-1.8369701987210297e-16,0,0,0,0,0,0,1,0,0
30.28,20,0,0,58,2,27,3.4429789156771102,-0.8660254037844386,0.5000000000000001,0,0,0,0,0,0,0,0,1
226.27,15,0,0,52,3,53,5.426138737985921,-0.7071067811865471,-0.7071067811865479,0,0,0,0,0,1,0,0,0
49.49,2,0,0,32,1,61,3.921775296870824,0.49999999999999994,0.8660254037844387,1,0,1,2,0,0,1,0,0
74.59,6,0,0,42,3,33,4.325323999304086,1.0,6.123233995736766e-17,0,0,0,0,1,0,0,0,0
22.02,13,0,0,60,5,25,3.1363634032937364,-0.2588190451025208,-0.9659258262890683,0,1,0,1,0,0,0,1,0
122.46,16,0,0,86,4,29,4.81591721696575,-0.8660254037844385,-0.5000000000000004,0,1,0,1,0,0,0,1,0
150.6,2,0,0,87,1,31,5.021245473208271,0.49999999999999994,0.8660254037844387,1,0,0,1,0,1,0,0,0
258.99,0,0,0,61,2,28,5.5606431687374025,0.0,1.0,1,0,0,1,1,0,0,0,0
256.14,11,0,1,85,4,62,5.549620683656102,0.258819045102521,-0.9659258262890682,0,1,0,2,1,0,0,0,0
268.78,0,0,0,79,1,63,5.597606812041533,0.0,1.0,1,0,0,1,0,1,0,0,0
747.99,6,0,0,67,0,59,6.618725632293246,1.0,6.123233995736766e-17,0,0,0,0,0,0,1,0,0
57.82,5,0,0,57,0,22,4.074481933125849,0.9659258262890683,0.25881904510252074,1,0,0,1,0,1,0,0,0
186.02,16,0,0,66,2,35,5.231215563007301,-0.8660254037844385,-0.5000000000000004,0,0,0,0,0,1,0,0,0
36.04,2,0,0,72,1,48,3.6119984097779785,0.49999999999999994,0.8660254037844387,1,0,0,1,1,0,0,0,0
243.25,6,0,0,42,2,30,5.498192290922892,1.0,6.123233995736766e-17,0,0,0,0,0,1,0,0,0
43.56,8,0,0,38,1,21,3.7968365956190286,0.8660254037844387,-0.4999999999999998,0,0,1,1,1,0,0,0,0
48.67,1,0,0,65,5,28,3.905401129119259,0.25881904510252074,0.9659258262890683,1,1,0,2,1,0,0,0,0
256.89,5,0,0,36,4,68,5.552533137416657,0.9659258262890683,0.25881904510252074,1,1,1,3,0,0,1,0,0
27.01,21,0,0,44,1,47,3.332561589272017,-0.7071067811865477,0.7071067811865474,0,0,0,0,0,1,0,0,0
27.84,1,0,0,35,0,40,3.3617633124167483,0.25881904510252074,0.9659258262890683,1,0,1,2,0,0,0,0,1
146.24,13,0,0,78,0,61,4.99206390851082,-0.2588190451025208,-0.9659258262890683,0,0,0,0,0,0,0,0,1
198.88,18,0,0,46,3,62,5.297717186476004,-1.0,-1.8369701987210297e-16,0,0,0,0,0,0,1,0,0
15.94,7,0,0,27,1,55,2.8296776892239084,0.9659258262890683,-0.25881904510252063,0,0,1,1,1,0,0,0,0
70.21,13,0,0,95,3,30,4.2656332579940335,-0.2588190451025208,-0.9659258262890683,0,0,0,0,0,0,1,0,0
67.11,12,0,0,60,1,67,4.221124045253227,1.2246467991473532e-16,-1.0,0,0,0,0,1,0,0,0,0
0.27,12,0,0,66,4,64,0.23901690047049992,1.2246467991473532e-16,-1.0,0,1,0,1,0,0,0,0,1
406.64,14,0,1,96,2,42,6.010384431960492,-0.4999999999999997,-0.8660254037844388,0,0,0,1,0,0,1,0,0
63.68,8,0,0,68,1,53,4.169452034708907,0.8660254037844387,-0.4999999999999998,0,0,0,0,0,0,0,0,1
35.65,5,0,0,89,1,59,3.6014134283326604,0.9659258262890683,0.25881904510252074,1,0,0,1,0,0,1,0,0
37.14,13,0,0,33,1,60,3.641263600172273,-0.2588190451025208,-0.9659258262890683,0,0,1,1,1,0,0,0,0
266.81,9,0,0,74,0,58,5.5902777738593805,0.7071067811865476,-0.7071067811865475,0,0,0,0,0,0,0,1,0
70.8,16,0,0,28,2,43,4.273884476054178,-0.8660254037844385,-0.5000000000000004,0,0,1,1,0,1,0,0,0
19.83,11,0,0,53,3,51,3.0363942552728806,0.258819045102521,-0.9659258262890682,0,0,0,0,1,0,0,0,0
71.06,8,0,0,41,4,29,4.277499105319947,0.8660254037844387,-0.4999999999999998,0,1,0,1,0,0,0,1,0
28.49,9,0,0,43,2,46,3.3840512228271846,0.7071067811865476,-0.7071067811865475,0,0,0,0,0,0,1,0,0
215.0,16,1,0,51,0,51,5.375278407684165,-0.8660254037844385,-0.5000000000000004,0,0,0,1,1,0,0,0,0
212.55,5,0,0,71,0,25,5.363870997287475,0.9659258262890683,0.25881904510252074,1,0,0,1,0,1,0,0,0
10.43,1,0,0,96,1,20,2.4362414778067194,0.25881904510252074,0.9659258262890683,1,0,0,1,0,0,0,0,1
37.16,2,0,0,63,6,39,3.6417878465800855,0.49999999999999994,0.8660254037844387,1,1,0,2,0,0,0,0,1
99.95,16,0,0,42,0,54,4.614625344758847,-0.8660254037844385,-0.5000000000000004,0,0,0,0,0,0,1,0,0
3.81,23,0,0,95,2,65,1.57069708411767,-0.25881904510252157,0.9659258262890681,0,0,0,0,0,0,0,1,0
89.51,23,1,0,30,3,52,4.505460341839079,-0.25881904510252157,0.9659258262890681,0,0,1,2,1,0,0,0,0
54.79,5,0,0,68,2,37,4.021594641857437,0.9659258262890683,0.25881904510252074,1,0,0,1,0,1,0,0,0
23.44,2,0,0,54,3,39,3.1962211343033946,0.49999999999999994,0.8660254037844387,1,0,0,1,1,0,0,0,0
21.46,2,0,0,90,5,64,3.111735949310297,0.49999999999999994,0.8660254037844387,1,1,0,2,0,1,0,0,0
272.61,20,1,0,81,2,22,5.611703734788073,-0.8660254037844386,0.5000000000000001,0,0,0,1,0,0,0,0,1
120.15,14,0,0,78,0,22,4.797029447262535,-0.4999999999999997,-0.8660254037844388,0,0,0,0,0,0,0,0,1
4.5,23,0,0,77,1,50,1.7047480922384253,-0.25881904510252157,0.9659258262890681,0,0,0,0,0,0,1,0,0
105.69,16,0,0,48,2,48,4.66992743320337,-0.8660254037844385,-0.5000000000000004,0,0,0,0,0,0,0,0,1
44.83,12,1,0,73,3,18,3.8249388985210326,1.2246467991473532e-16,-1.0,0,0,0,1,1,0,0,0,0
212.96,10,0,0,92,1,30,5.365789081663049,0.49999999999999994,-0.8660254037844387,0,0,0,0,0,0,0,0,1
65.63,13,0,0,72,1,24,4.199154926574446,-0.2588190451025208,-0.9659258262890683,0,0,0,0,0,1,0,0,0
29.73,15,0,0,87,0,52,3.425239376142393,-0.7071067811865471,-0.7071067811865479,0,0,0,0,0,0,1,0,0
72.13,18,0,0,28,2,23,4.2922386792828595,-1.0,-1.8369701987210297e-16,0,0,1,1,1,0,0,0,0
358.45,8,0,0,49,3,32,5.884575085429881,0.8660254037844387,-0.4999999999999998,0,0,0,0,0,0,0,0,1
310.5,15,0,1,25,0,53,5.741399338227508,-0.7071067811865471,-0.7071067811865479,0,0,1,2,0,0,1,0,0
328.56,16,0,0,67,3,18,5.797758431447389,-0.8660254037844385,-0.5000000000000004,0,0,0,0,0,1,0,0,0
619.69,21,0,0,66,3,65,6.430831762447229,-0.7071067811865477,0.7071067811865474,0,0,0,0,0,0,0,0,1
334.41,14,0,0,83,2,18,5.81535366409074,-0.4999999999999997,-0.8660254037844388,0,0,0,0,1,0,0,0,0
406.65,2,0,0,65,1,60,6.01040896310892,0.49999999999999994,0.8660254037844387,1,0,0,1,0,0,0,1,0
219.83,23,0,0,38,3,51,5.397393174738724,-0.25881904510252157,0.9659258262890681,0,0,1,1,0,0,1,0,0
493.35,0,0,0,75,2,26,6.203243768343142,0.0,1.0,1,0,0,1,0,1,0,0,0
104.96,20,0,0,48,2,46,4.663061664403869,-0.8660254037844386,0.5000000000000001,0,0,0,0,0,0,1,0,0
73.38,17,0,0,42,0,43,4.309187088496924,-0.9659258262890683,-0.25881904510252063,0,0,0,0,1,0,0,0,0
250.83,19,0,0,35,1,42,5.528754256689711,-0.9659258262890684,0.2588190451025203,0,0,1,1,0,0,0,0,1
14.57,22,0,0,55,2,35,2.745345985845907,-0.5000000000000004,0.8660254037844384,0,0,0,0,0,1,0,0,0
138.75,3,0,0,49,3,57,4.939855112035208,0.7071067811865476,0.7071067811865476,1,0,0,1,0,0,0,1,0
233.78,16,0,0,44,1,54,5.458648905450376,-0.8660254037844385,-0.5000000000000004,0,0,0,0,0,0,0,1,0
212.01,23,0,0,28,2,21,5.361339112964193,-0.25881904510252157,0.9659258262890681,0,0,1,1,0,0,1,0,0
145.89,9,0,0,91,2,60,4.989684007343324,0.7071067811865476,-0.7071067811865475,0,0,0,0,0,0,1,0,0
135.5,21,0,0,59,1,27,4.916324614625014,-0.7071067811865477,0.7071067811865474,0,0,0,0,0,0,0,1,0
91.94,7,0,0,95,1,54,4.531954123656832,0.9659258262890683,-0.25881904510252063,0,0,0,0,0,0,0,1,0
584.28,12,0,0,97,2,45,6.372090365202501,1.2246467991473532e-16,-1.0,0,0,0,0,1,0,0,0,0
23.54,20,0,0,39,1,35,3.2003044392827653,-0.8660254037844386,0.5000000000000001,0,0,1,1,0,0,0,0,1
279.31,15,1,0,48,1,25,5.63589613359573,-0.7071067811865471,-0.7071067811865479,0,0,0,1,0,1,0,0,0
2.49,18,0,0,94,3,61,1.2499017362143359,-1.0,-1.8369701987210297e-16,0,0,0,0,1,0,0,0,0
485.6,6,0,0,93,3,50,6.187442430349423,1.0,6.123233995736766e-17,0,0,0,0,0,1,0,0,0
186.72,16,0,0,59,2,58,5.234951490926217,-0.8660254037844385,-0.5000000000000004,0,0,0,0,1,0,0,0,0
134.18,14,0,0,33,5,60,4.906607223672208,-0.4999999999999997,-0.8660254037844388,0,1,1,2,1,0,0,0,0
59.38,0,0,0,35,0,62,4.100657924278693,0.0,1.0,1,0,1,2,0,0,1,0,0
140.93,2,0,0,47,1,37,4.955333978311167,0.49999999999999994,0.8660254037844387,1,0,0,1,0,1,0,0,0
157.77,2,0,0,51,4,35,5.06745661408942,0.49999999999999994,0.8660254037844387,1,1,0,2,0,1,0,0,0
27.61,13,0,1,77,0,41,3.3537563070620187,-0.2588190451025208,-0.9659258262890683,0,0,0,1,1,0,0,0,0
286.52,5,0,1,81,5,54,5.661292423035249,0.9659258262890683,0.25881904510252074,1,1,0,3,1,0,0,0,0
27.15,5,0,1,39,3,65,3.3375473545856993,0.9659258262890683,0.25881904510252074,1,0,1,3,1,0,0,0,0
0.91,3,0,0,60,2,59,0.6471032420585384,0.7071067811865476,0.7071067811865476,1,0,0,1,0,0,1,0,0
173.5,13,0,0,34,0,63,5.161924741642482,-0.2588190451025208,-0.9659258262890683,0,0,1,1,0,1,0,0,0
350.31,9,0,0,82,1,29,5.861669024565474,0.7071067811865476,-0.7071067811865475,0,0,0,0,1,0,0,0,0
81.62,18,0,0,52,1,27,4.414251781968619,-1.0,-1.8369701987210297e-16,0,0,0,0,0,0,0,1,0
133.06,23,0,0,55,1,29,4.8982874609298115,-0.25881904510252157,0.9659258262890681,0,0,0,0,1,0,0,0,0
365.13,9,0,0,85,3,50,5.902988461592716,0.7071067811865476,-0.7071067811865475,0,0,0,0,0,0,0,0,1
118.85,4,0,0,43,0,42,4.786240960880393,0.8660254037844386,0.5000000000000001,1,0,0,1,0,1,0,0,0
167.52,5,0,0,65,2,32,5.127054437110816,0.9659258262890683,0.25881904510252074,1,0,0,1,1,0,0,0,0
17.26,13,0,0,33,4,55,2.9047128751668225,-0.2588190451025208,-0.9659258262890683,0,1,1,2,0,1,0,0,0
86.1,8,0,0,51,2,50,4.467056883858457,0.8660254037844387,-0.4999999999999998,0,0,0,0,0,1,0,0,0
97.77,7,0,0,92,5,53,4.592793914920036,0.9659258262890683,-0.25881904510252063,0,1,0,1,0,0,0,1,0
294.25,6,0,0,46,2,44,5.687822455077471,1.0,6.123233995736766e-17,0,0,0,0,0,0,0,0,1
90.74,23,0,0,37,0,51,4.518958489169026,-0.25881904510252157,0.9659258262890681,0,0,1,1,0,0,0,1,0
403.86,1,0,0,38,1,32,6.003541328333431,0.25881904510252074,0.9659258262890683,1,0,1,2,1,0,0,0,0
97.53,10,0,0,91,1,49,4.590361070334383,0.49999999999999994,-0.8660254037844387,0,0,0,0,0,0,0,0,1
484.59,21,0,0,88,1,32,6.185364646452523,-0.7071067811865477,0.7071067811865474,0,0,0,0,0,0,0,1,0
92.84,14,0,0,36,1,66,4.54159120434522,-0.4999999999999997,-0.8660254037844388,0,0,1,1,0,0,1,0,0
37.79,4,0,0,30,2,54,3.6581624814518756,0.8660254037844386,0.5000000000000001,1,0,1,2,0,0,0,0,1
41.49,9,0,0,51,0,23,3.7492687541267204,0.7071067811865476,-0.7071067811865475,0,0,0,0,0,1,0,0,0
9.66,7,0,0,52,2,20,2.3664984187376983,0.9659258262890683,-0.25881904510252063,0,0,0,0,0,0,1,0,0
6.01,22,0,0,50,3,33,1.9473377010464987,-0.5000000000000004,0.8660254037844384,0,0,0,0,0,1,0,0,0
44.19,16,0,0,43,0,68,3.810875823423188,-0.8660254037844385,-0.5000000000000004,0,0,0,0,1,0,0,0,0
497.51,11,0,0,98,2,20,6.211623649381232,0.258819045102521,-0.9659258262890682,0,0,0,0,0,1,0,0,0
58.34,22,0,0,61,3,41,4.083283614862676,-0.5000000000000004,0.8660254037844384,0,0,0,0,0,0,0,1,0
570.53,8,1,0,50,3,36,6.348316975295453,0.8660254037844387,-0.4999999999999998,0,0,0,1,0,0,0,0,1
144.46,18,0,1,81,4,51,4.979901134726394,-1.0,-1.8369701987210297e-16,0,1,0,2,0,0,1,0,0
257.65,3,0,0,46,2,40,5.555475796449524,0.7071067811865476,0.7071067811865476,1,0,0,1,0,1,0,0,0
37.75,2,0,0,33,2,22,3.657130755799356,0.49999999999999994,0.8660254037844387,1,0,1,2,0,0,0,1,0
293.05,14,0,0,64,4,65,5.683749820905965,-0.4999999999999997,-0.8660254037844388,0,1,0,1,0,0,0,1,0
143.42,9,0,1,84,1,22,4.972725721023036,0.7071067811865476,-0.7071067811865475,0,0,0,1,0,0,0,1,0
249.72,18,0,0,46,6,44,5.524336778607711,-1.0,-1.8369701987210297e-16,0,1,0,1,1,0,0,0,0
79.81,14,0,0,98,1,52,4.392100720245356,-0.4999999999999997,-0.8660254037844388,0,0,0,0,0,0,1,0,0
36.51,21,0,0,63,1,49,3.624607564093796,-0.7071067811865477,0.7071067811865474,0,0,0,0,0,0,0,1,0
591.73,17,0,0,31,1,65,6.384738983338736,-0.9659258262890683,-0.25881904510252063,0,0,1,1,0,0,1,0,0
671.93,14,0,0,67,4,63,6.511641312348043,-0.4999999999999997,-0.8660254037844388,0,1,0,1,0,0,0,0,1
405.89,9,0,0,65,1,56,6.008542878642733,0.7071067811865476,-0.7071067811865475,0,0,0,0,0,0,1,0,0
11.18,4,0,0,72,1,59,2.4997952622817508,0.8660254037844386,0.5000000000000001,1,0,0,1,0,0,0,0,1
107.58,23,0,0,89,2,28,4.687487228477305,-0.25881904510252157,0.9659258262890681,0,0,0,0,0,0,0,0,1
41.93,1,0,0,46,0,65,3.7595708822364693,0.25881904510252074,0.9659258262890683,1,0,0,1,1,0,0,0,0
188.56,22,0,0,89,3,25,5.244705597099387,-0.5000000000000004,0.8660254037844384,0,0,0,0,0,0,0,0,1
531.68,21,0,0,73,2,57,6.277920868633944,-0.7071067811865477,0.7071067811865474,0,0,0,0,0,0,1,0,0
52.9,12,1,0,89,2,59,3.9871304779149512,1.2246467991473532e-16,-1.0,0,0,0,1,0,0,0,0,1
190.15,9,0,0,68,1,62,5.253058460142422,0.7071067811865476,-0.7071067811865475,0,0,0,0,1,0,0,0,0
5.98,12,1,0,34,2,39,1.9430489167742813,1.2246467991473532e-16,-1.0,0,0,1,2,0,0,0,1,0
133.14,21,0,0,80,2,22,4.898884030671591,-0.7071067811865477,0.7071067811865474,0,0,0,0,0,1,0,0,0
33.83,12,0,0,44,1,31,3.5504790843779097,1.2246467991473532e-16,-1.0,0,0,0,0,0,0,0,1,0
39.84,12,0,0,79,3,47,3.7096619932964647,1.2246467991473532e-16,-1.0,0,0,0,0,0,1,0,0,0
57.69,19,0,0,96,1,62,4.072269354570243,-0.9659258262890684,0.2588190451025203,0,0,0,0,0,0,1,0,0
99.12,18,0,1,66,1,66,4.6063694665635735,-1.0,-1.8369701987210297e-16,0,0,0,1,1,0,0,0,0
46.66,5,0,0,76,1,36,3.8640924716705958,0.9659258262890683,0.25881904510252074,1,0,0,1,0,0,0,0,1
97.25,5,1,0,42,1,32,4.58751525074937,0.9659258262890683,0.25881904510252074,1,0,0,2,0,0,0,0,1
33.65,9,0,0,51,2,65,3.5452977256359124,0.7071067811865476,-0.7071067811865475,0,0,0,0,0,0,0,1,0
4.63,12,0,0,85,0,64,1.728109442151599,1.2246467991473532e-16,-1.0,0,0,0,0,0,0,0,1,0
70.22,0,0,0,53,0,40,4.265773677849632,0.0,1.0,1,0,0,1,1,0,0,0,0
533.65,11,1,0,32,0,54,6.281612327202666,0.258819045102521,-0.9659258262890682,0,0,1,2,0,0,0,1,0
334.05,16,0,0,66,3,23,5.814279774419179,-0.8660254037844385,-0.5000000000000004,0,0,0,0,0,0,0,1,0
279.99,22,1,0,71,5,21,5.638319081511895,-0.5000000000000004,0.8660254037844384,0,1,0,2,1,0,0,0,0
1.81,12,0,0,44,4,68,1.0331844833456545,1.2246467991473532e-16,-1.0,0,1,0,1,0,0,1,0,0
94.09,18,0,1,60,1,50,4.554823811551353,-1.0,-1.8369701987210297e-16,0,0,0,1,0,1,0,0,0
132.03,10,0,0,70,2,61,4.890574666695814,0.49999999999999994,-0.8660254037844387,0,0,0,0,0,1,0,0,0
357.94,12,0,0,83,3,50,5.883155243601131,1.2246467991473532e-16,-1.0,0,0,0,0,0,1,0,0,0
205.43,10,1,0,76,3,67,5.329961371882498,0.49999999999999994,-0.8660254037844387,0,0,0,1,0,0,1,0,0
41.86,16,0,0,58,1,33,3.7579389900454307,-0.8660254037844385,-0.5000000000000004,0,0,0,0,0,1,0,0,0
1185.07,0,1,0,98,3,50,7.078400599738374,0.0,1.0,1,0,0,2,0,0,0,0,1
218.44,14,0,0,46,2,30,5.391078846629348,-0.4999999999999997,-0.8660254037844388,0,0,0,0,0,1,0,0,0
273.12,9,0,0,43,6,46,5.613565966717623,0.7071067811865476,-0.7071067811865475,0,1,0,1,0,0,0,0,1
325.23,20,1,0,78,3,44,5.787602654075824,-0.8660254037844386,0.5000000000000001,0,0,0,1,1,0,0,0,0
30.5,18,0,0,60,0,66,3.449987545831587,-1.0,-1.8369701987210297e-16,0,0,0,0,1,0,0,0,0
181.05,16,0,0,78,0,67,5.204281374621442,-0.8660254037844385,-0.5000000000000004,0,0,0,0,0,0,0,0,1
128.94,21,0,1,36,3,21,4.867072805452385,-0.7071067811865477,0.7071067811865474,0,0,1,2,1,0,0,0,0
25.13,8,0,0,93,3,61,3.263084079532521,0.8660254037844387,-0.4999999999999998,0,0,0,0,0,0,0,1,0
69.63,2,0,0,57,0,47,4.257454983420831,0.49999999999999994,0.8660254037844387,1,0,0,1,0,0,1,0,0
124.09,15,0,0,54,5,62,4.82903347822665,-0.7071067811865471,-0.7071067811865479,0,1,0,1,1,0,0,0,0
145.63,20,0,0,69,0,65,4.987912406988988,-0.8660254037844386,0.5000000000000001,0,0,0,0,0,0,0,1,0
196.06,1,0,0,51,2,21,5.283508250894329,0.25881904510252074,0.9659258262890683,1,0,0,1,1,0,0,0,0
4.09,17,0,0,79,1,59,1.6272778305624314,-0.9659258262890683,-0.25881904510252063,0,0,0,0,0,0,1,0,0
79.07,12,0,0,83,1,32,4.382901252084542,1.2246467991473532e-16,-1.0,0,0,0,0,0,0,0,0,1
160.67,5,0,0,87,3,45,5.085557220613515,0.9659258262890683,0.25881904510252074,1,0,0,1,0,0,0,1,0
166.36,0,0,1,99,0,39,5.120147180876558,0.0,1.0,1,0,0,2,0,0,0,1,0
316.12,5,0,0,53,4,18,5.7592802511416235,0.9659258262890683,0.25881904510252074,1,1,0,2,0,1,0,0,0
10.58,18,0,0,51,2,39,2.449279472144849,-1.0,-1.8369701987210297e-16,0,0,0,0,0,0,1,0,0
126.89,2,1,0,69,0,54,4.851170519445229,0.49999999999999994,0.8660254037844387,1,0,0,2,0,0,1,0,0
194.72,10,0,0,48,4,52,5.276685066420923,0.49999999999999994,-0.8660254037844387,0,1,0,1,0,0,1,0,0
371.5,2,0,0,52,3,32,5.920237037819614,0.49999999999999994,0.8660254037844387,1,0,0,1,0,0,1,0,0
1.75,18,0,0,52,2,65,1.0116009116784799,-1.0,-1.8369701987210297e-16,0,0,0,0,0,1,0,0,0
0.04,21,0,0,56,3,37,0.039220713153281295,-0.7071067811865477,0.7071067811865474,0,0,0,0,0,1,0,0,0
64.61,17,0,0,30,1,34,4.1837281233567865,-0.9659258262890683,-0.25881904510252063,0,0,1,1,0,0,1,0,0
81.85,13,0,0,53,1,62,4.417031743872572,-0.2588190451025208,-0.9659258262890683,0,0,0,0,1,0,0,0,0
236.13,14,0,0,79,2,22,5.468608513958018,-0.4999999999999997,-0.8660254037844388,0,0,0,0,0,0,1,0,0
95.77,8,0,0,46,1,21,4.572337028892851,0.8660254037844387,-0.4999999999999998,0,0,0,0,1,0,0,0,0
48.96,14,0,0,75,2,22,3.911222685257377,-0.4999999999999997,-0.8660254037844388,0,0,0,0,0,0,1,0,0
194.57,5,0,0,70,2,37,5.275918371604558,0.9659258262890683,0.25881904510252074,1,0,0,1,0,1,0,0,0
315.67,23,0,0,61,5,23,5.757860222186865,-0.25881904510252157,0.9659258262890681,0,1,0,1,0,0,0,0,1
120.38,21,0,0,42,6,64,4.798926120407709,-0.7071067811865477,0.7071067811865474,0,1,0,1,0,0,0,0,1
9.75,1,0,0,92,1,59,2.3749057545736716,0.25881904510252074,0.9659258262890683,1,0,0,1,0,0,0,0,1
220.09,23,1,0,92,4,33,5.398569858437128,-0.25881904510252157,0.9659258262890681,0,1,0,2,0,0,0,0,1
60.86,0,0,0,63,1,28,4.124873767256924,0.0,1.0,1,0,0,1,0,0,1,0,0
47.3,10,0,0,79,4,64,3.877431560658527,0.49999999999999994,-0.8660254037844387,0,1,0,1,0,0,0,1,0
97.94,3,0,0,68,5,40,4.594513605799563,0.7071067811865476,0.7071067811865476,1,1,0,2,0,0,0,1,0
174.39,16,0,0,58,0,28,5.167012065770046,-0.8660254037844385,-0.5000000000000004,0,0,0,0,1,0,0,0,0
20.56,14,0,0,47,3,36,3.070839746040796,-0.4999999999999997,-0.8660254037844388,0,0,0,0,0,0,0,1,0
172.8,0,0,1,51,3,56,5.157905212831292,0.0,1.0,1,0,0,2,0,0,1,0,0
241.83,19,1,0,35,5,25,5.492361610036972,-0.9659258262890684,0.2588190451025203,0,1,1,3,0,1,0,0,0
298.86,19,0,0,99,1,66,5.703315699066757,-0.9659258262890684,0.2588190451025203,0,0,0,0,1,0,0,0,0
25.39,6,0,0,81,2,56,3.2729851505152325,1.0,6.123233995736766e-17,0,0,0,0,0,1,0,0,0
66.18,0,0,0,68,3,46,4.207375584184147,0.0,1.0,1,0,0,1,0,0,0,1,0
13.29,23,0,1,60,6,21,2.659559991941776,-0.25881904510252157,0.9659258262890681,0,1,0,2,0,0,0,0,1
73.59,7,0,0,44,6,22,4.312006449967072,0.9659258262890683,-0.25881904510252063,0,1,0,1,0,0,1,0,0
212.66,6,0,0,34,2,22,5.364385966517741,1.0,6.123233995736766e-17,0,0,1,1,0,0,1,0,0
34.3,14,0,0,29,1,20,3.563882963939251,-0.4999999999999997,-0.8660254037844388,0,0,1,1,1,0,0,0,0
12.3,10,0,0,37,1,62,2.5877640352277083,0.49999999999999994,-0.8660254037844387,0,0,1,1,0,0,0,0,1
6.89,3,0,0,57,3,45,2.065596134857783,0.7071067811865476,0.7071067811865476,1,0,0,1,0,0,1,0,0
69.97,3,0,0,27,2,61,4.262257252536892,0.7071067811865476,0.7071067811865476,1,0,1,2,0,0,1,0,0
128.61,23,0,0,35,1,53,4.864529941435284,-0.25881904510252157,0.9659258262890681,0,0,1,1,0,0,0,0,1
26.11,0,0,1,87,0,52,3.299902663510574,0.0,1.0,1,0,0,2,0,0,1,0,0
63.16,3,0,0,41,3,46,4.161379963558259,0.7071067811865476,0.7071067811865476,1,0,0,1,0,1,0,0,0
198.16,14,0,0,26,2,56,5.294108521773982,-0.4999999999999997,-0.8660254037844388,0,0,1,1,0,0,0,1,0
253.37,7,0,0,70,5,64,5.538789899984021,0.9659258262890683,-0.25881904510252063,0,1,0,1,0,0,0,1,0
30.63,23,0,0,48,0,36,3.4541060373175574,-0.25881904510252157,0.9659258262890681,0,0,0,0,1,0,0,0,0
64.52,21,0,1,62,1,60,4.182355439544814,-0.7071067811865477,0.7071067811865474,0,0,0,1,0,0,0,1,0
89.52,17,0,0,43,1,28,4.505570820765336,-0.9659258262890683,-0.25881904510252063,0,0,0,0,0,0,1,0,0
225.39,1,0,0,54,2,29,5.422259175742214,0.25881904510252074,0.9659258262890683,1,0,0,1,0,0,0,0,1
47.56,10,0,0,62,6,22,3.8828001467512427,0.49999999999999994,-0.8660254037844387,0,1,0,1,0,1,0,0,0
350.12,10,0,0,83,1,38,5.861128045379979,0.49999999999999994,-0.8660254037844387,0,0,0,0,0,1,0,0,0
307.41,0,0,1,92,1,26,5.731430066585013,0.0,1.0,1,0,0,2,0,0,0,1,0
25.32,18,0,0,51,0,69,3.2703291064571163,-1.0,-1.8369701987210297e-16,0,0,0,0,0,0,0,1,0
236.82,9,0,0,87,1,49,5.471514085009432,0.7071067811865476,-0.7071067811865475,0,0,0,0,0,0,1,0,0
139.76,12,1,0,33,3,52,4.947056312453384,1.2246467991473532e-16,-1.0,0,0,1,2,0,0,0,0,1
37.55,13,0,0,56,3,42,3.6519561000093383,-0.2588190451025208,-0.9659258262890683,0,0,0,0,0,1,0,0,0
233.09,14,0,0,40,2,67,5.45570565679678,-0.4999999999999997,-0.8660254037844388,0,0,0,0,1,0,0,0,0
6.61,4,0,0,40,1,59,2.0294631718735947,0.8660254037844386,0.5000000000000001,1,0,0,1,0,0,0,0,1
97.34,14,0,0,65,2,62,4.5884308619837935,-0.4999999999999997,-0.8660254037844388,0,0,0,0,1,0,0,0,0
403.19,6,0,0,86,2,28,6.001885064435866,1.0,6.123233995736766e-17,0,0,0,0,0,0,1,0,0
158.64,14,0,0,47,3,33,5.072921280180533,-0.4999999999999997,-0.8660254037844388,0,0,0,0,0,0,0,0,1
38.08,0,0,0,76,1,43,3.6656108271745818,0.0,1.0,1,0,0,1,0,0,1,0,0
60.97,19,0,1,84,0,68,4.126650396974016,-0.9659258262890684,0.2588190451025203,0,0,0,1,0,0,1,0,0
97.72,14,0,0,52,3,42,4.592287560157078,-0.4999999999999997,-0.8660254037844388,0,0,0,0,1,0,0,0,0
73.69,17,0,0,95,1,39,4.313346214368975,-0.9659258262890683,-0.25881904510252063,0,0,0,0,0,1,0,0,0
33.28,10,0,0,53,3,69,3.534562093729579,0.49999999999999994,-0.8660254037844387,0,0,0,0,0,0,1,0,0
193.68,14,0,0,42,0,68,5.271357184965254,-0.4999999999999997,-0.8660254037844388,0,0,0,0,0,0,0,0,1
45.34,19,0,0,56,5,52,3.8360055190042304,-0.9659258262890684,0.2588190451025203,0,1,0,1,0,0,0,1,0
33.8,6,0,0,74,3,24,3.5496173867804286,1.0,6.123233995736766e-17,0,0,0,0,0,0,1,0,0
20.07,22,0,0,76,1,35,3.0478502278160975,-0.5000000000000004,0.8660254037844384,0,0,0,0,0,0,0,1,0
97.84,13,0,0,88,3,30,4.593502381120409,-0.2588190451025208,-0.9659258262890683,0,0,0,0,0,1,0,0,0
127.22,19,0,0,27,4,24,4.853747538559111,-0.9659258262890684,0.2588190451025203,0,1,1,2,0,0,0,1,0
209.73,18,0,0,98,0,60,5.350577693209122,-1.0,-1.8369701987210297e-16,0,0,0,0,0,1,0,0,0
253.13,13,0,0,25,4,58,5.5378459471115695,-0.2588190451025208,-0.9659258262890683,0,1,1,2,1,0,0,0,0
283.25,20,0,0,97,3,38,5.6498541326306455,-0.8660254037844386,0.5000000000000001,0,0,0,0,0,0,1,0,0
440.13,19,0,0,70,4,24,6.089339616586908,-0.9659258262890684,0.2588190451025203,0,1,0,1,0,0,0,0,1
157.97,3,0,0,53,2,59,5.06871550517278,0.7071067811865476,0.7071067811865476,1,0,0,1,1,0,0,0,0
31.59,5,0,0,42,1,29,3.4840054928494704,0.9659258262890683,0.25881904510252074,1,0,0,1,1,0,0,0,0
94.73,15,0,0,49,2,50,4.561531728958262,-0.7071067811865471,-0.7071067811865479,0,0,0,0,1,0,0,0,0
425.82,2,0,0,66,5,30,6.056362378685825,0.49999999999999994,0.8660254037844387,1,1,0,2,0,0,0,0,1
170.34,5,0,0,67,2,41,5.143649886535898,0.9659258262890683,0.25881904510252074,1,0,0,1,0,0,0,0,1
148.66,10,0,0,64,0,61,5.008366054652212,0.49999999999999994,-0.8660254037844387,0,0,0,0,0,0,0,1,0
104.51,7,0,0,52,3,62,4.658805735154001,0.9659258262890683,-0.25881904510252063,0,0,0,0,0,0,1,0,0
12.22,18,0,0,58,3,57,2.5817308344235403,-1.0,-1.8369701987210297e-16,0,0,0,0,0,0,0,1,0
82.53,19,1,0,47,3,56,4.425205848767815,-0.9659258262890684,0.2588190451025203,0,0,0,1,0,0,0,1,0
249.26,9,0,0,98,2,21,5.522500377436909,0.7071067811865476,-0.7071067811865475,0,0,0,0,1,0,0,0,0
53.15,9,0,0,49,2,49,3.9917579734469997,0.7071067811865476,-0.7071067811865475,0,0,0,0,0,0,0,1,0
211.54,16,0,0,30,2,43,5.359130205944549,-0.8660254037844385,-0.5000000000000004,0,0,1,1,0,0,0,0,1
5.7,3,0,0,76,2,58,1.9021075263969205,0.7071067811865476,0.7071067811865476,1,0,0,1,0,1,0,0,0
70.27,19,0,0,88,2,22,4.266475481513779,-0.9659258262890684,0.2588190451025203,0,0,0,0,0,0,0,0,1
488.87,9,0,0,82,0,27,6.1941400497823285,0.7071067811865476,-0.7071067811865475,0,0,0,0,0,0,0,0,1
34.58,3,0,0,62,1,68,3.571783682237689,0.7071067811865476,0.7071067811865476,1,0,0,1,0,0,1,0,0
143.96,12,0,0,42,2,30,4.9764578422946695,1.2246467991473532e-16,-1.0,0,0,0,0,1,0,0,0,0
72.45,19,0,0,41,2,41,4.296604902619887,-0.9659258262890684,0.2588190451025203,0,0,0,0,0,0,0,1,0
98.48,16,0,0,37,3,46,4.599956618935204,-0.8660254037844385,-0.5000000000000004,0,0,1,1,1,0,0,0,0
554.44,22,0,0,52,1,48,6.319760592445018,-0.5000000000000004,0.8660254037844384,0,0,0,0,0,0,0,0,1
32.14,19,0,0,89,4,31,3.500741011998417,-0.9659258262890684,0.2588190451025203,0,1,0,1,0,0,0,1,0
241.4,1,0,0,33,3,56,5.490589254195159,0.25881904510252074,0.9659258262890683,1,0,1,2,0,0,0,0,1
70.31,23,0,0,49,4,58,4.267036570040212,-0.25881904510252157,0.9659258262890681,0,1,0,1,0,0,0,0,1
75.08,13,0,0,65,0,25,4.331785418237135,-0.2588190451025208,-0.9659258262890683,0,0,0,0,0,0,1,0,0
150.01,17,0,0,82,1,53,5.017346059787697,-0.9659258262890683,-0.25881904510252063,0,0,0,0,0,0,0,1,0
110.89,23,0,0,82,1,24,4.717516245819629,-0.25881904510252157,0.9659258262890681,0,0,0,0,0,0,0,1,0
96.86,8,0,0,34,3,29,4.583537885860977,0.8660254037844387,-0.4999999999999998,0,0,1,1,1,0,0,0,0
3.48,15,1,1,56,2,26,1.4996230464268938,-0.7071067811865471,-0.7071067811865479,0,0,0,2,0,0,0,1,0
236.42,9,0,0,66,2,56,5.469830724625388,0.7071067811865476,-0.7071067811865475,0,0,0,0,0,0,1,0,0
5.7,13,0,0,96,3,61,1.9021075263969205,-0.2588190451025208,-0.9659258262890683,0,0,0,0,0,0,0,0,1
89.43,3,0,0,66,1,46,4.504576070752389,0.7071067811865476,0.7071067811865476,1,0,0,1,0,0,0,1,0
125.46,18,0,0,39,3,53,4.839926052630467,-1.0,-1.8369701987210297e-16,0,0,1,1,0,0,0,1,0
258.19,21,0,0,41,0,23,5.557561383486969,-0.7071067811865477,0.7071067811865474,0,0,0,0,0,0,1,0,0
213.88,12,1,0,52,5,69,5.3700797327749275,1.2246467991473532e-16,-1.0,0,1,0,2,0,0,0,0,1
46.68,22,1,0,50,3,18,3.8645120227570944,-0.5000000000000004,0.8660254037844384,0,0,0,1,0,0,0,0,1
69.57,12,0,0,82,3,30,4.256605125012738,1.2246467991473532e-16,-1.0,0,0,0,0,0,1,0,0,0
210.64,18,0,0,60,3,52,5.354886718035931,-1.0,-1.8369701987210297e-16,0,0,0,0,0,0,1,0,0
21.96,22,0,0,32,2,44,3.133753571451366,-0.5000000000000004,0.8660254037844384,0,0,1,1,1,0,0,0,0
316.35,14,0,0,77,2,35,5.760005265752479,-0.4999999999999997,-0.8660254037844388,0,0,0,0,1,0,0,0,0
5.56,9,1,0,45,1,68,1.8809906029559975,0.7071067811865476,-0.7071067811865475,0,0,0,1,0,0,0,0,1
7.36,4,0,0,44,4,25,2.1234584270966104,0.8660254037844386,0.5000000000000001,1,1,0,2,0,0,1,0,0
141.53,8,0,0,95,2,60,4.95955250386694,0.8660254037844387,-0.4999999999999998,0,0,0,0,0,0,1,0,0
35.72,18,0,0,67,2,50,3.6033215657522897,-1.0,-1.8369701987210297e-16,0,0,0,0,0,1,0,0,0
152.87,10,0,0,84,3,59,5.036108090069287,0.49999999999999994,-0.8660254037844387,0,0,0,0,0,0,1,0,0
577.5,10,0,0,32,3,52,6.360438546633731,0.49999999999999994,-0.8660254037844387,0,0,1,1,0,0,0,1,0
45.01,9,0,0,53,2,18,3.8288587641673772,0.7071067811865476,-0.7071067811865475,0,0,0,0,0,0,0,1,0
34.54,7,0,0,49,1,37,3.570658822726505,0.9659258262890683,-0.25881904510252063,0,0,0,0,0,1,0,0,0
269.78,19,0,1,97,1,68,5.601306683066965,-0.9659258262890684,0.2588190451025203,0,0,0,1,0,0,0,1,0
338.27,12,0,0,56,5,19,5.826796250551345,1.2246467991473532e-16,-1.0,0,1,0,1,0,0,0,0,1
57.63,22,1,0,91,1,65,4.071246510976124,-0.5000000000000004,0.8660254037844384,0,0,0,1,0,0,1,0,0
40.86,23,0,0,62,3,35,3.7343307170178535,-0.25881904510252157,0.9659258262890681,0,0,0,0,0,0,1,0,0
167.55,17,0,0,68,3,64,5.12723244168007,-0.9659258262890683,-0.25881904510252063,0,0,0,0,0,0,0,0,1
160.41,0,0,0,58,0,39,5.083947711785188,0.0,1.0,1,0,0,1,0,0,1,0,0
234.11,23,0,0,34,2,60,5.460053489732883,-0.25881904510252157,0.9659258262890681,0,0,1,1,0,1,0,0,0
52.51,14,1,0,51,3,59,3.979868552323213,-0.4999999999999997,-0.8660254037844388,0,0,0,1,1,0,0,0,0
313.79,13,0,0,97,4,46,5.751905749837929,-0.2588190451025208,-0.9659258262890683,0,1,0,1,0,0,1,0,0
59.29,17,1,1,29,4,44,4.099166252501314,-0.9659258262890683,-0.25881904510252063,0,1,1,4,0,0,0,1,0
49.88,6,0,0,79,2,20,3.9294699190318667,1.0,6.123233995736766e-17,0,0,0,0,0,0,0,0,1
166.9,9,0,0,63,1,27,5.123368564083496,0.7071067811865476,-0.7071067811865475,0,0,0,0,0,0,0,0,1
96.74,3,0,0,26,0,28,4.582310891842009,0.7071067811865476,0.7071067811865476,1,0,1,2,0,0,0,0,1
154.88,19,0,0,89,2,68,5.049086480470509,-0.9659258262890684,0.2588190451025203,0,0,0,0,0,1,0,0,0
175.13,12,0,0,73,1,55,5.171222358744204,1.2246467991473532e-16,-1.0,0,0,0,0,0,0,0,1,0
143.27,12,0,0,33,0,36,4.971686543957681,1.2246467991473532e-16,-1.0,0,0,1,1,1,0,0,0,0
39.9,8,0,0,95,3,30,3.711130063048756,0.8660254037844387,-0.4999999999999998,0,0,0,0,0,1,0,0,0
14.67,22,0,0,73,2,26,2.7517480563679295,-0.5000000000000004,0.8660254037844384,0,0,0,0,0,1,0,0,0
292.86,5,1,0,39,4,47,5.6831034634478,0.9659258262890683,0.25881904510252074,1,1,1,4,0,0,1,0,0
75.5,18,0,0,27,1,60,4.33729074083249,-1.0,-1.8369701987210297e-16,0,0,1,1,0,0,0,1,0
341.86,14,0,0,73,3,45,5.837322200579335,-0.4999999999999997,-0.8660254037844388,0,0,0,0,0,0,0,0,1
89.24,11,0,0,28,0,37,4.502472787749749,0.258819045102521,-0.9659258262890682,0,0,1,1,0,0,1,0,0
189.42,17,0,0,35,3,59,5.249232158857545,-0.9659258262890683,-0.25881904510252063,0,0,1,1,0,1,0,0,0
298.73,9,1,0,87,3,22,5.702882069413037,0.7071067811865476,-0.7071067811865475,0,0,0,1,0,0,0,0,1
142.32,2,1,0,62,5,46,4.965079892436753,0.49999999999999994,0.8660254037844387,1,1,0,3,0,0,1,0,0
52.61,9,0,0,81,5,43,3.9817356178394463,0.7071067811865476,-0.7071067811865475,0,1,0,1,0,1,0,0,0
105.2,16,1,0,88,1,44,4.665324108807838,-0.8660254037844385,-0.5000000000000004,0,0,0,1,0,1,0,0,0
125.77,2,0,0,54,1,26,4.842374420950636,0.49999999999999994,0.8660254037844387,1,0,0,1,0,0,0,0,1
8.33,23,0,0,49,3,55,2.2332350148592526,-0.25881904510252157,0.9659258262890681,0,0,0,0,0,1,0,0,0
223.04,8,0,0,57,2,61,5.411824607341631,0.8660254037844387,-0.4999999999999998,0,0,0,0,0,0,1,0,0
398.39,3,0,0,44,1,69,5.9899383831119355,0.7071067811865476,0.7071067811865476,1,0,0,1,1,0,0,0,0
88.13,13,0,0,76,4,21,4.490095978142626,-0.2588190451025208,-0.9659258262890683,0,1,0,1,1,0,0,0,0
129.32,21,0,0,50,1,34,4.86999296429379,-0.7071067811865477,0.7071067811865474,0,0,0,0,0,0,0,0,1
518.11,14,0,0,71,4,47,6.252115806758594,-0.4999999999999997,-0.8660254037844388,0,1,0,1,0,0,0,1,0
122.11,3,0,0,67,3,46,4.813078264659524,0.7071067811865476,0.7071067811865476,1,0,0,1,0,1,0,0,0
290.03,2,0,0,86,1,39,5.673426354641302,0.49999999999999994,0.8660254037844387,1,0,0,1,0,0,0,0,1
172.78,23,0,0,83,0,33,5.15779013141106,-0.25881904510252157,0.9659258262890681,0,0,0,0,0,0,0,0,1
449.41,15,0,0,43,2,46,6.110158279065687,-0.7071067811865471,-0.7071067811865479,0,0,0,0,0,0,0,1,0
128.81,23,0,0,65,0,61,4.866071842904903,-0.25881904510252157,0.9659258262890681,0,0,0,0,0,1,0,0,0
77.12,20,0,0,50,0,66,4.358246106008478,-0.8660254037844386,0.5000000000000001,0,0,0,0,0,0,0,0,1
152.59,16,0,0,81,1,21,5.0342867144275365,-0.8660254037844385,-0.5000000000000004,0,0,0,0,1,0,0,0,0
98.13,17,0,0,27,3,42,4.596432120044806,-0.9659258262890683,-0.25881904510252063,0,0,1,1,0,0,0,0,1
12.99,17,0,0,57,2,31,2.63834278867739,-0.9659258262890683,-0.25881904510252063,0,0,0,0,0,1,0,0,0
62.53,0,0,0,96,3,53,4.1515122352784415,0.0,1.0,1,0,0,1,0,0,1,0,0
82.36,23,0,1,41,0,43,4.423168578005057,-0.25881904510252157,0.9659258262890681,0,0,0,1,0,0,0,0,1
224.07,9,0,0,42,1,23,5.416411464930505,0.7071067811865476,-0.7071067811865475,0,0,0,0,0,0,0,1,0
67.81,22,0,0,85,0,47,4.231349083214389,-0.5000000000000004,0.8660254037844384,0,0,0,0,1,0,0,0,0
64.79,13,0,0,43,1,53,4.186467851097906,-0.2588190451025208,-0.9659258262890683,0,0,0,0,0,1,0,0,0
112.23,11,0,0,66,3,48,4.729421148325948,0.258819045102521,-0.9659258262890682,0,0,0,0,0,0,0,0,1
28.71,3,0,0,67,2,39,3.391483689474516,0.7071067811865476,0.7071067811865476,1,0,0,1,0,0,0,0,1
257.52,7,0,0,65,1,36,5.554973060394695,0.9659258262890683,-0.25881904510252063,0,0,0,0,0,0,0,0,1
79.43,5,0,0,85,2,29,4.387387240915977,0.9659258262890683,0.25881904510252074,1,0,0,1,0,0,0,1,0
67.27,14,0,0,43,1,42,4.223470431430189,-0.4999999999999997,-0.8660254037844388,0,0,0,0,0,0,0,1,0
161.05,14,0,1,62,6,19,5.087904929587556,-0.4999999999999997,-0.8660254037844388,0,1,0,2,0,0,0,1,0
165.42,6,0,0,86,4,61,5.114514713472284,1.0,6.123233995736766e-17,0,1,0,1,0,0,0,1,0
108.02,9,0,0,92,2,69,4.691531351636135,0.7071067811865476,-0.7071067811865475,0,0,0,0,0,0,0,1,0
44.51,3,0,0,65,3,61,3.8179320820285505,0.7071067811865476,0.7071067811865476,1,0,0,1,0,0,1,0,0
288.25,6,0,0,27,0,28,5.667291366073786,1.0,6.123233995736766e-17,0,0,1,1,1,0,0,0,0
0.07,17,0,0,89,4,42,0.06765864847381481,-0.9659258262890683,-0.25881904510252063,0,1,0,1,1,0,0,0,0
24.37,0,0,0,76,4,39,3.2335673736111907,0.0,1.0,1,1,0,2,0,1,0,0,0
15.75,21,0,0,27,2,64,2.8183982582710754,-0.7071067811865477,0.7071067811865474,0,0,1,1,0,0,1,0,0
364.46,22,0,0,86,1,33,5.901156834076448,-0.5000000000000004,0.8660254037844384,0,0,0,0,0,1,0,0,0
237.96,19,0,0,49,0,59,5.476296173907854,-0.9659258262890684,0.2588190451025203,0,0,0,0,0,1,0,0,0
341.9,15,0,0,65,4,40,5.837438859468874,-0.7071067811865471,-0.7071067811865479,0,1,0,1,0,0,0,0,1
132.42,2,0,0,92,2,27,4.893502047281369,0.49999999999999994,0.8660254037844387,1,0,0,1,0,0,0,1,0
288.94,3,0,0,90,7,45,5.669674005022752,0.7071067811865476,0.7071067811865476,1,1,0,2,0,0,0,1,0
80.63,12,0,0,42,3,51,4.402196841463264,1.2246467991473532e-16,-1.0,0,0,0,0,0,0,1,0,0
430.28,10,0,0,91,2,28,6.066757531143414,0.49999999999999994,-0.8660254037844387,0,0,0,0,1,0,0,0,0
67.53,21,0,0,56,1,45,4.227271605597732,-0.7071067811865477,0.7071067811865474,0,0,0,0,1,0,0,0,0
14.75,6,1,0,66,3,36,2.7568403652716422,1.0,6.123233995736766e-17,0,0,0,1,0,0,1,0,0
354.84,13,0,0,57,4,47,5.874481191622163,-0.2588190451025208,-0.9659258262890683,0,1,0,1,0,0,0,0,1
418.94,14,0,0,94,1,63,6.040111843929504,-0.4999999999999997,-0.8660254037844388,0,0,0,0,0,0,0,1,0
118.23,5,0,0,70,3,40,4.78105440081804,0.9659258262890683,0.25881904510252074,1,0,0,1,1,0,0,0,0
62.12,8,0,0,72,3,32,4.145037676537619,0.8660254037844387,-0.4999999999999998,0,0,0,0,0,0,0,0,1
129.37,11,0,0,30,3,33,4.8703765616746875,0.258819045102521,-0.9659258262890682,0,0,1,1,0,0,0,0,1
7.46,23,0,0,39,3,20,2.135349173618132,-0.25881904510252157,0.9659258262890681,0,0,1,1,1,0,0,0,0
108.91,20,0,0,52,2,34,4.699661849080809,-0.8660254037844386,0.5000000000000001,0,0,0,0,0,0,0,0,1
199.96,19,0,0,27,1,22,5.303105883279834,-0.9659258262890684,0.2588190451025203,0,0,1,1,1,0,0,0,0
273.66,17,0,0,78,5,47,5.6155339691021355,-0.9659258262890683,-0.25881904510252063,0,1,0,1,0,0,0,0,1
167.49,7,0,0,58,3,31,5.126876400850294,0.9659258262890683,-0.25881904510252063,0,0,0,0,0,0,0,1,0
64.8,0,0,0,95,1,35,4.186619838331271,0.0,1.0,1,0,0,1,1,0,0,0,0
59.37,20,1,0,75,4,27,4.100492292808335,-0.8660254037844386,0.5000000000000001,0,1,0,2,1,0,0,0,0
267.02,16,0,0,80,2,33,5.591061604592082,-0.8660254037844385,-0.5000000000000004,0,0,0,0,1,0,0,0,0
332.74,11,0,0,81,3,63,5.810362246718757,0.258819045102521,-0.9659258262890682,0,0,0,0,0,1,0,0,0
107.47,22,0,1,46,0,23,4.686473637052126,-0.5000000000000004,0.8660254037844384,0,0,0,1,0,0,0,1,0
39.38,5,0,0,46,2,46,3.6983346128846915,0.9659258262890683,0.25881904510252074,1,0,0,1,0,0,0,1,0
124.03,3,0,0,34,1,36,4.828553708506909,0.7071067811865476,0.7071067811865476,1,0,1,2,0,0,0,0,1
106.99,22,0,0,78,1,56,4.682038630244668,-0.5000000000000004,0.8660254037844384,0,0,0,0,0,0,0,1,0
388.8,3,1,1,31,0,61,5.96563378707346,0.7071067811865476,0.7071067811865476,1,0,1,4,1,0,0,0,0
105.03,13,0,0,33,1,25,4.6637220729377065,-0.2588190451025208,-0.9659258262890683,0,0,1,1,1,0,0,0,0
215.42,23,0,1,81,3,65,5.377220964143502,-0.25881904510252157,0.9659258262890681,0,0,0,1,0,1,0,0,0
164.62,9,0,0,53,2,67,5.109696007605554,0.7071067811865476,-0.7071067811865475,0,0,0,0,0,0,0,1,0
141.7,12,0,0,86,2,31,4.960744524482791,1.2246467991473532e-16,-1.0,0,0,0,0,0,1,0,0,0
131.14,7,0,0,32,1,58,4.8838619666017395,0.9659258262890683,-0.25881904510252063,0,0,1,1,0,0,0,0,1
96.45,5,0,0,93,0,50,4.57933942595357,0.9659258262890683,0.25881904510252074,1,0,0,1,0,0,1,0,0
159.77,9,0,0,69,2,27,5.079974772174869,0.7071067811865476,-0.7071067811865475,0,0,0,0,0,0,0,1,0
507.11,8,0,0,88,0,45,6.23069795957114,0.8660254037844387,-0.4999999999999998,0,0,0,0,1,0,0,0,0
269.96,22,0,0,58,1,50,5.601971208509516,-0.5000000000000004,0.8660254037844384,0,0,0,0,0,0,1,0,0
241.2,6,0,0,55,0,26,5.489763831118992,1.0,6.123233995736766e-17,0,0,0,0,0,0,0,1,0
13.47,8,1,0,70,1,22,2.6720775406433925,0.8660254037844387,-0.4999999999999998,0,0,0,1,1,0,0,0,0
138.1,22,0,0,77,1,48,4.935193098929397,-0.5000000000000004,0.8660254037844384,0,0,0,0,0,0,1,0,0
22.88,1,0,0,36,2,23,3.1730412885244013,0.25881904510252074,0.9659258262890683,1,0,1,2,0,0,1,0,0
120.71,10,0,0,42,1,33,4.8016411658864655,0.49999999999999994,-0.8660254037844387,0,0,0,0,0,0,1,0,0
19.47,4,0,0,69,2,47,3.018960399673198,0.8660254037844386,0.5000000000000001,1,0,0,1,0,0,0,1,0
211.9,18,0,0,29,2,65,5.360822571899434,-1.0,-1.8369701987210297e-16,0,0,1,1,0,1,0,0,0
49.85,15,0,0,58,2,55,3.928880122494569,-0.7071067811865471,-0.7071067811865479,0,0,0,0,1,0,0,0,0
487.3,2,0,0,59,2,56,6.1909299710676144,0.49999999999999994,0.8660254037844387,1,0,0,1,0,0,1,0,0
490.75,2,0,0,30,3,44,6.197970457269168,0.49999999999999994,0.8660254037844387,1,0,1,2,0,0,1,0,0
20.2,18,0,0,28,5,32,3.054001181677967,-1.0,-1.8369701987210297e-16,0,1,1,2,1,0,0,0,0
52.02,8,0,0,65,2,53,3.9706692008608795,0.8660254037844387,-0.4999999999999998,0,0,0,0,0,0,0,0,1
373.93,9,0,0,49,1,30,5.926739341879354,0.7071067811865476,-0.7071067811865475,0,0,0,0,0,0,1,0,0
69.73,22,0,0,71,0,39,4.258869811047899,-0.5000000000000004,0.8660254037844384,0,0,0,0,0,0,0,1,0
200.69,6,0,1,71,0,21,5.306731865149055,1.0,6.123233995736766e-17,0,0,0,1,0,0,1,0,0
360.54,12,0,0,36,3,55,5.8903726855467085,1.2246467991473532e-16,-1.0,0,0,1,1,1,0,0,0,0
172.72,4,0,0,25,1,28,5.1574448076666215,0.8660254037844386,0.5000000000000001,1,0,1,2,0,0,0,0,1
16.06,19,0,0,80,1,63,2.836736542063533,-0.9659258262890684,0.2588190451025203,0,0,0,0,0,0,0,0,1
85.28,9,0,0,33,2,65,4.457597821520956,0.7071067811865476,-0.7071067811865475,0,0,1,1,0,1,0,0,0
140.1,4,0,0,68,1,33,4.9494688588587685,0.8660254037844386,0.5000000000000001,1,0,0,1,1,0,0,0,0
488.21,1,0,1,25,1,33,6.192791845141295,0.25881904510252074,0.9659258262890683,1,0,1,3,0,1,0,0,0
36.19,16,0,0,69,2,36,3.6160399079369787,-0.8660254037844385,-0.5000000000000004,0,0,0,0,1,0,0,0,0
100.61,19,0,0,68,3,44,4.62114195549779,-0.9659258262890684,0.2588190451025203,0,0,0,0,0,1,0,0,0
75.43,18,0,0,54,2,42,4.336375289254793,-1.0,-1.8369701987210297e-16,0,0,0,0,0,0,1,0,0
80.85,22,1,0,93,3,43,4.404888303817144,-0.5000000000000004,0.8660254037844384,0,0,0,1,1,0,0,0,0
175.28,23,0,0,53,2,48,5.172073639973786,-0.25881904510252157,0.9659258262890681,0,0,0,0,0,1,0,0,0
39.32,16,1,0,57,5,33,3.696847623763113,-0.8660254037844385,-0.5000000000000004,0,1,0,2,1,0,0,0,0
165.66,1,0,0,29,3,64,5.115955808954061,0.25881904510252074,0.9659258262890683,1,0,1,2,0,0,0,0,1
75.01,20,0,0,42,1,24,4.330864910577949,-0.8660254037844386,0.5000000000000001,0,0,0,0,0,1,0,0,0
345.54,12,1,0,55,3,44,5.847998252082701,1.2246467991473532e-16,-1.0,0,0,0,1,0,0,1,0,0
382.96,8,0,0,70,4,40,5.9505383804953365,0.8660254037844387,-0.4999999999999998,0,1,0,1,0,0,0,1,0
66.22,9,1,0,93,3,59,4.20797082229696,0.7071067811865476,-0.7071067811865475,0,0,0,1,0,0,0,0,1
21.9,12,0,0,83,2,49,3.131136910560194,1.2246467991473532e-16,-1.0,0,0,0,0,0,0,0,0,1
166.96,6,0,0,48,0,30,5.123725855815993,1.0,6.123233995736766e-17,0,0,0,0,0,0,0,0,1
42.22,12,0,0,61,2,55,3.76630335107874,1.2246467991473532e-16,-1.0,0,0,0,0,0,1,0,0,0
90.33,22,0,0,69,5,68,4.514479320703588,-0.5000000000000004,0.8660254037844384,0,1,0,1,0,1,0,0,0
0.56,2,0,0,44,4,43,0.44468582126144574,0.49999999999999994,0.8660254037844387,1,1,0,2,0,0,0,0,1
42.99,15,0,0,49,3,19,3.7839623353606284,-0.7071067811865471,-0.7071067811865479,0,0,0,0,0,0,0,1,0
454.72,21,0,0,40,3,42,6.121878585829915,-0.7071067811865477,0.7071067811865474,0,0,0,0,0,0,0,0,1
111.14,10,0,0,77,1,31,4.719748090695527,0.49999999999999994,-0.8660254037844387,0,0,0,0,0,0,0,1,0
48.03,20,0,0,84,1,38,3.892432355663142,-0.8660254037844386,0.5000000000000001,0,0,0,0,0,0,0,0,1
145.38,21,0,0,60,1,51,4.986205980173081,-0.7071067811865477,0.7071067811865474,0,0,0,0,0,1,0,0,0
67.24,4,0,0,50,2,46,4.223030903183424,0.8660254037844386,0.5000000000000001,1,0,0,1,0,0,1,0,0
30.79,0,0,0,57,1,60,3.459151774922711,0.0,1.0,1,0,0,1,0,0,1,0,0
112.23,18,0,0,56,1,33,4.729421148325948,-1.0,-1.8369701987210297e-16,0,0,0,0,0,0,1,0,0
81.29,21,0,0,82,4,48,4.410249593617622,-0.7071067811865477,0.7071067811865474,0,1,0,1,0,1,0,0,0
11.45,2,0,0,58,1,49,2.5217206229107165,0.49999999999999994,0.8660254037844387,1,0,0,1,0,0,0,0,1
20.44,6,0,0,53,3,25,3.0652583362026014,1.0,6.123233995736766e-17,0,0,0,0,0,0,0,1,0
188.78,22,0,0,58,2,27,5.245865506545613,-0.5000000000000004,0.8660254037844384,0,0,0,0,0,0,0,0,1
109.47,17,0,0,65,2,68,4.704743990884184,-0.9659258262890683,-0.25881904510252063,0,0,0,0,0,0,0,1,0
422.11,0,0,0,58,6,52,6.047632192521168,0.0,1.0,1,1,0,2,1,0,0,0,0
499.21,16,0,0,54,2,66,6.21502801024688,-0.8660254037844385,-0.5000000000000004,0,0,0,0,0,0,1,0,0
485.39,22,0,0,35,1,59,6.187010771230088,-0.5000000000000004,0.8660254037844384,0,0,1,1,0,0,1,0,0
416.2,0,1,0,30,2,52,6.0335657231266175,0.0,1.0,1,0,1,3,0,0,0,0,1
70.86,23,0,0,90,1,54,4.274719781685373,-0.25881904510252157,0.9659258262890681,0,0,0,0,0,0,0,0,1
90.49,18,0,0,48,2,45,4.516229676691444,-1.0,-1.8369701987210297e-16,0,0,0,0,0,0,1,0,0
19.12,2,0,1,85,2,56,3.0017143452315387,0.49999999999999994,0.8660254037844387,1,0,0,2,0,0,0,0,1
31.25,21,0,0,60,2,54,3.4735180432417816,-0.7071067811865477,0.7071067811865474,0,0,0,0,0,1,0,0,0
26.37,12,0,0,29,0,65,3.309447523052588,1.2246467991473532e-16,-1.0,0,0,1,1,1,0,0,0,0
111.81,3,0,0,59,1,49,4.725704987616829,0.7071067811865476,0.7071067811865476,1,0,0,1,0,0,0,0,1
26.81,3,0,0,81,2,54,3.3253956682458736,0.7071067811865476,0.7071067811865476,1,0,0,1,0,1,0,0,0
113.03,15,0,0,96,2,67,4.736461571669267,-0.7071067811865471,-0.7071067811865479,0,0,0,0,0,1,0,0,0
77.5,21,0,0,44,1,19,4.363098624788363,-0.7071067811865477,0.7071067811865474,0,0,0,0,0,0,1,0,0
292.49,12,0,0,39,1,26,5.681843567137447,1.2246467991473532e-16,-1.0,0,0,1,1,0,0,0,1,0
71.29,5,0,0,84,1,46,4.280685807012206,0.9659258262890683,0.25881904510252074,1,0,0,1,0,1,0,0,0
717.43,23,0,0,84,2,54,6.577068275581566,-0.25881904510252157,0.9659258262890681,0,0,0,0,0,1,0,0,0
90.8,23,0,0,86,1,24,4.519612297626445,-0.25881904510252157,0.9659258262890681,0,0,0,0,1,0,0,0,0
12.38,4,0,0,28,0,40,2.5937610547000824,0.8660254037844386,0.5000000000000001,1,0,1,2,0,0,0,1,0
703.4,14,0,0,96,2,35,6.557346376622051,-0.4999999999999997,-0.8660254037844388,0,0,0,0,0,0,1,0,0
300.65,13,0,0,73,0,42,5.709267404886771,-0.2588190451025208,-0.9659258262890683,0,0,0,0,0,0,1,0,0
152.68,0,0,0,67,2,29,5.034872518460301,0.0,1.0,1,0,0,1,0,0,0,0,1
335.24,4,0,0,38,1,43,5.817825190696861,0.8660254037844386,0.5000000000000001,1,0,1,2,0,0,0,1,0
592.8,14,1,0,29,2,49,6.38654256232966,-0.4999999999999997,-0.8660254037844388,0,0,1,2,0,0,0,1,0
4.68,3,0,0,97,3,57,1.7369512327330598,0.7071067811865476,0.7071067811865476,1,0,0,1,0,0,1,0,0
232.38,8,0,0,48,2,20,5.452668026377961,0.8660254037844387,-0.4999999999999998,0,0,0,0,0,0,0,1,0
7.34,1,0,1,32,1,34,2.1210632163706555,0.25881904510252074,0.9659258262890683,1,0,1,3,0,0,1,0,0
52.07,16,0,1,89,1,37,3.9716117968398037,-0.8660254037844385,-0.5000000000000004,0,0,0,1,0,0,0,1,0
357.5,4,0,0,77,1,35,5.881928660039675,0.8660254037844386,0.5000000000000001,1,0,0,1,0,0,1,0,0
4.63,1,1,0,79,1,60,1.728109442151599,0.25881904510252074,0.9659258262890683,1,0,0,2,0,0,0,1,0
155.45,11,0,0,46,0,52,5.052736470114891,0.258819045102521,-0.9659258262890682,0,0,0,0,0,1,0,0,0
135.02,22,0,0,55,0,24,4.912801933747493,-0.5000000000000004,0.8660254037844384,0,0,0,0,0,0,0,0,1
44.74,8,0,0,98,2,55,3.822973188594635,0.8660254037844387,-0.4999999999999998,0,0,0,0,0,0,0,1,0
464.38,10,0,0,43,2,30,6.142854276158801,0.49999999999999994,-0.8660254037844387,0,0,0,0,0,0,1,0,0
0.11,1,0,1,25,1,20,0.10436001532424277,0.25881904510252074,0.9659258262890683,1,0,1,3,0,0,1,0,0
52.91,17,0,0,98,1,40,3.9873159894635775,-0.9659258262890683,-0.25881904510252063,0,0,0,0,0,0,1,0,0
94.33,7,0,0,41,2,67,4.557344556505487,0.9659258262890683,-0.25881904510252063,0,0,0,0,0,0,0,1,0
460.19,14,0,0,38,4,20,6.133810105592618,-0.4999999999999997,-0.8660254037844388,0,1,1,2,0,0,0,0,1
139.14,13,0,0,90,0,21,4.9426419229423875,-0.2588190451025208,-0.9659258262890683,0,0,0,0,1,0,0,0,0
25.63,1,0,0,39,3,45,3.282038399825841,0.25881904510252074,0.9659258262890683,1,0,1,2,0,1,0,0,0
51.43,13,0,0,60,0,62,3.9594789465844413,-0.2588190451025208,-0.9659258262890683,0,0,0,0,1,0,0,0,0
213.63,1,0,1,56,3,60,5.368915615393574,0.25881904510252074,0.9659258262890683,1,0,0,2,0,0,0,0,1
13.52,14,0,1,28,3,22,2.67552700939665,-0.4999999999999997,-0.8660254037844388,0,0,1,2,0,0,0,1,0
6.63,7,0,0,50,3,33,2.0320878452963655,0.9659258262890683,-0.25881904510252063,0,0,0,0,0,0,0,1,0
101.29,19,0,1,55,3,32,4.627811916468916,-0.9659258262890684,0.2588190451025203,0,0,0,1,0,0,0,1,0
268.69,8,0,0,55,1,48,5.5972731512231935,0.8660254037844387,-0.4999999999999998,0,0,0,0,0,1,0,0,0
125.31,5,0,0,85,3,18,4.8387392027858835,0.9659258262890683,0.25881904510252074,1,0,0,1,1,0,0,0,0
24.44,18,0,0,79,3,69,3.2363227384719213,-1.0,-1.8369701987210297e-16,0,0,0,0,0,0,0,0,1
118.4,2,0,0,78,2,24,4.782479200958502,0.49999999999999994,0.8660254037844387,1,0,0,1,1,0,0,0,0
391.81,16,0,0,52,2,24,5.973326034404727,-0.8660254037844385,-0.5000000000000004,0,0,0,0,0,0,1,0,0
29.56,22,0,0,75,2,50,3.4196919642983197,-0.5000000000000004,0.8660254037844384,0,0,0,0,0,0,0,1,0
52.86,19,0,1,95,1,29,3.9863880873834527,-0.9659258262890684,0.2588190451025203,0,0,0,1,0,0,1,0,0
201.42,5,0,0,99,3,50,5.310344746760755,0.9659258262890683,0.25881904510252074,1,0,0,1,0,1,0,0,0
225.37,14,1,0,66,1,28,5.422170828715035,-0.4999999999999997,-0.8660254037844388,0,0,0,1,0,0,0,0,1
179.52,17,0,0,36,4,44,5.1958415749588,-0.9659258262890683,-0.25881904510252063,0,1,1,2,0,0,0,1,0
128.4,1,1,0,35,3,29,4.8629083820668,0.25881904510252074,0.9659258262890683,1,0,1,3,0,0,0,0,1
193.74,4,0,0,35,4,41,5.27166533555061,0.8660254037844386,0.5000000000000001,1,1,1,3,1,0,0,0,0
83.76,11,0,0,59,1,69,4.4398237334000985,0.258819045102521,-0.9659258262890682,0,0,0,0,0,0,0,0,1
440.73,0,0,0,67,2,30,6.090698835698372,0.0,1.0,1,0,0,1,0,0,0,0,1
126.5,3,0,0,92,1,38,4.848116364598481,0.7071067811865476,0.7071067811865476,1,0,0,1,1,0,0,0,0
9.58,14,0,0,54,3,59,2.3589654264301534,-0.4999999999999997,-0.8660254037844388,0,0,0,0,0,0,0,1,0
7.79,20,0,0,88,4,46,2.1736147116970854,-0.8660254037844386,0.5000000000000001,0,1,0,1,0,0,0,1,0
173.27,3,0,0,76,2,40,5.160605820672551,0.7071067811865476,0.7071067811865476,1,0,0,1,0,1,0,0,0
88.28,16,0,0,77,0,48,4.491777498633001,-0.8660254037844385,-0.5000000000000004,0,0,0,0,1,0,0,0,0
123.5,15,0,0,75,4,56,4.824305715904762,-0.7071067811865471,-0.7071067811865479,0,1,0,1,0,0,1,0,0
299.46,14,0,0,34,2,54,5.705314633634278,-0.4999999999999997,-0.8660254037844388,0,0,1,1,1,0,0,0,0
56.53,20,0,0,58,3,29,4.052306550875202,-0.8660254037844386,0.5000000000000001,0,0,0,0,1,0,0,0,0
235.48,15,0,0,67,4,62,5.465863637759837,-0.7071067811865471,-0.7071067811865479,0,1,0,1,0,0,0,1,0
41.71,7,0,0,40,3,48,3.754433084853375,0.9659258262890683,-0.25881904510252063,0,0,0,0,0,0,0,1,0
57.77,8,0,0,70,1,50,4.073631520624559,0.8660254037844387,-0.4999999999999998,0,0,0,0,0,0,1,0,0
2.17,19,0,0,97,3,41,1.1537315878891892,-0.9659258262890684,0.2588190451025203,0,0,0,0,1,0,0,0,0
349.44,4,0,0,84,5,55,5.859189507798163,0.8660254037844386,0.5000000000000001,1,1,0,2,0,0,0,0,1
49.79,7,0,0,93,3,54,3.9276994848131537,0.9659258262890683,-0.25881904510252063,0,0,0,0,0,1,0,0,0
349.74,1,0,0,90,1,60,5.8600452082411465,0.25881904510252074,0.9659258262890683,1,0,0,1,0,0,0,1,0
160.77,15,0,0,68,2,43,5.0861755733416025,-0.7071067811865471,-0.7071067811865479,0,0,0,0,0,0,1,0,0
167.24,21,1,0,57,2,44,5.1253915313944445,-0.7071067811865477,0.7071067811865474,0,0,0,1,0,0,1,0,0
6.4,10,0,0,30,2,61,2.0014800002101243,0.49999999999999994,-0.8660254037844387,0,0,1,1,0,0,0,0,1
92.63,21,0,0,45,3,35,4.539350844950798,-0.7071067811865477,0.7071067811865474,0,0,0,0,0,1,0,0,0
292.97,7,0,0,75,3,41,5.683477721315837,0.9659258262890683,-0.25881904510252063,0,0,0,0,0,0,1,0,0
282.8,2,0,0,42,2,53,5.648269764725942,0.49999999999999994,0.8660254037844387,1,0,0,1,0,0,1,0,0
357.75,2,1,0,47,0,20,5.882625767073831,0.49999999999999994,0.8660254037844387,1,0,0,2,1,0,0,0,0
274.8,2,0,0,48,1,52,5.619675965359201,0.49999999999999994,0.8660254037844387,1,0,0,1,0,0,1,0,0
38.02,22,0,0,75,1,55,3.6640743351949654,-0.5000000000000004,0.8660254037844384,0,0,0,0,0,0,1,0,0
32.99,13,0,0,69,2,61,3.5260663637080247,-0.2588190451025208,-0.9659258262890683,0,0,0,0,0,0,0,0,1
80.2,3,0,0,53,2,67,4.396915247167632,0.7071067811865476,0.7071067811865476,1,0,0,1,0,0,1,0,0
334.62,13,0,0,63,0,44,5.815979567573016,-0.2588190451025208,-0.9659258262890683,0,0,0,0,0,0,0,0,1
19.84,19,0,0,65,4,64,3.0368742168851663,-0.9659258262890684,0.2588190451025203,0,1,0,1,0,0,0,0,1
51.67,4,0,0,82,2,52,3.964046033495298,0.8660254037844386,0.5000000000000001,1,0,0,1,0,0,0,0,1
612.43,17,0,0,51,0,27,6.419066158211628,-0.9659258262890683,-0.25881904510252063,0,0,0,0,0,0,1,0,0
344.56,4,0,0,95,2,32,5.845166289490684,0.8660254037844386,0.5000000000000001,1,0,0,1,0,0,1,0,0
93.2,17,0,0,52,3,68,4.545420181582317,-0.9659258262890683,-0.25881904510252063,0,0,0,0,0,0,0,1,0
285.32,15,1,0,94,0,34,5.65711006645777,-0.7071067811865471,-0.7071067811865479,0,0,0,1,0,0,0,0,1
81.23,0,0,0,79,2,40,4.409520198982804,0.0,1.0,1,0,0,1,0,1,0,0,0
370.59,20,0,0,89,2,55,5.917791095920965,-0.8660254037844386,0.5000000000000001,0,0,0,0,0,0,0,1,0
87.08,2,0,0,78,2,68,4.478245492414424,0.49999999999999994,0.8660254037844387,1,0,0,1,0,1,0,0,0
114.23,20,0,0,96,4,54,4.746930131025923,-0.8660254037844386,0.5000000000000001,0,1,0,1,0,0,0,1,0
50.77,17,0,0,97,1,57,3.94681083091381,-0.9659258262890683,-0.25881904510252063,0,0,0,0,0,0,1,0,0
611.98,13,1,1,31,0,53,6.418332308976551,-0.2588190451025208,-0.9659258262890683,0,0,1,3,0,0,0,1,0
208.89,20,1,0,80,0,42,5.346583583957525,-0.8660254037844386,0.5000000000000001,0,0,0,1,0,1,0,0,0
91.24,3,0,0,76,2,54,4.524393875960803,0.7071067811865476,0.7071067811865476,1,0,0,1,0,1,0,0,0
82.92,23,1,0,49,2,41,4.4298639640880415,-0.25881904510252157,0.9659258262890681,0,0,0,1,0,1,0,0,0
73.51,3,0,0,47,2,42,4.310933344565636,0.7071067811865476,0.7071067811865476,1,0,0,1,0,0,1,0,0
78.97,15,1,0,29,3,48,4.381651564343798,-0.7071067811865471,-0.7071067811865479,0,0,1,2,0,0,0,0,1
145.36,5,0,0,58,0,21,4.986069340151007,0.9659258262890683,0.25881904510252074,1,0,0,1,0,0,1,0,0
34.65,1,1,0,68,0,55,3.573749146860305,0.25881904510252074,0.9659258262890683,1,0,0,2,0,0,0,0,1
135.77,21,1,0,89,4,31,4.9183006828934595,-0.7071067811865477,0.7071067811865474,0,1,0,2,0,0,0,1,0
658.29,5,0,0,47,0,58,6.491163498402223,0.9659258262890683,0.25881904510252074,1,0,0,1,1,0,0,0,0
12.29,19,0,0,35,1,26,2.587011872725154,-0.9659258262890684,0.2588190451025203,0,0,1,1,1,0,0,0,0
39.26,11,1,1,34,3,45,3.695358420211645,0.258819045102521,-0.9659258262890682,0,0,1,3,1,0,0,0,0
72.81,20,1,0,57,0,42,4.301494223781961,-0.8660254037844386,0.5000000000000001,0,0,0,1,0,1,0,0,0
237.51,19,1,0,87,2,39,5.474411238170585,-0.9659258262890684,0.2588190451025203,0,0,0,1,0,0,0,0,1
279.59,12,0,0,58,1,62,5.636894529114569,1.2246467991473532e-16,-1.0,0,0,0,0,0,0,0,0,1
7.76,13,0,0,79,3,59,2.1701959049483,-0.2588190451025208,-0.9659258262890683,0,0,0,0,1,0,0,0,0
94.84,14,0,0,28,0,64,4.562680134367139,-0.4999999999999997,-0.8660254037844388,0,0,1,1,0,0,0,0,1
171.39,4,0,0,55,2,31,5.149759351906887,0.8660254037844386,0.5000000000000001,1,0,0,1,1,0,0,0,0
118.81,16,0,0,76,2,60,4.785907154651808,-0.8660254037844385,-0.5000000000000004,0,0,0,0,0,0,1,0,0
294.35,9,0,0,32,1,49,5.688161093753244,0.7071067811865476,-0.7071067811865475,0,0,1,1,1,0,0,0,0
161.55,21,0,0,51,1,29,5.090985646749915,-0.7071067811865477,0.7071067811865474,0,0,0,0,0,0,0,0,1
431.4,6,0,0,85,0,49,6.069351085765053,1.0,6.123233995736766e-17,0,0,0,0,1,0,0,0,0
16.19,12,0,0,73,2,66,2.844327819394758,1.2246467991473532e-16,-1.0,0,0,0,0,0,0,1,0,0
224.44,17,0,0,63,1,48,5.4180540481503705,-0.9659258262890683,-0.25881904510252063,0,0,0,0,0,0,0,0,1
12.41,5,1,0,90,1,50,2.596000697293587,0.9659258262890683,0.25881904510252074,1,0,0,2,0,0,0,1,0
361.12,6,0,0,70,3,63,5.891975648607239,1.0,6.123233995736766e-17,0,0,0,0,0,0,0,0,1
9.1,13,0,0,65,3,37,2.312535423847214,-0.2588190451025208,-0.9659258262890683,0,0,0,0,0,0,0,1,0
78.16,6,1,0,80,1,62,4.371471120734365,1.0,6.123233995736766e-17,0,0,0,1,0,0,0,1,0
36.88,19,0,0,77,1,66,3.6344232683178777,-0.9659258262890684,0.2588190451025203,0,0,0,0,0,0,0,1,0
351.26,2,0,0,84,1,65,5.86436953930415,0.49999999999999994,0.8660254037844387,1,0,0,1,0,0,1,0,0
120.17,0,0,0,61,1,67,4.7971945182434315,0.0,1.0,1,0,0,1,1,0,0,0,0
47.76,13,0,0,29,6,66,3.8869103046130706,-0.2588190451025208,-0.9659258262890683,0,1,1,2,0,0,0,0,1
125.38,16,0,0,44,1,44,4.83929324134531,-0.8660254037844385,-0.5000000000000004,0,0,0,0,0,0,1,0,0
129.15,23,0,0,27,1,36,4.868687631440574,-0.25881904510252157,0.9659258262890681,0,0,1,1,0,0,1,0,0
58.36,21,0,1,55,4,27,4.083620598859125,-0.7071067811865477,0.7071067811865474,0,1,0,2,0,0,1,0,0
94.23,6,0,0,36,1,33,4.5562950182059545,1.0,6.123233995736766e-17,0,0,1,1,0,1,0,0,0
562.43,8,0,0,57,3,56,6.334043102160956,0.8660254037844387,-0.4999999999999998,0,0,0,0,1,0,0,0,0
524.43,21,0,0,50,1,32,6.264216974974207,-0.7071067811865477,0.7071067811865474,0,0,0,0,1,0,0,0,0
114.98,19,0,0,90,2,32,4.7534177624482945,-0.9659258262890684,0.2588190451025203,0,0,0,0,0,1,0,0,0
140.31,5,0,1,98,4,19,4.950956058594655,0.9659258262890683,0.25881904510252074,1,1,0,3,0,0,1,0,0
7.01,8,0,0,63,1,45,2.080690761080268,0.8660254037844387,-0.4999999999999998,0,0,0,0,1,0,0,0,0
335.06,7,0,0,89,0,36,5.817289715449796,0.9659258262890683,-0.25881904510252063,0,0,0,0,0,0,1,0,0
151.7,2,0,0,77,1,42,5.028475212224587,0.49999999999999994,0.8660254037844387,1,0,0,1,0,0,0,0,1
85.56,7,0,0,49,4,69,4.460837815098172,0.9659258262890683,-0.25881904510252063,0,1,0,1,0,0,1,0,0
179.68,14,0,0,68,1,22,5.1967275107864035,-0.4999999999999997,-0.8660254037844388,0,0,0,0,0,1,0,0,0
77.61,8,0,0,44,2,65,4.3644989178056655,0.8660254037844387,-0.4999999999999998,0,0,0,0,0,0,0,1,0
47.63,22,0,0,86,3,40,3.8842406244156944,-0.5000000000000004,0.8660254037844384,0,0,0,0,0,0,1,0,0
3.31,4,1,0,33,1,34,1.4609379041156565,0.8660254037844386,0.5000000000000001,1,0,1,3,0,0,1,0,0
22.6,17,0,0,61,3,65,3.1612467120315646,-0.9659258262890683,-0.25881904510252063,0,0,0,0,1,0,0,0,0
614.72,8,1,0,36,6,43,6.422792314741874,0.8660254037844387,-0.4999999999999998,0,1,1,3,0,0,0,1,0
0.97,20,0,0,87,1,56,0.6780335427498971,-0.8660254037844386,0.5000000000000001,0,0,0,0,1,0,0,0,0
24.0,23,0,0,65,2,53,3.2188758248682006,-0.25881904510252157,0.9659258262890681,0,0,0,0,0,0,0,1,0
28.54,6,0,0,67,0,39,3.3857452771032337,1.0,6.123233995736766e-17,0,0,0,0,0,0,0,0,1
431.84,5,1,0,81,3,19,6.070368144703448,0.9659258262890683,0.25881904510252074,1,0,0,2,0,0,0,1,0
425.5,22,0,0,65,4,45,6.055612366931734,-0.5000000000000004,0.8660254037844384,0,1,0,1,0,1,0,0,0
58.79,16,0,0,89,1,27,4.090838422892813,-0.8660254037844385,-0.5000000000000004,0,0,0,0,1,0,0,0,0
871.18,6,0,0,76,3,58,6.770995824625235,1.0,6.123233995736766e-17,0,0,0,0,0,0,1,0,0
21.63,4,0,1,43,1,59,3.119276459645446,0.8660254037844386,0.5000000000000001,1,0,0,2,0,1,0,0,0
296.08,9,0,0,79,1,56,5.694001462801095,0.7071067811865476,-0.7071067811865475,0,0,0,0,0,1,0,0,0
214.98,22,0,0,68,0,23,5.375185810804614,-0.5000000000000004,0.8660254037844384,0,0,0,0,0,0,1,0,0
79.2,15,0,0,80,2,21,4.384523514872469,-0.7071067811865471,-0.7071067811865479,0,0,0,0,1,0,0,0,0
802.54,13,0,0,46,4,54,6.689026966141337,-0.2588190451025208,-0.9659258262890683,0,1,0,1,0,0,0,0,1
290.58,5,0,0,76,5,69,5.675314410676676,0.9659258262890683,0.25881904510252074,1,1,0,2,0,1,0,0,0
108.12,8,0,0,68,0,56,4.692448194095152,0.8660254037844387,-0.4999999999999998,0,0,0,0,0,0,1,0,0
102.12,9,0,0,48,1,32,4.635893358630932,0.7071067811865476,-0.7071067811865475,0,0,0,0,0,0,1,0,0
99.42,6,0,0,67,1,40,4.609361390606559,1.0,6.123233995736766e-17,0,0,0,0,0,0,0,1,0
116.59,7,0,0,78,0,23,4.767203997835324,0.9659258262890683,-0.25881904510252063,0,0,0,0,0,0,0,0,1
195.86,2,1,0,52,1,51,5.282492816201065,0.49999999999999994,0.8660254037844387,1,0,0,2,0,0,0,1,0
108.33,22,0,0,84,3,31,4.694370831446394,-0.5000000000000004,0.8660254037844384,0,0,0,0,1,0,0,0,0
10.11,6,0,0,81,0,51,2.4078456036515385,1.0,6.123233995736766e-17,0,0,0,0,0,1,0,0,0
151.72,23,1,1,86,1,25,5.028606179417492,-0.25881904510252157,0.9659258262890681,0,0,0,2,1,0,0,0,0
40.28,5,0,0,73,2,19,3.720378121173307,0.9659258262890683,0.25881904510252074,1,0,0,1,0,0,0,1,0
166.91,21,0,0,92,4,35,5.1234281215713775,-0.7071067811865477,0.7071067811865474,0,1,0,1,0,0,0,0,1
86.38,12,1,0,56,4,26,4.47026642352329,1.2246467991473532e-16,-1.0,0,1,0,2,1,0,0,0,0
287.4,16,0,0,83,2,41,5.664348405410794,-0.8660254037844385,-0.5000000000000004,0,0,0,0,0,0,0,1,0
130.31,14,0,0,44,1,55,4.877560939870913,-0.4999999999999997,-0.8660254037844388,0,0,0,0,0,0,0,0,1
8.76,23,0,0,99,4,50,2.278292400425001,-0.25881904510252157,0.9659258262890681,0,1,0,1,0,1,0,0,0
234.49,21,0,0,54,2,46,5.461668449709889,-0.7071067811865477,0.7071067811865474,0,0,0,0,1,0,0,0,0
289.7,14,0,0,79,2,30,5.6722918075648305,-0.4999999999999997,-0.8660254037844388,0,0,0,0,1,0,0,0,0
162.03,15,0,1,55,4,53,5.093934232951563,-0.7071067811865471,-0.7071067811865479,0,1,0,2,0,0,0,0,1
20.58,12,0,0,98,1,58,3.0717669598299886,1.2246467991473532e-16,-1.0,0,0,0,0,0,1,0,0,0
341.0,2,0,0,93,2,22,5.834810737062605,0.49999999999999994,0.8660254037844387,1,0,0,1,0,0,1,0,0
2.05,4,1,0,28,0,25,1.1151415906193203,0.8660254037844386,0.5000000000000001,1,0,1,3,0,0,0,0,1
35.54,18,0,0,73,4,63,3.5984075509498608,-1.0,-1.8369701987210297e-16,0,1,0,1,0,0,1,0,0
204.85,22,0,0,25,2,47,5.327147748215913,-0.5000000000000004,0.8660254037844384,0,0,1,1,0,1,0,0,0
40.2,10,1,1,38,4,59,3.7184382563554808,0.49999999999999994,-0.8660254037844387,0,1,1,4,0,0,0,1,0
454.89,0,0,0,27,2,48,6.12225155234404,0.0,1.0,1,0,1,2,0,0,1,0,0
222.23,12,0,0,86,1,53,5.408202630077279,1.2246467991473532e-16,-1.0,0,0,0,0,0,0,0,1,0
257.31,17,0,0,55,3,59,5.5541604140252625,-0.9659258262890683,-0.25881904510252063,0,0,0,0,0,0,0,0,1
122.97,17,0,0,28,0,21,4.8200396008500555,-0.9659258262890683,-0.25881904510252063,0,0,1,1,0,1,0,0,0
77.22,12,0,0,26,1,20,4.359525369327368,1.2246467991473532e-16,-1.0,0,0,1,1,0,1,0,0,0
166.65,6,0,0,91,0,63,5.121878472912238,1.0,6.123233995736766e-17,0,0,0,0,1,0,0,0,0
206.53,10,0,0,58,3,34,5.3352759075335685,0.49999999999999994,-0.8660254037844387,0,0,0,0,0,0,1,0,0
297.82,12,0,0,51,0,63,5.699841385422939,1.2246467991473532e-16,-1.0,0,0,0,0,0,0,0,0,1
195.16,16,0,0,28,0,69,5.278930652747847,-0.8660254037844385,-0.5000000000000004,0,0,1,1,0,0,0,0,1
151.48,9,0,0,63,1,29,5.027033439905892,0.7071067811865476,-0.7071067811865475,0,0,0,0,0,0,0,1,0
201.88,23,0,0,97,0,38,5.312614671248861,-0.25881904510252157,0.9659258262890681,0,0,0,0,0,0,0,0,1
892.23,17,0,0,87,1,59,6.794844106504521,-0.9659258262890683,-0.25881904510252063,0,0,0,0,0,1,0,0,0
248.28,11,0,0,69,0,69,5.518576762682383,0.258819045102521,-0.9659258262890682,0,0,0,0,0,1,0,0,0
306.09,17,0,0,88,3,66,5.727140864233436,-0.9659258262890683,-0.25881904510252063,0,0,0,0,0,0,0,0,1
46.74,16,0,0,66,1,35,3.865769620910684,-0.8660254037844385,-0.5000000000000004,0,0,0,0,0,0,0,1,0
264.86,21,0,0,84,3,66,5.582969854439453,-0.7071067811865477,0.7071067811865474,0,0,0,0,0,0,0,0,1
92.56,2,0,0,51,3,57,4.538602941715978,0.49999999999999994,0.8660254037844387,1,0,0,1,0,0,0,0,1
9.76,3,0,0,43,0,40,2.3758355547336385,0.7071067811865476,0.7071067811865476,1,0,0,1,0,0,1,0,0
159.51,6,0,0,27,2,67,5.078356245925126,1.0,6.123233995736766e-17,0,0,1,1,1,0,0,0,0
39.52,12,0,0,60,3,64,3.7017956793804827,1.2246467991473532e-16,-1.0,0,0,0,0,0,1,0,0,0
106.95,2,1,0,64,4,47,4.681668156960816,0.49999999999999994,0.8660254037844387,1,1,0,3,0,0,1,0,0
18.79,5,0,0,95,0,69,2.9851767596144745,0.9659258262890683,0.25881904510252074,1,0,0,1,0,0,1,0,0
23.4,1,0,1,95,5,23,3.1945831322991562,0.25881904510252074,0.9659258262890683,1,1,0,3,0,1,0,0,0
266.31,12,0,0,82,2,31,5.588409033593616,1.2246467991473532e-16,-1.0,0,0,0,0,0,0,0,1,0
112.7,11,0,0,30,0,46,4.73356340075649,0.258819045102521,-0.9659258262890682,0,0,1,1,0,0,0,0,1
148.25,23,0,0,78,2,18,5.0056227522727115,-0.25881904510252157,0.9659258262890681,0,0,0,0,1,0,0,0,0
248.21,10,0,0,26,0,36,5.51829591451909,0.49999999999999994,-0.8660254037844387,0,0,1,1,0,1,0,0,0
540.6,1,0,0,96,1,40,6.294527721598065,0.25881904510252074,0.9659258262890683,1,0,0,1,0,0,0,0,1
257.1,10,0,0,84,5,49,5.553347106724568,0.49999999999999994,-0.8660254037844387,0,1,0,1,0,0,1,0,0
34.93,16,0,0,80,4,46,3.581572601125427,-0.8660254037844385,-0.5000000000000004,0,1,0,1,0,0,0,0,1
119.05,18,0,0,94,1,27,4.7879083226672625,-1.0,-1.8369701987210297e-16,0,0,0,0,0,0,1,0,0
861.89,14,0,0,50,2,61,6.760287220618741,-0.4999999999999997,-0.8660254037844388,0,0,0,0,0,0,0,0,1
19.12,3,0,0,50,3,48,3.0017143452315387,0.7071067811865476,0.7071067811865476,1,0,0,1,1,0,0,0,0
274.15,7,0,0,58,3,45,5.617316403505768,0.9659258262890683,-0.25881904510252063,0,0,0,0,0,0,1,0,0
23.52,16,1,0,59,0,60,3.1994891110680106,-0.8660254037844385,-0.5000000000000004,0,0,0,1,1,0,0,0,0
20.19,7,0,0,82,2,40,3.0535293722802077,0.9659258262890683,-0.25881904510252063,0,0,0,0,0,0,0,1,0
297.19,19,0,0,83,1,52,5.697730867227766,-0.9659258262890684,0.2588190451025203,0,0,0,0,1,0,0,0,0
367.38,12,1,0,26,3,33,5.909115014090957,1.2246467991473532e-16,-1.0,0,0,1,2,0,0,1,0,0
224.84,7,0,0,56,0,31,5.419826783945234,0.9659258262890683,-0.25881904510252063,0,0,0,0,0,1,0,0,0
323.59,23,0,0,41,4,28,5.782562847458682,-0.25881904510252157,0.9659258262890681,0,1,0,1,0,0,0,1,0
76.63,10,0,0,60,2,53,4.351953950417589,0.49999999999999994,-0.8660254037844387,0,0,0,0,0,0,0,1,0
93.86,15,0,1,69,1,67,4.552402120449436,-0.7071067811865471,-0.7071067811865479,0,0,0,1,0,0,1,0,0
221.11,14,0,0,39,3,38,5.403172754650417,-0.4999999999999997,-0.8660254037844388,0,0,1,1,0,1,0,0,0
318.09,9,0,0,29,1,46,5.765473194654634,0.7071067811865476,-0.7071067811865475,0,0,1,1,0,1,0,0,0
170.73,7,0,0,90,1,61,5.145923475995771,0.9659258262890683,-0.25881904510252063,0,0,0,0,0,0,1,0,0
73.44,10,0,0,44,0,42,4.30999343177405,0.49999999999999994,-0.8660254037844387,0,0,0,0,0,1,0,0,0
87.1,9,0,0,64,2,53,4.478472532942134,0.7071067811865476,-0.7071067811865475,0,0,0,0,0,0,0,1,0
137.75,9,0,0,25,3,36,4.932673752626544,0.7071067811865476,-0.7071067811865475,0,0,1,1,0,0,1,0,0
224.91,7,0,0,48,3,65,5.420136689869131,0.9659258262890683,-0.25881904510252063,0,0,0,0,0,0,0,1,0
125.9,2,1,0,51,0,33,4.843399374720342,0.49999999999999994,0.8660254037844387,1,0,0,2,1,0,0,0,0
29.23,0,1,0,25,2,58,3.408834808791367,0.0,1.0,1,0,1,3,0,0,0,1,0
260.24,0,0,0,62,2,66,5.565439525034456,0.0,1.0,1,0,0,1,0,0,0,1,0
618.78,7,0,0,42,0,48,6.429364576359308,0.9659258262890683,-0.25881904510252063,0,0,0,0,1,0,0,0,0
119.55,13,0,1,80,1,53,4.79206460462718,-0.2588190451025208,-0.9659258262890683,0,0,0,1,0,0,1,0,0
50.98,8,1,0,52,6,62,3.950859029213344,0.8660254037844387,-0.4999999999999998,0,1,0,2,0,1,0,0,0
627.04,12,0,0,26,2,34,6.44260385870732,1.2246467991473532e-16,-1.0,0,0,1,1,1,0,0,0,0
102.4,4,0,0,25,5,48,4.638604962074329,0.8660254037844386,0.5000000000000001,1,1,1,3,0,0,0,0,1
79.72,6,0,0,57,2,56,4.390986376045354,1.0,6.123233995736766e-17,0,0,0,0,0,0,1,0,0
46.98,5,0,0,73,1,53,3.8707842574115485,0.9659258262890683,0.25881904510252074,1,0,0,1,0,1,0,0,0
38.82,11,0,0,57,0,63,3.6843692986360503,0.258819045102521,-0.9659258262890682,0,0,0,0,0,0,0,1,0
91.23,1,1,0,97,2,67,4.524285457247627,0.25881904510252074,0.9659258262890683,1,0,0,2,1,0,0,0,0
354.06,6,0,0,25,3,56,5.872286789278651,1.0,6.123233995736766e-17,0,0,1,1,0,1,0,0,0
237.43,7,0,0,97,1,36,5.474075766200316,0.9659258262890683,-0.25881904510252063,0,0,0,0,1,0,0,0,0
142.37,5,0,0,68,3,47,4.965428701258176,0.9659258262890683,0.25881904510252074,1,0,0,1,0,1,0,0,0
38.85,19,0,1,44,3,40,3.685122405236224,-0.9659258262890684,0.2588190451025203,0,0,0,1,0,0,1,0,0
10.13,20,0,0,58,3,36,2.4096441652874536,-0.8660254037844386,0.5000000000000001,0,0,0,0,1,0,0,0,0
487.1,19,0,0,83,6,67,6.190520302893102,-0.9659258262890684,0.2588190451025203,0,1,0,1,0,0,0,0,1
268.92,5,0,0,46,1,50,5.598125618797658,0.9659258262890683,0.25881904510252074,1,0,0,1,0,0,0,1,0
374.82,15,1,0,76,1,32,5.929110305361006,-0.7071067811865471,-0.7071067811865479,0,0,0,1,0,0,1,0,0
15.85,8,0,0,88,1,30,2.8243506567983707,0.8660254037844387,-0.4999999999999998,0,0,0,0,1,0,0,0,0
